# Blender v2.83.8 OBJ File: 'b52h-assembly.blend'
# www.blender.org
mtllib b52h-CPU-ver2021-11-27.mtl
o b52-airframe
v 177.410309 12.257576 7.924564
v 180.403259 12.211483 3.114535
v 177.534195 13.720181 2.544924
v 177.410309 12.257576 -7.924564
v 177.534195 13.720181 -2.544922
v 180.403259 12.211483 -3.114534
v -129.681824 -17.922104 10.937671
v -124.275307 -18.015816 10.775357
v -129.681824 -18.109528 10.613043
v -124.275307 -18.015816 10.775357
v -124.275307 -19.786701 11.797779
v -129.681824 -18.109528 10.613043
v -129.681824 -18.109528 10.613043
v -124.275307 -19.786701 11.797779
v -129.681824 -22.982014 13.642592
v -129.681824 -22.982014 13.642592
v -124.275307 -19.786701 11.797779
v -129.681824 -17.922104 10.937671
v -129.681824 -17.922104 10.937671
v -124.275307 -19.786701 11.797779
v -124.275307 -18.015816 10.775357
v -129.681824 -22.982014 13.642592
v -129.681824 -17.922104 10.937671
v -129.681824 -18.109528 10.613043
v -129.681824 -22.982014 -13.642594
v -129.681824 -17.922104 -10.937673
v -124.275307 -19.786701 -11.797780
v 181.825058 6.756306 9.731808
v 186.490265 6.844595 3.420529
v 181.320908 11.454075 3.302403
v 177.977859 11.380376 8.282231
v 175.045013 11.427758 10.178693
v 175.130920 6.623202 12.447873
v 176.950653 11.436059 9.054702
v 180.672424 6.776860 10.534508
v 173.892532 11.212507 10.706748
v 169.341476 6.986705 13.359461
v 173.892532 6.930911 12.795461
v 169.342743 11.247655 11.390100
v 181.320908 11.454075 -3.302403
v 181.825058 6.756307 -9.731808
v 177.977859 11.380376 -8.282229
v 186.490265 6.844595 -3.420529
v 176.950653 11.436059 -9.054700
v 175.130920 6.623203 -12.447874
v 175.045013 11.427758 -10.178691
v 180.672424 6.776861 -10.534508
v 173.892532 11.212507 -10.706746
v 169.341476 6.986706 -13.359461
v 169.342743 11.247657 -11.390098
v 173.892532 6.930912 -12.795462
v 186.943359 6.805399 -2.382036
v 181.818497 11.527010 -2.314806
v 186.943359 6.805399 2.382037
v 181.818497 11.527010 2.314807
v -290.212891 2.387710 -0.710228
v -281.198730 2.387710 0.710232
v -281.198730 2.387710 -0.710228
v -290.212891 2.387710 0.710232
v -290.212891 2.387710 -0.710228
v -290.212891 0.967300 0.710232
v -290.212891 2.387710 0.710232
v -290.212891 0.967300 -0.710232
v -290.212891 0.967300 0.710232
v -281.198761 0.967300 -0.710232
v -281.198730 0.967300 0.710232
v -290.212891 0.967300 -0.710232
v -281.198761 0.967300 -0.710232
v -290.212891 2.387710 -0.710228
v -281.198730 2.387710 -0.710228
v -290.212891 0.967300 -0.710232
v -290.212891 2.387710 0.710232
v -290.212891 0.967300 0.710232
v -281.198730 2.387710 0.710232
v -281.198730 0.967300 0.710232
v -129.681824 -22.982014 -13.642594
v -124.275307 -19.786701 -11.797780
v -129.681824 -18.109528 -10.613046
v -124.275307 -18.015816 -10.775359
v -69.229134 0.728544 -235.380661
v -61.521580 -5.211791 -235.380661
v -62.642681 -5.455380 -236.027924
v -69.907440 0.295669 -235.947296
v -70.638283 -7.161019 -236.549408
v -80.744400 -1.825135 -236.549408
v -85.682175 -8.866653 -236.201553
v -93.717171 -1.478485 -236.201553
v -98.113167 -8.866652 -235.380646
v -106.148163 -1.005641 -235.380661
v -61.521580 -5.211791 -235.380661
v -69.229134 0.728544 -235.380661
v -62.642681 -5.455382 -234.733398
v -68.933876 0.295757 -234.652771
v -70.638283 -7.161019 -234.211929
v -80.748665 -1.825135 -234.211929
v -85.682175 -8.866652 -234.559769
v -93.717171 -1.478483 -234.559769
v -98.113167 -8.866652 -235.380646
v -106.148163 -1.005641 -235.380661
v 72.947517 -9.147673 -114.647339
v 67.528648 -7.761637 -113.976250
v 72.947517 -9.735115 -112.201591
v 67.528648 -7.761640 -110.569130
v 72.947517 -9.147673 -110.016014
v 73.816902 -7.738668 -108.378578
v 67.528648 -5.306326 -108.159927
v 74.686287 -5.810149 -106.741142
v 74.524666 -1.181607 -106.741142
v 76.904060 -3.415619 -106.023933
v 67.528648 -1.901254 -108.159920
v 73.295517 0.613805 -108.175377
v 67.528648 0.458869 -110.569138
v 72.557381 2.026522 -110.015999
v 72.557381 2.561304 -112.309074
v 67.528648 0.458867 -113.976280
v 72.557381 2.026520 -114.647354
v 72.615532 0.765378 -116.587265
v 67.528648 -1.948850 -116.385475
v 72.671638 -1.246305 -117.922203
v 72.756500 -3.676651 -118.422783
v 67.528648 -5.353920 -116.385483
v 72.833260 -5.874846 -117.922180
v 72.889366 -7.975269 -116.716698
v 67.528648 -7.761637 -113.976250
v 72.947517 -9.147673 -114.647339
v 13.073322 -14.223090 -194.104614
v 7.654453 -12.837054 -193.433533
v 13.073322 -14.810533 -191.658875
v 7.654453 -12.837057 -190.026413
v 13.073322 -14.223090 -189.473297
v 13.942707 -12.814086 -187.835861
v 7.654453 -10.381743 -187.617218
v 14.812092 -10.885567 -186.198425
v 14.650471 -6.257025 -186.198425
v 17.029865 -8.491036 -185.481216
v 7.654453 -6.976672 -187.617203
v 13.421322 -4.461613 -187.632660
v 7.654453 -4.616549 -190.026428
v 12.683186 -3.048896 -189.473282
v 12.683186 -2.514114 -191.766357
v 7.654453 -4.616551 -193.433563
v 12.683186 -3.048897 -194.104645
v 12.741337 -4.310040 -196.044556
v 7.654453 -7.024268 -195.842758
v 12.797443 -6.321723 -197.379486
v 12.882305 -8.752069 -197.880066
v 7.654453 -10.429338 -195.842773
v 12.959064 -10.950264 -197.379456
v 13.015171 -13.050687 -196.173981
v 7.654453 -12.837054 -193.433533
v 13.073322 -14.223090 -194.104614
v 189.812347 4.967692 -1.658572
v 193.337677 4.537695 -1.484444
v 193.927994 2.776662 -1.488064
v 194.158646 4.432158 -1.207426
v 194.749573 2.343204 -1.207005
v 194.929688 4.338389 0.000001
v 195.518600 2.087291 0.000001
v 194.749573 2.343204 1.207006
v 194.158646 4.432158 1.207429
v 193.927994 2.776662 1.488066
v 193.337677 4.537695 1.484446
v 189.812347 4.967692 1.658574
v -129.681824 -22.982014 -13.642594
v -129.681824 -18.109528 -10.613046
v -129.681824 -17.922104 -10.937673
v -124.275307 -18.015816 -10.775359
v -124.275307 -19.786701 -11.797780
v -61.521580 -5.211812 235.380661
v -69.229134 0.728523 235.380661
v -62.642681 -5.455401 236.027924
v -69.907440 0.295648 235.947296
v -70.638283 -7.161040 236.549408
v -80.744400 -1.825156 236.549408
v -85.682175 -8.866674 236.201553
v -93.717171 -1.478506 236.201553
v -98.113167 -8.866673 235.380646
v -106.148163 -1.005661 235.380661
v -69.229134 0.728523 235.380661
v -61.521580 -5.211812 235.380661
v -62.642681 -5.455403 234.733398
v -68.933876 0.295737 234.652771
v -70.638283 -7.161039 234.211929
v -80.748665 -1.825156 234.211929
v -85.682175 -8.866673 234.559769
v -93.717171 -1.478504 234.559769
v -98.113167 -8.866673 235.380646
v -106.148163 -1.005661 235.380661
v 72.947517 -9.147680 97.400528
v 67.528648 -7.761647 98.071617
v 72.947517 -9.735123 99.846275
v 67.528648 -7.761649 101.478729
v 72.947517 -9.147681 102.031853
v 73.816902 -7.738676 103.669289
v 67.528648 -5.306334 103.887947
v 74.686287 -5.810158 105.306725
v 74.524666 -1.181618 105.306725
v 76.904060 -3.415628 106.023933
v 67.528648 -1.901262 103.887939
v 73.295517 0.613798 103.872490
v 67.528648 0.458855 101.478729
v 72.557381 2.026511 102.031868
v 72.557381 2.561297 99.738792
v 67.528648 0.458858 98.071587
v 72.557381 2.026512 97.400520
v 72.615532 0.765369 95.460594
v 67.528648 -1.948859 95.662392
v 72.671638 -1.246315 94.125664
v 72.756500 -3.676660 93.625084
v 67.528648 -5.353931 95.662392
v 72.833260 -5.874854 94.125679
v 72.889366 -7.975280 95.331169
v 67.528648 -7.761647 98.071617
v 72.947517 -9.147680 97.400528
v 13.073322 -14.223105 176.857819
v 7.654453 -12.837071 177.528900
v 13.073322 -14.810547 179.303558
v 7.654453 -12.837073 180.936005
v 13.073322 -14.223105 181.489136
v 13.942707 -12.814100 183.126572
v 7.654453 -10.381759 183.345230
v 14.812092 -10.885582 184.764008
v 14.650471 -6.257043 184.764008
v 17.029865 -8.491054 185.481216
v 7.654453 -6.976687 183.345215
v 13.421322 -4.461627 183.329773
v 7.654453 -4.616570 180.936005
v 12.683186 -3.048914 181.489151
v 12.683186 -2.514128 179.196075
v 7.654453 -4.616567 177.528870
v 12.683186 -3.048913 176.857803
v 12.741337 -4.310056 174.917877
v 7.654453 -7.024284 175.119675
v 12.797443 -6.321740 173.582947
v 12.882305 -8.752085 173.082367
v 7.654453 -10.429356 175.119675
v 12.959064 -10.950278 173.582962
v 13.015171 -13.050705 174.788452
v 7.654453 -12.837071 177.528900
v 13.073322 -14.223105 176.857819
v 72.947517 -9.147673 -97.400528
v 72.947517 -9.735113 -99.846275
v 67.528648 -7.761638 -98.071617
v 67.528648 -7.761640 -101.478729
v 72.947517 -9.147672 -102.031853
v 73.816902 -7.738667 -103.669289
v 67.528648 -5.306325 -103.887947
v 74.686287 -5.810148 -105.306725
v 74.524666 -1.181609 -105.306725
v 76.904060 -3.415619 -106.023933
v 67.528648 -1.901253 -103.887939
v 73.295517 0.613807 -103.872490
v 67.528648 0.458864 -101.478729
v 72.557381 2.026520 -102.031868
v 72.557381 2.561305 -99.738792
v 67.528648 0.458866 -98.071587
v 72.557381 2.026521 -97.400520
v 72.615532 0.765377 -95.460594
v 67.528648 -1.948851 -95.662392
v 72.671638 -1.246307 -94.125664
v 72.756500 -3.676652 -93.625084
v 67.528648 -5.353922 -95.662392
v 72.833260 -5.874845 -94.125679
v 72.889366 -7.975272 -95.331169
v 67.528648 -7.761638 -98.071617
v 72.947517 -9.147673 -97.400528
v 13.073322 -14.223090 -176.857819
v 13.073322 -14.810532 -179.303558
v 7.654453 -12.837056 -177.528900
v 7.654453 -12.837058 -180.936005
v 13.073322 -14.223090 -181.489136
v 13.942707 -12.814085 -183.126572
v 7.654453 -10.381743 -183.345230
v 14.812092 -10.885567 -184.764008
v 14.650471 -6.257027 -184.764008
v 17.029865 -8.491036 -185.481216
v 7.654453 -6.976671 -183.345215
v 13.421322 -4.461611 -183.329773
v 7.654453 -4.616553 -180.936005
v 12.683186 -3.048898 -181.489151
v 12.683186 -2.514112 -179.196075
v 7.654453 -4.616552 -177.528870
v 12.683186 -3.048897 -176.857803
v 12.741337 -4.310041 -174.917877
v 7.654453 -7.024269 -175.119675
v 12.797443 -6.321724 -173.582947
v 12.882305 -8.752069 -173.082367
v 7.654453 -10.429340 -175.119675
v 12.959064 -10.950263 -173.582962
v 13.015171 -13.050690 -174.788452
v 7.654453 -12.837056 -177.528900
v 13.073322 -14.223090 -176.857819
v 164.770630 11.182468 11.794518
v 167.681244 7.132813 13.408911
v 167.681000 11.198362 11.605157
v 164.768036 7.116184 13.554775
v 163.588287 10.403280 12.156622
v 163.578308 7.699100 13.327346
v 162.872025 8.807878 12.862231
v 167.681244 7.132814 -13.408911
v 164.770630 11.182469 -11.794516
v 167.681000 11.198364 -11.605155
v 164.768036 7.116185 -13.554775
v 163.588287 10.403282 -12.156622
v 163.578308 7.699101 -13.327345
v 162.872025 8.807880 -12.862232
v 174.556549 -18.125849 10.386492
v 180.364471 -16.225355 7.757097
v 178.717651 -15.348042 9.318015
v 174.557449 -15.203908 10.690461
v 170.327042 -19.825668 10.913631
v 158.731964 -18.037756 12.105471
v 158.729126 -21.225832 11.840286
v 150.983521 -19.994425 11.270201
v 170.327179 -22.293232 10.695345
v 158.728180 -23.594763 10.914027
v 142.663086 -22.046360 9.508636
v 170.327271 -23.882820 10.050299
v 158.727783 -24.350067 9.231570
v 142.663086 -22.046360 9.508636
v 170.327301 -24.671692 8.273106
v 158.728806 -23.785482 7.650224
v 170.327255 -23.891756 6.533358
v 170.327179 -22.304319 5.807380
v 158.731964 -21.874634 6.792054
v 142.663086 -22.046360 9.508636
v 170.327026 -19.822962 5.462564
v 174.556549 -18.125849 -10.386494
v 178.717651 -15.348042 -9.318017
v 180.364471 -16.225355 -7.757098
v 174.557449 -15.203908 -10.690463
v 170.327042 -19.825668 -10.913633
v 158.731964 -18.037756 -12.105473
v 158.729126 -21.225832 -11.840288
v 150.983521 -19.994425 -11.270203
v 170.327179 -22.293232 -10.695347
v 158.728180 -23.594763 -10.914028
v 142.663086 -22.046360 -9.508638
v 170.327271 -23.882820 -10.050301
v 158.727783 -24.350067 -9.231571
v 142.663086 -22.046360 -9.508638
v 170.327301 -24.671692 -8.273108
v 158.728806 -23.785482 -7.650226
v 170.327255 -23.891756 -6.533360
v 170.327179 -22.304319 -5.807382
v 158.731964 -21.874634 -6.792056
v 142.663086 -22.046360 -9.508638
v 170.327026 -19.822962 -5.462565
v -279.354248 -1.649521 1.975871
v -279.354248 -1.649521 -1.975871
v -279.354248 -2.314180 -0.000000
v -279.354248 -0.175017 3.240473
v -279.354248 -0.175016 -3.240474
v -279.354248 1.939884 -3.723850
v -279.354248 1.939884 3.723849
v -279.354279 4.208522 -3.183096
v -279.354279 4.208522 3.183098
v -279.354309 5.730358 2.035054
v -279.354309 5.730358 -2.035054
v -279.356171 6.440016 0.000000
v 72.947517 -9.147682 114.647339
v 72.947517 -9.735125 112.201591
v 67.528648 -7.761646 113.976250
v 67.528648 -7.761649 110.569130
v 72.947517 -9.147682 110.016014
v 73.816902 -7.738678 108.378578
v 67.528648 -5.306335 108.159927
v 74.686287 -5.810159 106.741142
v 74.524666 -1.181616 106.741142
v 76.904060 -3.415628 106.023933
v 67.528648 -1.901264 108.159920
v 73.295517 0.613796 108.175377
v 67.528648 0.458859 110.569138
v 72.557381 2.026513 110.015999
v 72.557381 2.561294 112.309074
v 67.528648 0.458857 113.976280
v 72.557381 2.026510 114.647354
v 72.615532 0.765368 116.587265
v 67.528648 -1.948860 116.385475
v 72.671638 -1.246315 117.922203
v 72.756500 -3.676661 118.422783
v 67.528648 -5.353931 116.385483
v 72.833260 -5.874856 117.922180
v 72.889366 -7.975279 116.716698
v 67.528648 -7.761646 113.976250
v 72.947517 -9.147682 114.647339
v 13.073322 -14.223107 194.104614
v 13.073322 -14.810550 191.658875
v 7.654453 -12.837071 193.433533
v 7.654453 -12.837074 190.026413
v 13.073322 -14.223107 189.473297
v 13.942707 -12.814103 187.835861
v 7.654453 -10.381761 187.617218
v 14.812092 -10.885584 186.198425
v 14.650471 -6.257041 186.198425
v 17.029865 -8.491054 185.481216
v 7.654453 -6.976688 187.617203
v 13.421322 -4.461629 187.632660
v 7.654453 -4.616566 190.026428
v 12.683186 -3.048912 189.473282
v 12.683186 -2.514131 191.766357
v 7.654453 -4.616568 193.433563
v 12.683186 -3.048914 194.104645
v 12.741337 -4.310057 196.044556
v 7.654453 -7.024285 195.842758
v 12.797443 -6.321740 197.379486
v 12.882305 -8.752086 197.880066
v 7.654453 -10.429356 195.842773
v 12.959064 -10.950281 197.379456
v 13.015171 -13.050704 196.173981
v 7.654453 -12.837071 193.433533
v 13.073322 -14.223107 194.104614
v 142.663086 -19.530209 13.548650
v 75.652916 -17.693132 14.345462
v 75.652924 -19.496136 13.489081
v 142.663086 -15.676759 15.490714
v 43.587975 -17.684526 14.288054
v -72.186829 -19.420963 13.357657
v 43.587975 -19.479832 13.460577
v -72.186829 -17.653446 14.080775
v -104.513313 -17.644768 14.022900
v -112.871307 -19.400276 13.321492
v -104.513313 -19.404528 13.328922
v -112.871307 -17.642525 14.007936
v -131.107742 -17.694433 12.824244
v -112.871307 -15.676759 14.775617
v -131.107742 -13.867042 13.625721
v -148.167297 -15.692876 11.931665
v -112.871307 6.238769 14.767363
v 142.663086 6.238769 15.011571
v 142.663086 12.135906 12.332011
v -148.167297 -12.110690 12.664397
v -230.980865 -5.169398 6.828256
v -131.106567 7.126148 13.799349
v -112.871307 12.160517 12.332011
v -112.871307 14.986455 8.782343
v 142.663086 14.986458 8.782336
v -131.115707 12.641374 11.391832
v -148.170853 7.580999 12.661678
v -131.115707 15.131210 8.480663
v -112.871307 17.054062 4.263634
v 142.663086 17.054062 4.263640
v 142.663086 17.899780 0.000001
v -148.182404 13.044362 10.100383
v -131.115707 17.211544 4.206342
v -230.960114 12.324451 5.912680
v -148.182404 15.275186 7.524273
v -230.960022 15.543411 5.002767
v -230.960022 15.543411 5.002767
v -262.234741 14.376660 3.311360
v -262.240631 16.624601 2.797333
v -262.287323 5.849880 3.982857
v -276.090271 -1.263703 3.923085
v -276.097870 15.304883 2.538568
v -276.097870 16.626961 2.231556
v -276.089447 7.056232 2.552191
v -279.354248 1.939884 3.723849
v -279.354248 -0.175017 3.240473
v -276.091095 5.078065 3.976499
v -279.354279 4.208522 3.183098
v -279.354309 5.730358 2.035054
v -276.086151 7.892467 0.000001
v -279.356171 6.440016 0.000000
v -230.960358 17.371180 2.650318
v -262.240631 16.624601 2.797333
v -148.182404 17.369932 3.656544
v -262.246552 17.633160 1.522783
v -276.097870 16.626961 2.231556
v -276.097870 17.578453 1.312599
v -148.182404 17.902048 0.000001
v -262.246552 17.909201 0.000001
v -276.097870 17.923771 0.000001
v -276.097870 17.578453 -1.312598
v -230.960358 17.907040 0.000001
v -262.246552 17.633160 -1.522781
v -276.097870 16.612263 -2.231555
v -262.240631 16.624601 -2.797331
v -230.960358 17.371180 -2.650316
v -230.960022 15.543411 -5.002766
v -148.182404 17.369932 -3.656543
v -148.182404 15.275186 -7.524273
v -148.182404 13.044362 -10.100381
v -131.115707 17.900894 0.000001
v -131.115707 17.211544 -4.206340
v -112.871307 17.899780 0.000001
v -112.871307 17.054062 -4.263632
v 142.663086 17.054062 -4.263639
v -131.115707 15.131210 -8.480661
v -112.871307 14.986455 -8.782341
v 142.663086 14.986458 -8.782334
v 142.663086 12.135908 -12.332009
v -131.115707 12.641376 -11.391830
v -112.871307 12.160519 -12.332009
v -112.871307 6.238770 -14.767363
v 142.663086 6.238770 -15.011571
v -131.106567 7.126149 -13.799349
v -148.170853 7.581000 -12.661678
v -230.960114 12.324451 -5.912679
v -230.960022 15.543411 -5.002766
v -148.167297 -12.110688 -12.664399
v -262.234741 14.376660 -3.311359
v -262.240631 16.624601 -2.797331
v -276.097870 16.612263 -2.231555
v -276.097870 15.304883 -2.538566
v -276.089447 7.056232 -2.552190
v -230.980865 -5.169397 -6.828257
v -262.287323 5.849880 -3.982857
v -148.167297 -15.692874 -11.931667
v -276.090271 -1.263702 -3.923085
v -131.107742 -13.867040 -13.625724
v -131.107742 -17.694433 -12.824245
v -112.871307 -15.676757 -14.775619
v -112.871307 -19.400276 -13.321493
v -279.354248 -0.175016 -3.240474
v -279.354248 1.939884 -3.723850
v -85.301865 -17.429302 -14.146241
v -85.301865 -19.414295 -13.346001
v -276.091095 5.078065 -3.976499
v -279.354279 4.208522 -3.183096
v -279.354309 5.730358 -2.035054
v -276.086151 7.892467 0.000001
v -279.356171 6.440016 0.000000
v -85.301865 -15.676757 -14.852771
v -53.048279 -15.676757 -14.943030
v -53.048279 -17.436991 -14.207622
v 62.766548 -17.464603 -14.428027
v -53.048279 -19.430695 -13.374673
v 62.766548 -19.489584 -13.477629
v 95.035973 -15.676757 -15.357434
v 95.035973 -17.472298 -14.489438
v 142.663086 -15.676757 -15.490716
v 95.035973 -17.472298 -14.489438
v 142.663086 -19.530209 -13.548653
v 95.035973 -19.505991 -13.506314
v 26.462549 -3.412859 -97.259575
v 29.589352 -1.500725 -100.035843
v 26.333933 -2.274348 -100.035843
v 29.724161 -2.694062 -97.125877
v 30.049625 -5.575039 -95.920540
v 26.773060 -6.161468 -96.109619
v 30.375090 -8.456017 -97.125877
v 27.083570 -8.910078 -97.259575
v 27.212187 -10.048589 -100.035843
v 30.509899 -9.649353 -100.035843
v 30.375090 -8.456017 -102.945801
v 27.083570 -8.910077 -102.812103
v 26.773046 -6.161470 -103.962059
v 30.049610 -5.575043 -104.151138
v 26.462545 -3.412860 -102.812103
v 29.724157 -2.694066 -102.945801
v 29.589352 -1.500725 -100.035843
v 26.333933 -2.274348 -100.035843
v 26.773046 -6.161470 -103.962059
v 27.083570 -8.910077 -102.812103
v 32.403793 -5.176368 -100.035851
v 27.212187 -10.048589 -100.035843
v 27.083570 -8.910078 -97.259575
v 26.773060 -6.161468 -96.109619
v 26.462545 -3.412860 -102.812103
v 26.773046 -6.161470 -103.962059
v 32.403793 -5.176368 -100.035851
v 26.333933 -2.274348 -100.035843
v 26.462549 -3.412859 -97.259575
v 26.773060 -6.161468 -96.109619
v 26.462549 -3.325166 -109.063828
v 29.591839 -1.367552 -111.939247
v 26.333933 -2.145994 -111.939247
v 29.725920 -2.596829 -108.941643
v 30.049625 -5.564567 -107.700012
v 26.773060 -6.171940 -107.872803
v 30.373331 -8.532305 -108.941643
v 27.083570 -9.018713 -109.063828
v 27.212187 -10.197886 -111.939247
v 30.507412 -9.761583 -111.939247
v 30.373331 -8.532307 -114.936852
v 27.083570 -9.018712 -114.814659
v 26.773046 -6.171941 -116.005684
v 30.049610 -5.564569 -116.178467
v 26.462545 -3.325165 -114.814667
v 29.725916 -2.596830 -114.936852
v 29.591839 -1.367552 -111.939247
v 26.333933 -2.145994 -111.939247
v 26.773046 -6.171941 -116.005684
v 27.083570 -9.018712 -114.814659
v 32.403793 -5.151658 -111.939270
v 27.212187 -10.197886 -111.939247
v 27.083570 -9.018713 -109.063828
v 26.773060 -6.171940 -107.872803
v 26.462545 -3.325165 -114.814667
v 26.773046 -6.171941 -116.005684
v 32.403793 -5.151658 -111.939270
v 26.333933 -2.145994 -111.939247
v 26.462549 -3.325166 -109.063828
v 26.773060 -6.171940 -107.872803
v -33.411644 -8.488276 -176.716858
v -30.284843 -6.576143 -179.493134
v -33.540260 -7.349766 -179.493134
v -30.150034 -7.769480 -176.583160
v -29.824570 -10.650457 -175.377823
v -33.101135 -11.236886 -175.566895
v -29.499105 -13.531435 -176.583160
v -32.790627 -13.985496 -176.716858
v -32.662010 -15.124007 -179.493134
v -29.364296 -14.724771 -179.493134
v -29.499105 -13.531436 -182.403076
v -32.790627 -13.985496 -182.269379
v -33.101151 -11.236889 -183.419342
v -29.824585 -10.650461 -183.608429
v -33.411652 -8.488278 -182.269379
v -30.150038 -7.769484 -182.403076
v -30.284843 -6.576143 -179.493134
v -33.540260 -7.349766 -179.493134
v -33.101151 -11.236889 -183.419342
v -32.790627 -13.985496 -182.269379
v -27.470402 -10.251786 -179.493134
v -32.662010 -15.124007 -179.493134
v -32.790627 -13.985496 -176.716858
v -33.101135 -11.236886 -175.566895
v -33.411652 -8.488278 -182.269379
v -33.101151 -11.236889 -183.419342
v -27.470402 -10.251786 -179.493134
v -33.540260 -7.349766 -179.493134
v -33.411644 -8.488276 -176.716858
v -33.101135 -11.236886 -175.566895
v -33.411644 -8.400583 -188.521118
v -30.282356 -6.442970 -191.396530
v -33.540260 -7.221412 -191.396530
v -30.148275 -7.672247 -188.398926
v -29.824570 -10.639984 -187.157288
v -33.101135 -11.247357 -187.330078
v -29.500864 -13.607722 -188.398926
v -32.790627 -14.094131 -188.521118
v -32.662010 -15.273303 -191.396530
v -29.366783 -14.837001 -191.396530
v -29.500864 -13.607724 -194.394135
v -32.790627 -14.094130 -194.271942
v -33.101151 -11.247359 -195.462967
v -29.824585 -10.639987 -195.635742
v -33.411652 -8.400582 -194.271942
v -30.148279 -7.672248 -194.394135
v -30.282356 -6.442970 -191.396530
v -33.540260 -7.221412 -191.396530
v -33.101151 -11.247359 -195.462967
v -32.790627 -14.094130 -194.271942
v -27.470402 -10.227076 -191.396545
v -32.662010 -15.273303 -191.396530
v -32.790627 -14.094131 -188.521118
v -33.101135 -11.247357 -187.330078
v -33.411652 -8.400582 -194.271942
v -33.101151 -11.247359 -195.462967
v -27.470402 -10.227076 -191.396545
v -33.540260 -7.221412 -191.396530
v -33.411644 -8.400583 -188.521118
v -33.101135 -11.247357 -187.330078
v 193.337677 4.537695 -1.484444
v 189.812347 4.967692 -1.658572
v 189.812347 4.967692 1.658574
v 193.337677 4.537695 1.484446
v 194.929688 4.338389 0.000001
v 194.158646 4.432158 -1.207426
v 194.158646 4.432158 1.207429
v 182.416336 5.734005 10.696262
v 174.561005 5.646019 13.439106
v 181.546295 4.117937 11.871886
v 188.567184 2.296112 9.638524
v 188.567001 4.347650 7.827413
v 195.538696 -0.279404 6.737086
v 188.567993 5.654567 2.868678
v 195.538696 1.164575 4.851909
v 200.176620 -2.608988 4.266805
v 195.538696 1.740801 2.678895
v 188.567429 5.646158 0.000000
v 200.176620 -1.323731 2.480138
v 201.720078 -3.671759 3.311512
v 195.538696 2.080208 0.000000
v 195.538696 1.740801 -2.678895
v 188.567993 5.654566 -2.868678
v 201.720169 -2.422621 1.941448
v 203.091980 -4.567163 1.899366
v 203.084457 -3.739725 1.100165
v 203.084518 -3.416079 -0.000000
v 200.176620 -0.618392 0.000000
v 201.720154 -1.846117 -0.000000
v 201.720169 -2.422621 -1.941449
v 203.084457 -3.739725 -1.100166
v 203.091980 -4.567163 -1.899366
v 201.720078 -3.671758 -3.311513
v 200.176620 -1.323731 -2.480137
v 200.176620 -2.608988 -4.266805
v 195.538696 1.164575 -4.851909
v 195.538696 -0.279404 -6.737086
v 188.567001 4.347651 -7.827413
v 182.416336 5.734006 -10.696262
v 188.567184 2.296113 -9.638525
v 181.546295 4.117223 -11.871886
v 174.561005 5.646020 -13.439106
v 29.589352 -1.500734 100.035843
v 26.462549 -3.412867 97.259575
v 26.333933 -2.274356 100.035843
v 29.724161 -2.694071 97.125877
v 30.049625 -5.575048 95.920540
v 26.773060 -6.161477 96.109619
v 30.375090 -8.456025 97.125877
v 27.083570 -8.910086 97.259575
v 27.212187 -10.048598 100.035843
v 30.509899 -9.649363 100.035843
v 30.375090 -8.456027 102.945801
v 27.083570 -8.910087 102.812103
v 26.773046 -6.161480 103.962059
v 30.049610 -5.575052 104.151138
v 26.462545 -3.412869 102.812103
v 29.724157 -2.694075 102.945801
v 29.589352 -1.500734 100.035843
v 26.333933 -2.274356 100.035843
v 26.773046 -6.161480 103.962059
v 32.403793 -5.176377 100.035851
v 27.083570 -8.910087 102.812103
v 27.212187 -10.048598 100.035843
v 27.083570 -8.910086 97.259575
v 26.773060 -6.161477 96.109619
v 26.462545 -3.412869 102.812103
v 32.403793 -5.176377 100.035851
v 26.773046 -6.161480 103.962059
v 26.333933 -2.274356 100.035843
v 26.462549 -3.412867 97.259575
v 26.773060 -6.161477 96.109619
v 29.591839 -1.367562 111.939247
v 26.462549 -3.325175 109.063828
v 26.333933 -2.146004 111.939247
v 29.725920 -2.596839 108.941643
v 30.049625 -5.564576 107.700012
v 26.773060 -6.171949 107.872803
v 30.373331 -8.532314 108.941643
v 27.083570 -9.018723 109.063828
v 27.212187 -10.197895 111.939247
v 30.507412 -9.761593 111.939247
v 30.373331 -8.532316 114.936852
v 27.083570 -9.018722 114.814659
v 26.773046 -6.171952 116.005684
v 30.049610 -5.564579 116.178467
v 26.462545 -3.325175 114.814667
v 29.725916 -2.596840 114.936852
v 29.591839 -1.367562 111.939247
v 26.333933 -2.146004 111.939247
v 26.773046 -6.171952 116.005684
v 32.403793 -5.151668 111.939270
v 27.083570 -9.018722 114.814659
v 27.212187 -10.197895 111.939247
v 27.083570 -9.018723 109.063828
v 26.773060 -6.171949 107.872803
v 26.462545 -3.325175 114.814667
v 32.403793 -5.151668 111.939270
v 26.773046 -6.171952 116.005684
v 26.333933 -2.146004 111.939247
v 26.462549 -3.325175 109.063828
v 26.773060 -6.171949 107.872803
v -30.284843 -6.576158 179.493134
v -33.411644 -8.488292 176.716858
v -33.540260 -7.349781 179.493134
v -30.150034 -7.769495 176.583160
v -29.824570 -10.650473 175.377823
v -33.101135 -11.236901 175.566895
v -29.499105 -13.531450 176.583160
v -32.790627 -13.985511 176.716858
v -32.662010 -15.124022 179.493134
v -29.364296 -14.724787 179.493134
v -29.499105 -13.531451 182.403076
v -32.790627 -13.985511 182.269379
v -33.101151 -11.236904 183.419342
v -29.824585 -10.650476 183.608429
v -33.411652 -8.488294 182.269379
v -30.150038 -7.769500 182.403076
v -30.284843 -6.576158 179.493134
v -33.540260 -7.349781 179.493134
v -33.101151 -11.236904 183.419342
v -27.470402 -10.251801 179.493134
v -32.790627 -13.985511 182.269379
v -32.662010 -15.124022 179.493134
v -32.790627 -13.985511 176.716858
v -33.101135 -11.236901 175.566895
v -33.411652 -8.488294 182.269379
v -27.470402 -10.251801 179.493134
v -33.101151 -11.236904 183.419342
v -33.540260 -7.349781 179.493134
v -33.411644 -8.488292 176.716858
v -33.101135 -11.236901 175.566895
v -30.282356 -6.442987 191.396530
v -33.411644 -8.400600 188.521118
v -33.540260 -7.221429 191.396530
v -30.148275 -7.672264 188.398926
v -29.824570 -10.640001 187.157288
v -33.101135 -11.247375 187.330078
v -29.500864 -13.607739 188.398926
v -32.790627 -14.094148 188.521118
v -32.662010 -15.273320 191.396530
v -29.366783 -14.837018 191.396530
v -29.500864 -13.607741 194.394135
v -32.790627 -14.094147 194.271942
v -33.101151 -11.247376 195.462967
v -29.824585 -10.640004 195.635742
v -33.411652 -8.400599 194.271942
v -30.148279 -7.672265 194.394135
v -30.282356 -6.442987 191.396530
v -33.540260 -7.221429 191.396530
v -33.101151 -11.247376 195.462967
v -27.470402 -10.227093 191.396545
v -32.790627 -14.094147 194.271942
v -32.662010 -15.273320 191.396530
v -32.790627 -14.094148 188.521118
v -33.101135 -11.247375 187.330078
v -33.411652 -8.400599 194.271942
v -27.470402 -10.227093 191.396545
v -33.101151 -11.247376 195.462967
v -33.540260 -7.221429 191.396530
v -33.411644 -8.400600 188.521118
v -33.101135 -11.247375 187.330078
v 142.663086 -21.879261 -10.843816
v 95.035973 -19.505991 -13.506314
v 142.663086 -19.530209 -13.548653
v 95.035973 -21.879265 -10.843861
v 95.035973 -23.041382 -8.057456
v 142.663086 -23.041382 -8.057379
v 142.663086 -23.041382 8.057377
v 85.284264 -23.041382 8.057469
v 142.663086 -21.879261 10.843814
v 75.652924 -19.496136 13.489081
v 142.663086 -19.530209 13.548650
v 75.652924 -21.879265 10.843877
v 79.476639 -23.041382 8.057479
v 75.652916 -23.041382 8.057486
v 71.741707 -23.041382 -8.057494
v 67.027199 -23.041382 8.057500
v 62.766548 -23.041382 -8.057508
v 58.532585 -23.041382 -8.057515
v 62.766552 -21.879267 -10.843890
v 51.768848 -23.041382 -8.057527
v -53.048279 -19.430695 -13.374673
v 62.766548 -19.489584 -13.477629
v -53.048279 -21.879276 -10.843999
v -53.048279 -23.041382 -8.057697
v 43.587975 -23.041382 8.057538
v -62.835564 -23.041382 8.057712
v 43.587975 -21.879269 10.843906
v -72.186829 -19.420963 13.357657
v 43.587975 -19.479832 13.460577
v -72.186829 -21.879278 10.844014
v -68.604614 -23.041382 8.057721
v -72.186829 -23.041382 8.057727
v -72.186829 -23.041382 0.739595
v -81.274994 -23.041382 8.057741
v -85.301865 -23.041382 0.295924
v -76.493111 -23.041382 -8.057735
v -85.301865 -23.041382 -8.057750
v -89.635796 -23.041382 -8.057756
v -85.301865 -21.879280 -10.844029
v -96.368462 -23.041382 -8.057768
v -112.871307 -19.400276 -13.321493
v -85.301865 -19.414295 -13.346001
v -112.871307 -21.879282 -10.844055
v -112.871307 -23.041382 -8.057795
v -104.513313 -23.041382 8.057779
v -131.107742 -20.233356 -10.381024
v -131.107742 -17.694433 -12.824245
v -148.167297 -15.692874 -11.931667
v -112.871307 -23.041382 8.057793
v -148.167297 -17.336916 -9.737796
v -104.513313 -21.879282 10.844045
v -230.980865 -5.169397 -6.828257
v -104.513313 -19.404528 13.328922
v -112.871307 -19.400276 13.321492
v -112.871307 -21.879282 10.844052
v -131.107742 -20.233356 10.381022
v -131.107742 -17.694433 12.824244
v -148.167297 -15.692876 11.931665
v -131.107742 -21.301611 7.770499
v -148.167297 -17.336916 9.737794
v -230.980865 -5.169398 6.828256
v -131.107742 -21.301611 -0.000001
v -148.167297 -18.341799 7.483171
v -230.980865 -6.831981 5.421425
v -276.090271 -2.856476 2.207172
v -276.090271 -1.263703 3.923085
v -230.980865 -7.822840 3.013348
v -279.354248 -0.175017 3.240473
v -279.354248 -1.649521 1.975871
v -148.167297 -18.341799 -0.000001
v -230.980865 -7.822840 -0.000001
v -276.090271 -3.622118 -0.000001
v -279.354248 -2.314180 -0.000000
v -279.354248 -1.649521 -1.975871
v -276.090271 -1.263702 -3.923085
v -279.354248 -0.175016 -3.240474
v -276.090271 -2.856476 -2.207173
v -230.980865 -7.822840 -3.013349
v -230.980865 -6.831981 -5.421427
v -148.167297 -18.341799 -7.483172
v -131.107742 -21.301611 -7.770500
v 24.194872 7.467482 -109.747742
v 93.426277 12.146451 -12.253717
v 82.405617 8.414853 -13.932848
v 20.226673 5.257659 -109.747101
v 67.019051 6.133264 -14.893735
v -25.815170 4.247193 -176.661453
v 1.744588 2.267441 -109.747139
v -0.124822 6.117572 -14.893659
v -53.380245 2.612422 -109.747726
v -27.346313 3.029304 -176.661453
v -105.948135 -2.302969 -285.121460
v -44.569290 -0.475455 -176.661438
v -87.292061 0.316287 -173.725311
v -107.025772 -3.045637 -285.121460
v -109.421776 -2.595683 -287.523254
v -89.194199 0.127060 -183.661880
v -110.230385 -3.355204 -287.179504
v -123.858650 -2.621199 -288.410004
v -124.397697 -3.397690 -287.722534
v -144.365524 -2.992542 -284.661377
v -119.673286 -3.785754 -284.758850
v -84.279022 -1.065403 -207.972351
v -87.761093 -1.267302 -214.062622
v -85.663757 -0.748911 -201.556824
v -90.155350 -1.222241 -214.154602
v -91.472336 -0.659928 -202.232895
v -98.576218 -1.853481 -232.067520
v -94.663483 -0.819957 -207.257462
v -103.799423 -1.747915 -232.106400
v -94.652344 -1.000502 -210.973480
v -93.403000 -1.161121 -214.279373
v 93.426277 12.146449 12.253719
v 24.194872 7.467472 109.747742
v 82.405617 8.414851 13.932848
v 20.226673 5.257650 109.747101
v 67.019051 6.133263 14.893735
v -25.815170 4.247178 176.661453
v 1.744588 2.267432 109.747139
v -0.124822 6.117571 14.893659
v -53.380245 2.612412 109.747726
v -27.346313 3.029289 176.661453
v -105.948135 -2.302994 285.121460
v -44.569290 -0.475470 176.661438
v -87.292061 0.316272 173.725311
v -107.025772 -3.045662 285.121460
v -109.421776 -2.595708 287.523254
v -89.194199 0.127044 183.661880
v -110.230385 -3.355230 287.179504
v -123.858650 -2.621225 288.410004
v -119.673286 -3.785779 284.758850
v -124.397697 -3.397715 287.722534
v -144.365524 -2.992567 284.661377
v -84.279022 -1.065421 207.972351
v -85.663757 -0.748929 201.556824
v -87.761093 -1.267320 214.062622
v -91.472336 -0.659946 202.232895
v -90.155350 -1.222260 214.154602
v -94.663483 -0.819975 207.257462
v -98.576218 -1.853501 232.067520
v -103.799423 -1.747936 232.106400
v -94.652344 -1.000520 210.973480
v -93.403000 -1.161139 214.279373
v 57.100861 1.382558 -106.023949
v 56.199493 1.456778 -106.652229
v 24.287254 11.601850 -106.023956
v 24.201805 10.699138 -106.652222
v 26.251305 -3.589160 -107.476196
v 18.884422 11.633699 -106.023956
v 6.092222 3.069471 -107.932762
v 15.538224 -5.066736 -105.841492
v -19.719093 3.479865 -106.023956
v 4.336570 10.113360 -106.690872
v 0.827293 10.083015 -106.023949
v 18.884422 11.019495 -106.997871
v 56.201935 1.481436 -105.359978
v 57.100861 1.382558 -106.023949
v 24.287254 11.601850 -106.023956
v 24.202782 10.711467 -105.359978
v 26.263994 -3.604887 -104.435898
v 18.884422 11.633699 -106.023956
v 6.092222 2.991589 -104.079445
v 15.538224 -5.066736 -105.841492
v -19.719093 3.479865 -106.023956
v 4.371726 10.200397 -105.321327
v 0.827293 10.083015 -106.023949
v 18.884422 11.019498 -105.014359
v 26.408659 -7.797577 -107.429550
v 15.538224 -5.066736 -105.841492
v 26.251305 -3.589160 -107.476196
v 27.830864 -5.970078 -107.726891
v 27.830864 -2.991493 -108.960655
v 27.830864 -8.948661 -108.960655
v 26.408659 -7.797577 -107.429550
v 27.542404 -7.602205 -106.023941
v 15.538224 -5.066736 -105.841492
v 39.780003 -9.348117 -107.962730
v 39.781361 -8.578666 -106.023933
v 53.572197 -9.924039 -106.023933
v 27.830864 -8.948661 -108.960655
v 53.572227 -10.642424 -108.229759
v 39.776749 -11.930387 -109.216728
v 53.572151 -11.663054 -109.251106
v 27.830864 -10.182431 -111.939247
v 53.572529 -12.250493 -112.158623
v 39.776768 -12.170178 -113.322777
v 27.830864 -8.948662 -114.917831
v 53.572151 -11.663054 -115.412247
v 39.778023 -9.940663 -116.944542
v 53.572197 -9.730114 -117.548409
v 27.830849 -5.970079 -116.151596
v 53.572380 -7.509490 -118.710396
v 39.780228 -5.532321 -118.264000
v 53.572529 -4.738750 -119.173325
v 27.830860 -2.991495 -114.917831
v 53.572681 -1.826262 -118.710419
v 39.782101 -0.078813 -116.247925
v 53.572830 0.580412 -117.139366
v 27.830864 -1.757723 -111.939255
v 53.572906 2.181550 -114.726723
v 39.782494 1.823713 -110.006653
v 53.572906 2.735657 -111.428452
v 27.830864 -2.991493 -108.960655
v 53.572906 2.181550 -108.229759
v 39.783276 0.686104 -105.917267
v 53.572906 1.410850 -105.934624
v 53.572906 2.181551 -103.818153
v 27.720592 -3.503336 -105.884239
v 26.251305 -3.589160 -107.476196
v 26.277601 -4.569048 -106.009094
v 26.263994 -3.604887 -104.435898
v 27.830864 -3.090693 -102.881073
v 39.783993 1.589010 -102.057213
v 53.572906 2.548624 -100.631935
v 27.830862 -1.899468 -100.005203
v 53.572906 2.181550 -97.321175
v 39.783585 -0.375654 -95.853622
v 53.572861 0.279624 -94.999931
v 27.830864 -3.090693 -97.129318
v 53.572681 -1.826261 -93.337502
v 39.781761 -5.568423 -93.813057
v 53.572529 -4.731086 -92.920143
v 27.830864 -5.966568 -95.938103
v 53.572380 -7.509490 -93.337509
v 39.779575 -9.925193 -94.930359
v 53.572197 -9.872090 -94.141037
v 27.830864 -8.842443 -97.129326
v 53.572151 -11.663055 -96.635628
v 39.778263 -12.067769 -98.747185
v 27.830864 -10.033666 -100.005203
v 53.572151 -12.266258 -99.801872
v 39.778263 -11.766165 -102.831505
v 53.572151 -11.663054 -102.796822
v 27.830864 -8.842442 -102.881073
v 53.572227 -10.642424 -103.818169
v 39.780937 -9.340890 -104.086662
v 53.572197 -9.924039 -106.023933
v 39.781361 -8.578666 -106.023933
v 26.421349 -7.779475 -104.389244
v 27.542404 -7.602205 -106.023941
v 15.538224 -5.066736 -105.841492
v 26.421349 -7.779475 -104.389244
v 26.263994 -3.604887 -104.435898
v 15.538224 -5.066736 -105.841492
v 27.830864 -5.966568 -104.072304
v 27.830864 -3.090693 -102.881073
v 27.830864 -8.842442 -102.881073
v -2.773335 -3.692860 -185.481232
v -3.674702 -3.618640 -186.109512
v -35.586941 6.526432 -185.481232
v -35.672390 5.623720 -186.109497
v -33.622890 -8.664577 -186.933472
v -40.989773 6.558281 -185.481232
v -53.781975 -2.005947 -187.390045
v -44.335972 -10.142155 -185.298767
v -79.593292 0.004358 -185.481232
v -51.724693 5.037942 -186.148163
v -55.233971 5.007597 -185.481232
v -40.989773 5.944077 -186.455154
v -3.672260 -3.593982 -184.817261
v -2.773335 -3.692860 -185.481232
v -35.586941 6.526432 -185.481232
v -35.671413 5.636049 -184.817261
v -33.610199 -8.680305 -183.893188
v -40.989773 6.558281 -185.481232
v -53.781975 -2.083829 -183.536728
v -44.335972 -10.142155 -185.298767
v -79.593292 0.004358 -185.481232
v -51.689537 5.124979 -184.778610
v -55.233971 5.007597 -185.481232
v -40.989773 5.944080 -184.471649
v -33.465538 -12.872994 -186.886841
v -44.335972 -10.142155 -185.298767
v -33.622890 -8.664577 -186.933472
v -32.043331 -11.045495 -187.184174
v -32.043331 -8.066911 -188.417938
v -32.043331 -14.024078 -188.417938
v -33.465538 -12.872994 -186.886841
v -32.331791 -12.677623 -185.481232
v -44.335972 -10.142155 -185.298767
v -20.094193 -14.423534 -187.420013
v -20.092834 -13.654083 -185.481216
v -6.301998 -14.999456 -185.481216
v -32.043331 -14.024078 -188.417938
v -6.301968 -15.717841 -187.687042
v -20.097446 -17.005806 -188.674011
v -6.302044 -16.738472 -188.708389
v -32.043331 -15.257849 -191.396530
v -6.301666 -17.325912 -191.615906
v -20.097427 -17.245598 -192.780060
v -32.043331 -14.024079 -194.375122
v -6.302044 -16.738472 -194.869537
v -20.096172 -15.016081 -196.401825
v -6.301998 -14.805532 -197.005692
v -32.043346 -11.045497 -195.608887
v -6.301815 -12.584908 -198.167679
v -20.093967 -10.607739 -197.721283
v -6.301666 -9.814168 -198.630615
v -32.043335 -8.066913 -194.375122
v -6.301514 -6.901680 -198.167694
v -20.092094 -5.154231 -195.705200
v -6.301365 -4.495006 -196.596649
v -32.043331 -6.833141 -191.396545
v -6.301289 -2.893868 -194.184006
v -20.091702 -3.251704 -189.463928
v -6.301289 -2.339761 -190.885742
v -32.043331 -8.066911 -188.417938
v -6.301289 -2.893868 -187.687042
v -20.090919 -4.389314 -185.374542
v -6.301289 -3.664567 -185.391907
v -6.301289 -2.893866 -183.275436
v -32.153603 -8.578754 -185.341522
v -33.622890 -8.664577 -186.933472
v -33.596596 -9.644465 -185.466370
v -33.610199 -8.680305 -183.893188
v -32.043331 -8.166111 -182.338348
v -20.090202 -3.486408 -181.514496
v -6.301289 -2.526794 -180.089218
v -32.043335 -6.974886 -179.462494
v -6.301289 -2.893868 -176.778458
v -20.090611 -5.451072 -175.310913
v -6.301334 -4.795794 -174.457214
v -32.043331 -8.166111 -176.586609
v -6.301514 -6.901679 -172.794785
v -20.092434 -10.643841 -173.270340
v -6.301666 -9.806504 -172.377426
v -32.043331 -11.041986 -175.395386
v -6.301815 -12.584908 -172.794800
v -20.094620 -15.000610 -174.387634
v -6.301998 -14.947508 -173.598328
v -32.043331 -13.917861 -176.586609
v -6.302044 -16.738472 -176.092911
v -20.095932 -17.143188 -178.204468
v -32.043331 -15.109084 -179.462494
v -6.302044 -17.341677 -179.259155
v -20.095932 -16.841583 -182.288788
v -6.302044 -16.738472 -182.254105
v -32.043331 -13.917860 -182.338348
v -6.301968 -15.717842 -183.275452
v -20.093258 -14.416308 -183.543945
v -6.301998 -14.999456 -185.481216
v -20.092834 -13.654083 -185.481216
v -33.452847 -12.854894 -183.846527
v -32.331791 -12.677623 -185.481232
v -44.335972 -10.142155 -185.298767
v -33.452847 -12.854894 -183.846527
v -33.610199 -8.680305 -183.893188
v -44.335972 -10.142155 -185.298767
v -32.043331 -11.041986 -183.529587
v -32.043331 -8.166111 -182.338348
v -32.043331 -13.917860 -182.338348
v -233.217926 6.389843 -79.701256
v -170.233612 7.382698 -10.235143
v -172.039963 6.056282 -10.166343
v -234.833450 5.425827 -79.711319
v -179.945847 4.566189 -9.883216
v -235.981888 6.384784 -81.105736
v -193.542053 2.817106 -8.627036
v -243.492493 5.076844 -79.655533
v -241.921204 6.349718 -81.780777
v -223.561981 3.631853 -6.449703
v -254.673447 6.242388 -79.447815
v -247.833221 6.206061 -5.207029
v -170.233612 7.382698 -10.235143
v -233.217926 6.389843 -79.701256
v -172.039963 8.384894 -10.030700
v -234.833450 7.325446 -79.711319
v -179.945847 9.629243 -9.537787
v -235.981888 6.384784 -81.105736
v -193.542053 10.217779 -8.153350
v -243.492493 7.780108 -79.655533
v -241.921204 6.349718 -81.780777
v -223.561981 9.224702 -6.010560
v -254.673447 6.242388 -79.447815
v -247.833221 6.206061 -5.207029
v -170.233612 7.382697 10.235144
v -233.217926 6.389836 79.701256
v -172.039963 6.056281 10.166344
v -234.833450 5.425822 79.711319
v -179.945847 4.566188 9.883215
v -235.981888 6.384778 81.105728
v -193.542053 2.817105 8.627035
v -243.492493 5.076839 79.655533
v -241.921204 6.349710 81.780777
v -223.561981 3.631852 6.449703
v -254.673447 6.242381 79.447815
v -247.833221 6.206061 5.207030
v -233.217926 6.389836 79.701256
v -170.233612 7.382697 10.235144
v -172.039963 8.384894 10.030700
v -234.833450 7.325439 79.711319
v -179.945847 9.629243 9.537788
v -235.981888 6.384778 81.105728
v -193.542053 10.217779 8.153350
v -243.492493 7.780100 79.655533
v -241.921204 6.349710 81.780777
v -223.561981 9.224702 6.010561
v -254.673447 6.242381 79.447815
v -247.833221 6.206061 5.207030
v -278.633362 7.557750 0.027297
v -276.097870 7.718104 -1.312598
v -276.097870 7.372785 0.029372
v -278.633362 7.878676 -1.219870
v -276.097870 8.811039 -2.247046
v -279.978302 8.165575 0.020478
v -278.633362 8.894543 -2.087870
v -276.097870 9.991434 -2.538566
v -279.978302 8.787422 -1.240571
v -280.523010 9.991379 0.000001
v -278.633362 9.991705 -2.439739
v -276.097870 11.281738 -2.249898
v -279.978302 9.991610 -1.830407
v -280.523010 9.991379 0.000001
v -278.633362 11.263268 -2.019998
v -276.097870 12.265005 -1.312598
v -280.523010 9.991379 0.000001
v -279.978302 11.209217 -1.265190
v -278.633362 12.104431 -1.219870
v -278.633362 12.425362 0.022179
v -276.097870 12.610323 0.023866
v -279.978302 11.817486 0.016640
v -280.523010 9.991379 0.000001
v -276.097870 12.265005 1.312599
v -278.633362 12.104431 1.219871
v -280.523010 9.991379 0.000001
v -279.978302 11.220293 1.259607
v -278.633362 11.292789 2.003807
v -276.097870 11.313513 2.231556
v -280.523010 9.991379 0.000001
v -279.978302 9.991613 1.830404
v -278.633362 9.991705 2.439740
v -276.097870 9.991434 2.538567
v -278.633362 8.865417 2.071949
v -276.097870 8.779703 2.228994
v -280.523010 9.991379 0.000001
v -279.978302 8.776499 1.235087
v -278.633362 7.878676 1.219870
v -276.097870 7.718104 1.312599
v -280.523010 9.991379 0.000001
v -279.978302 8.165575 0.020478
v -278.633362 7.557750 0.027297
v -276.097870 7.372785 0.029372
v -278.633362 12.871199 0.027297
v -276.097870 13.031552 -1.312598
v -276.097870 12.686234 0.029372
v -278.633362 13.192124 -1.219869
v -276.097870 14.124487 -2.247046
v -279.978302 13.479024 0.020478
v -278.633362 14.207992 -2.087870
v -276.097870 15.304883 -2.538566
v -279.978302 14.100870 -1.240571
v -280.523010 15.304827 0.000001
v -278.633362 15.305153 -2.439739
v -276.097870 16.609886 -2.249898
v -279.978302 15.305058 -1.830407
v -280.523010 15.304827 0.000001
v -278.633362 16.576715 -2.019998
v -276.097870 17.578453 -1.312598
v -280.523010 15.304827 0.000001
v -279.978302 16.522665 -1.265189
v -278.633362 17.417879 -1.219869
v -278.633362 17.738810 0.022180
v -276.097870 17.923771 0.023866
v -279.978302 17.130934 0.016640
v -280.523010 15.304827 0.000001
v -276.097870 17.578453 1.312599
v -278.633362 17.417879 1.219870
v -280.523010 15.304827 0.000001
v -279.978302 16.533741 1.259607
v -278.633362 16.606237 2.003807
v -276.097870 16.612263 2.231556
v -280.523010 15.304827 0.000001
v -279.978302 15.305061 1.830404
v -278.633362 15.305153 2.439740
v -276.097870 15.304883 2.538568
v -278.633362 14.178865 2.071950
v -276.097870 14.093151 2.228994
v -280.523010 15.304827 0.000001
v -279.978302 14.089947 1.235087
v -278.633362 13.192124 1.219870
v -276.097870 13.031552 1.312599
v -280.523010 15.304827 0.000001
v -279.978302 13.479024 0.020478
v -278.633362 12.871199 0.027297
v -276.097870 12.686234 0.029372
v -161.318375 17.184315 0.000001
v -219.633530 88.638344 0.000004
v -168.166672 17.195065 1.875581
v -221.746567 88.640396 0.934148
v -222.776443 89.980835 0.000004
v -187.428391 17.200432 2.813379
v -230.126785 88.640381 0.967075
v -231.407425 90.751740 0.000004
v -220.106400 17.196632 2.110657
v -238.507034 88.640373 1.000004
v -239.272690 90.443420 0.000004
v -242.019791 17.184216 0.000001
v -254.420670 88.633224 0.000004
v -219.633530 88.638344 0.000004
v -161.318375 17.184315 0.000001
v -168.166672 17.195065 -1.875579
v -221.746567 88.640396 -0.934138
v -187.428391 17.200432 -2.813378
v -222.776443 89.980835 0.000004
v -230.126785 88.640381 -0.967067
v -220.106400 17.196632 -2.110656
v -231.407425 90.751740 0.000004
v -238.507034 88.640373 -0.999995
v -242.019791 17.184216 0.000001
v -239.272690 90.443420 0.000004
v -254.420670 88.633224 0.000004
v 201.720078 -3.671759 3.311512
v 203.099350 -5.273546 2.182113
v 203.091980 -4.567163 1.899366
v 201.720169 -5.273542 3.832093
v 203.099335 -5.986256 1.911558
v 200.176620 -2.608988 4.266805
v 201.720306 -6.861787 3.328920
v 200.176620 -5.273542 4.998275
v 200.176620 -7.610388 4.217094
v 195.538696 -5.240171 7.934726
v 195.538696 -0.279404 6.737086
v 195.538742 -8.320043 7.233829
v 195.539047 -9.775599 6.744567
v 188.566071 -5.229913 10.509313
v 188.567184 2.296112 9.638524
v 188.564896 -9.918648 9.808029
v 188.564896 -12.156507 8.560200
v 181.546295 -5.222319 12.267323
v 181.546295 4.117937 11.871886
v 181.546295 -11.440245 11.501259
v 181.546295 -14.158008 9.860154
v 174.561005 -5.427018 13.331965
v 174.561005 5.646019 13.439106
v 174.557449 -12.465428 12.563372
v 174.557449 -15.322381 10.779014
v 158.731964 -14.296149 14.956428
v 158.731964 -17.742048 12.480977
v 158.731506 -5.239452 15.317368
v 142.663086 -15.676759 15.490714
v 142.663086 -19.530209 13.548650
v 142.663086 6.238769 15.011571
v 168.604187 5.659576 14.129515
v 158.731537 5.615520 14.593104
v 158.728760 12.131907 11.747746
v 142.663086 12.135906 12.332011
v 142.663086 14.986458 8.782336
v 158.731705 14.772992 8.754452
v 142.663086 17.054062 4.263640
v 168.602844 12.122735 11.307309
v 158.731506 16.718079 4.235985
v 168.572006 14.373267 8.063980
v 174.561005 12.135447 10.303946
v 142.663086 17.899780 0.000001
v 174.561005 14.082079 6.833480
v 177.070770 12.153296 8.801473
v 168.546906 16.061823 3.944079
v 158.731506 17.329805 0.000001
v 158.731506 16.718079 -4.235983
v 142.663086 17.054062 -4.263639
v 168.546906 16.473145 0.000001
v 158.731705 14.772992 -8.754451
v 142.663086 14.986458 -8.782334
v 168.546906 16.061823 -3.944078
v 168.572006 14.373267 -8.063979
v 168.602844 12.122737 -11.307307
v 174.561005 12.135447 -10.303945
v 158.728760 12.131908 -11.747745
v 142.663086 12.135908 -12.332009
v 174.561005 14.082079 -6.833479
v 177.070770 12.153296 -8.801471
v 142.663086 6.238770 -15.011571
v 174.561005 15.084260 -3.609592
v 177.245529 14.189833 -2.033496
v 174.561005 15.332628 0.000001
v 174.561005 15.084260 3.609594
v 177.245529 14.189833 2.033498
v 177.227478 14.374404 0.000001
v 177.414032 12.407816 8.164840
v 181.292053 12.067131 2.820396
v 181.292053 12.067131 -2.820396
v 180.640961 12.341949 3.071262
v 177.547623 13.964636 2.469722
v 177.410309 12.257576 7.403187
v 180.403259 12.211483 3.114535
v 177.534195 13.720181 2.544924
v 180.640961 12.341949 -3.071261
v 177.414032 12.407816 -8.164838
v 177.547623 13.964636 -2.469720
v 177.410309 12.257576 -7.924564
v 180.403259 12.211483 -3.114534
v 177.534195 13.720181 -2.544922
v 158.731506 -5.239451 -15.317368
v 142.663086 -15.676757 -15.490716
v 158.731964 -17.742048 -12.480979
v 142.663086 -19.530209 -13.548653
v 158.731964 -14.296147 -14.956430
v 174.557449 -15.322381 -10.779016
v 174.557449 -12.465426 -12.563375
v 181.546295 -14.158008 -9.860156
v 158.731537 5.615521 -14.593103
v 181.546295 -11.440243 -11.501261
v 188.564896 -12.156507 -8.560202
v 174.561005 -5.427017 -13.331964
v 188.564896 -9.918648 -9.808029
v 195.539047 -9.775599 -6.744568
v 181.546295 -5.222318 -12.267323
v 195.538742 -8.320043 -7.233829
v 200.176620 -7.610388 -4.217095
v 188.566071 -5.229912 -10.509314
v 181.546295 4.117223 -11.871886
v 188.567184 2.296113 -9.638525
v 174.561005 5.646020 -13.439106
v 195.538696 -0.279404 -6.737086
v 195.538696 -5.240170 -7.934725
v 200.176620 -2.608988 -4.266805
v 200.176620 -5.273542 -4.998275
v 201.720306 -6.861787 -3.328921
v 201.720169 -5.273542 -3.832093
v 203.099335 -5.986256 -1.911559
v 201.720078 -3.671758 -3.311513
v 203.099350 -5.273546 -2.182113
v 203.091980 -4.567163 -1.899366
v 168.604187 5.659577 -14.129515
v 169.188095 6.935722 -13.624546
v 174.094894 6.873270 -13.017551
v 174.561005 12.135447 -10.303945
v 168.602844 12.122737 -11.307307
v 174.094894 11.432423 -10.792703
v 169.189484 11.473454 -11.527981
v 173.892532 11.212507 -10.706746
v 173.892532 6.930912 -12.795462
v 169.342743 11.247657 -11.390098
v 169.341476 6.986706 -13.359461
v 167.843063 7.045674 -13.558501
v 164.701859 7.025691 -13.708616
v 167.843979 11.386144 -11.663115
v 167.681244 7.132814 -13.408911
v 167.681000 11.198364 -11.605155
v 164.768036 7.116185 -13.554775
v 163.578308 7.699101 -13.327345
v 164.704010 11.349813 -11.820321
v 164.770630 11.182469 -11.794516
v 163.588287 10.403282 -12.156622
v 163.420181 7.657001 -13.490631
v 162.872025 8.807880 -12.862232
v 163.430527 10.532544 -12.234512
v 162.659210 8.842852 -13.007061
v 142.663086 -21.879261 10.843814
v 158.731964 -17.742048 12.480977
v 142.663086 -19.530209 13.548650
v 158.731964 -20.203974 9.843171
v 174.557449 -15.322381 10.779014
v 142.663086 -23.041382 8.057377
v 174.557449 -17.442820 8.510045
v 181.546295 -14.158008 9.860154
v 158.731964 -21.874634 6.792054
v 142.663086 -23.041382 -8.057379
v 181.546295 -16.000971 7.620197
v 188.564896 -12.156507 8.560200
v 174.557449 -18.994129 5.541110
v 188.564896 -13.870178 6.509063
v 195.539047 -9.775599 6.744567
v 181.546295 -17.207994 4.949491
v 174.557449 -19.150681 -0.000001
v 174.557449 -19.150681 -0.000001
v 158.731964 -21.874634 -6.792056
v 195.538742 -11.258292 5.038141
v 200.176620 -7.610388 4.217094
v 188.564896 -14.804759 4.224830
v 181.546295 -17.518211 -0.000001
v 195.538742 -11.859278 3.303863
v 188.564896 -15.285021 -0.000001
v 200.176620 -9.388249 2.395335
v 195.538742 -12.317867 -0.000001
v 188.564896 -14.804759 -4.224831
v 201.720566 -8.220401 1.877820
v 201.720306 -6.861787 3.328920
v 203.099335 -5.986256 1.911558
v 203.077148 -6.787493 1.059818
v 201.720535 -8.705135 -0.000000
v 203.077164 -7.072605 -0.000000
v 203.077148 -6.787493 -1.059819
v 200.176620 -9.889140 -0.000000
v 201.720566 -8.220401 -1.877821
v 203.099335 -5.986256 -1.911559
v 201.720306 -6.861787 -3.328921
v 200.176620 -7.610388 -4.217095
v 200.176620 -9.388249 -2.395335
v 195.538742 -11.869412 -3.303864
v 195.538742 -11.258292 -5.038142
v 195.539047 -9.775599 -6.744568
v 188.564896 -13.870178 -6.509064
v 188.564896 -12.156507 -8.560202
v 181.546295 -17.207994 -4.949492
v 181.546295 -16.000971 -7.620199
v 181.546295 -14.158008 -9.860156
v 174.557449 -18.994129 -5.541112
v 174.557449 -17.442581 -8.510047
v 174.557449 -15.322381 -10.779016
v 158.731964 -20.203974 -9.843174
v 158.731964 -17.742048 -12.480979
v 142.663086 -21.879261 -10.843816
v 142.663086 -19.530209 -13.548653
v 57.100861 1.382549 106.023949
v 24.287254 11.601840 106.023956
v 56.199493 1.456769 106.652229
v 24.201805 10.699128 106.652222
v 26.251305 -3.589169 107.476196
v 18.884422 11.633690 106.023956
v 6.092222 3.069461 107.932762
v 15.538224 -5.066745 105.841492
v -19.719093 3.479856 106.023956
v 4.336570 10.113351 106.690872
v 0.827293 10.083006 106.023949
v 18.884422 11.019485 106.997871
v 56.201935 1.481427 105.359978
v 24.287254 11.601840 106.023956
v 57.100861 1.382549 106.023949
v 24.202782 10.711457 105.359978
v 26.263994 -3.604896 104.435898
v 18.884422 11.633690 106.023956
v 6.092222 2.991580 104.079445
v 15.538224 -5.066745 105.841492
v -19.719093 3.479856 106.023956
v 4.371726 10.200388 105.321327
v 0.827293 10.083006 106.023949
v 18.884422 11.019488 105.014359
v 26.408659 -7.797586 107.429550
v 26.251305 -3.589170 107.476196
v 15.538224 -5.066746 105.841492
v 27.830864 -5.970087 107.726891
v 27.830864 -2.991503 108.960655
v 27.830864 -8.948670 108.960655
v 26.408659 -7.797586 107.429550
v 15.538224 -5.066746 105.841492
v 27.542404 -7.602215 106.023941
v 39.780003 -9.348126 107.962730
v 39.781361 -8.578675 106.023933
v 53.572197 -9.924048 106.023933
v 27.830864 -8.948670 108.960655
v 53.572227 -10.642433 108.229759
v 39.776749 -11.930396 109.216728
v 53.572151 -11.663064 109.251106
v 27.830864 -10.182441 111.939247
v 53.572529 -12.250503 112.158623
v 39.776768 -12.170188 113.322777
v 27.830864 -8.948671 114.917831
v 53.572151 -11.663063 115.412247
v 39.778023 -9.940673 116.944542
v 53.572197 -9.730124 117.548409
v 27.830849 -5.970089 116.151596
v 53.572380 -7.509500 118.710396
v 39.780228 -5.532332 118.264000
v 53.572529 -4.738760 119.173325
v 27.830860 -2.991505 114.917831
v 53.572681 -1.826272 118.710419
v 39.782101 -0.078823 116.247925
v 53.572830 0.580402 117.139366
v 27.830864 -1.757733 111.939255
v 53.572906 2.181540 114.726723
v 39.782494 1.823704 110.006653
v 53.572906 2.735647 111.428452
v 27.830864 -2.991503 108.960655
v 53.572906 2.181540 108.229759
v 39.783276 0.686094 105.917267
v 53.572906 1.410841 105.934624
v 53.572906 2.181542 103.818153
v 27.720592 -3.503345 105.884239
v 26.251305 -3.589170 107.476196
v 26.277601 -4.569057 106.009094
v 26.263994 -3.604897 104.435898
v 27.830864 -3.090702 102.881073
v 39.783993 1.589002 102.057213
v 53.572906 2.548615 100.631935
v 27.830862 -1.899477 100.005203
v 53.572906 2.181542 97.321175
v 39.783585 -0.375663 95.853622
v 53.572861 0.279616 94.999931
v 27.830864 -3.090702 97.129318
v 53.572681 -1.826269 93.337502
v 39.781761 -5.568431 93.813057
v 53.572529 -4.731095 92.920143
v 27.830864 -5.966576 95.938103
v 53.572380 -7.509498 93.337509
v 39.779575 -9.925200 94.930359
v 53.572197 -9.872098 94.141037
v 27.830864 -8.842451 97.129326
v 53.572151 -11.663063 96.635628
v 39.778263 -12.067779 98.747185
v 27.830864 -10.033675 100.005203
v 53.572151 -12.266268 99.801872
v 39.778263 -11.766174 102.831505
v 53.572151 -11.663063 102.796822
v 27.830864 -8.842451 102.881073
v 53.572227 -10.642433 103.818169
v 39.780937 -9.340899 104.086662
v 53.572197 -9.924048 106.023933
v 39.781361 -8.578675 106.023933
v 26.421349 -7.779485 104.389244
v 27.542404 -7.602215 106.023941
v 15.538224 -5.066746 105.841492
v 26.421349 -7.779485 104.389244
v 15.538224 -5.066746 105.841492
v 26.263994 -3.604897 104.435898
v 27.830864 -5.966578 104.072304
v 27.830864 -3.090702 102.881073
v 27.830864 -8.842451 102.881073
v -2.773335 -3.692876 185.481232
v -35.586941 6.526415 185.481232
v -3.674702 -3.618656 186.109512
v -35.672390 5.623703 186.109497
v -33.622890 -8.664595 186.933472
v -40.989773 6.558265 185.481232
v -53.781975 -2.005963 187.390045
v -44.335972 -10.142170 185.298767
v -79.593292 -0.024140 185.481232
v -51.605965 5.037926 186.148163
v -55.115242 5.007581 185.481232
v -40.989773 5.944061 186.455154
v -3.672260 -3.593998 184.817261
v -35.586941 6.526415 185.481232
v -2.773335 -3.692876 185.481232
v -35.671413 5.636033 184.817261
v -33.610199 -8.680321 183.893188
v -40.989773 6.558265 185.481232
v -53.781975 -2.083845 183.536728
v -44.335972 -10.142170 185.298767
v -79.593292 -0.024140 185.481232
v -51.570808 5.124963 184.778610
v -55.115242 5.007581 185.481232
v -40.989773 5.944064 184.471649
v -33.465538 -12.873012 186.886841
v -33.622890 -8.664595 186.933472
v -44.335972 -10.142170 185.298767
v -32.043331 -11.045512 187.184174
v -32.043331 -8.066928 188.417938
v -32.043331 -14.024096 188.417938
v -33.465538 -12.873012 186.886841
v -44.335972 -10.142170 185.298767
v -32.331791 -12.677640 185.481232
v -20.094193 -14.423552 187.420013
v -20.092834 -13.654100 185.481216
v -6.301998 -14.999474 185.481216
v -32.043331 -14.024096 188.417938
v -6.301968 -15.717858 187.687042
v -20.097446 -17.005821 188.674011
v -6.302044 -16.738487 188.708389
v -32.043331 -15.257866 191.396530
v -6.301666 -17.325928 191.615906
v -20.097427 -17.245613 192.780060
v -32.043331 -14.024096 194.375122
v -6.302044 -16.738487 194.869537
v -20.096172 -15.016098 196.401825
v -6.301998 -14.805549 197.005692
v -32.043346 -11.045514 195.608887
v -6.301815 -12.584925 198.167679
v -20.093967 -10.607757 197.721283
v -6.301666 -9.814185 198.630615
v -32.043335 -8.066930 194.375122
v -6.301514 -6.901697 198.167694
v -20.092094 -5.154248 195.705200
v -6.301365 -4.495023 196.596649
v -32.043331 -6.833158 191.396545
v -6.301289 -2.893885 194.184006
v -20.091702 -3.251721 189.463928
v -6.301289 -2.339777 190.885742
v -32.043331 -8.066928 188.417938
v -6.301289 -2.893884 187.687042
v -20.090919 -4.389330 185.374542
v -6.301289 -3.664584 185.391907
v -6.301289 -2.893883 183.275436
v -32.153603 -8.578770 185.341522
v -33.622890 -8.664595 186.933472
v -33.596596 -9.644483 185.466370
v -33.610199 -8.680321 183.893188
v -32.043331 -8.166126 182.338348
v -20.090202 -3.486423 181.514496
v -6.301289 -2.526810 180.089218
v -32.043335 -6.974901 179.462494
v -6.301289 -2.893883 176.778458
v -20.090611 -5.451087 175.310913
v -6.301334 -4.795809 174.457214
v -32.043331 -8.166126 176.586609
v -6.301514 -6.901694 172.794785
v -20.092434 -10.643856 173.270340
v -6.301666 -9.806520 172.377426
v -32.043331 -11.042001 175.395386
v -6.301815 -12.584923 172.794800
v -20.094620 -15.000626 174.387634
v -6.301998 -14.947523 173.598328
v -32.043331 -13.917876 176.586609
v -6.302044 -16.738487 176.092911
v -20.095932 -17.143204 178.204468
v -32.043331 -15.109099 179.462494
v -6.302044 -17.341692 179.259155
v -20.095932 -16.841599 182.288788
v -6.302044 -16.738487 182.254105
v -32.043331 -13.917875 182.338348
v -6.301968 -15.717857 183.275452
v -20.093258 -14.416324 183.543945
v -6.301998 -14.999474 185.481216
v -20.092834 -13.654100 185.481216
v -33.452847 -12.854909 183.846527
v -32.331791 -12.677640 185.481232
v -44.335972 -10.142170 185.298767
v -33.452847 -12.854909 183.846527
v -44.335972 -10.142170 185.298767
v -33.610199 -8.680321 183.893188
v -32.043331 -11.042002 183.529587
v -32.043331 -8.166126 182.338348
v -32.043331 -13.917875 182.338348
v 170.327271 -19.750433 -4.570209
v 158.731964 -21.874634 -6.792056
v 170.327026 -19.822962 -5.462565
v 174.557205 -18.987011 -4.264576
v 174.556549 -19.262690 -5.181436
v 179.236328 -17.779238 -5.145410
v 170.327026 -19.825666 -8.273619
v 170.327179 -22.304319 -5.807382
v 170.327255 -23.891756 -6.533360
v 170.327301 -24.671692 -8.273108
v 170.327271 -23.882820 -10.050301
v 170.327179 -22.293232 -10.695347
v 170.327042 -19.825668 -10.913633
v 174.556168 -18.997995 -8.243270
v 174.556549 -18.125849 -10.386494
v 180.364471 -16.225355 -7.757098
v 170.327271 -19.750433 4.570207
v 170.327026 -19.822962 5.462564
v 158.731964 -21.874634 6.792054
v 174.557205 -18.987011 4.264575
v 174.556549 -19.262690 5.181434
v 179.236328 -17.779238 5.145408
v 170.327026 -19.825666 8.273617
v 170.327179 -22.304319 5.807380
v 170.327255 -23.891756 6.533358
v 170.327301 -24.671692 8.273106
v 170.327271 -23.882820 10.050299
v 170.327179 -22.293232 10.695345
v 170.327042 -19.825668 10.913631
v 174.556168 -18.997995 8.243268
v 174.556549 -18.125849 10.386492
v 180.364471 -16.225355 7.757097
v -276.086151 7.892467 0.000001
v -276.089447 7.056232 2.552191
v -276.097870 15.304883 2.538568
v -276.097870 16.626961 2.231556
v -276.097870 15.304883 -2.538566
v -276.089447 7.056232 -2.552190
v -276.097870 16.612263 -2.231555
v -276.097870 17.923771 0.000001
v -276.097870 17.578453 1.312599
v -276.097870 17.578453 -1.312598
v 76.904060 -3.415619 -106.023933
v 74.686287 -5.810148 -105.306725
v 74.091560 -5.987028 -106.023933
v 73.225838 -8.025892 -103.935814
v 73.816902 -7.738667 -103.669289
v 72.947517 -9.147672 -102.031853
v 65.643799 -9.274261 -104.034691
v 65.643776 -8.605557 -106.023933
v 53.571865 -9.924040 -106.023933
v 53.572166 -10.642424 -103.818138
v 72.360115 -9.545254 -102.188004
v 65.643532 -10.725799 -102.583076
v 53.572529 -11.663053 -102.796776
v 53.572529 -12.250494 -99.889244
v 72.360115 -10.132698 -99.855026
v 72.947517 -9.735113 -99.846275
v 72.947517 -9.147673 -97.400528
v 65.643532 -11.313238 -99.877220
v 72.360115 -9.545257 -97.244392
v 72.889366 -7.975272 -95.331169
v 65.643532 -10.725799 -96.849304
v 53.572529 -11.663054 -96.635612
v 72.297989 -8.260594 -95.062660
v 65.643768 -9.156910 -94.383202
v 53.571671 -9.940463 -94.015678
v 53.570835 -7.309172 -92.278984
v 65.643776 -6.673920 -92.794914
v 53.569618 -4.384856 -91.778419
v 72.238045 -6.051849 -93.748772
v 72.833260 -5.874845 -94.125679
v 65.644051 -3.952453 -92.294334
v 53.568340 -1.151702 -92.279015
v 72.156181 -3.705473 -93.248207
v 72.756500 -3.676652 -93.625084
v 72.671638 -1.246307 -94.125664
v 72.065681 -1.111296 -93.748787
v 72.615532 0.765377 -95.460594
v 65.644325 -0.943573 -92.794899
v 53.567505 1.390907 -94.145164
v 72.005737 1.008768 -95.192131
v 65.644295 1.450676 -94.512657
v 53.566647 3.202302 -96.635612
v 71.943611 2.382235 -97.244408
v 72.557381 2.026521 -97.400520
v 65.644569 3.108308 -96.849312
v 53.566647 3.737087 -99.746269
v 71.943611 2.917017 -99.740318
v 72.557381 2.561305 -99.738792
v 65.644569 3.643092 -99.744164
v 72.557381 2.026520 -102.031868
v 65.644569 3.108308 -102.583084
v 53.566647 3.202302 -102.796791
v 53.567013 2.181551 -103.818123
v 71.943611 2.382233 -102.187996
v 65.644325 1.656768 -104.034706
v 53.572906 1.410850 -105.934624
v 72.685646 0.859244 -104.138985
v 73.295517 0.613807 -103.872490
v 65.644547 0.987946 -106.023926
v 73.918709 -1.046475 -106.023933
v 74.524666 -1.181609 -105.306725
v 76.904060 -3.415619 -106.023933
v 74.524666 -1.181607 -106.741142
v 73.295517 0.613805 -108.175377
v 65.644325 1.656769 -108.013161
v 53.567013 2.181550 -108.229744
v 72.685646 0.859243 -107.908875
v 72.557381 2.026522 -110.015999
v 65.644569 3.108310 -109.464767
v 53.566647 3.202304 -109.251076
v 71.943611 2.382233 -109.859871
v 53.566647 3.737086 -112.301590
v 71.943611 2.917019 -112.307541
v 72.557381 2.561304 -112.309074
v 72.557381 2.026520 -114.647354
v 65.644569 3.643092 -112.303703
v 71.943611 2.382236 -114.803459
v 72.615532 0.765378 -116.587265
v 65.644569 3.108310 -115.198555
v 53.566647 3.202303 -115.412254
v 72.005737 1.008766 -116.855736
v 65.644295 1.450676 -117.535202
v 53.567505 1.390909 -117.902710
v 72.065681 -1.111297 -118.299072
v 65.644325 -0.943570 -119.252975
v 53.568340 -1.151701 -119.768852
v 72.671638 -1.246305 -117.922203
v 65.644051 -3.952451 -119.753525
v 53.569618 -4.384854 -120.269440
v 72.156181 -3.705470 -118.799652
v 72.756500 -3.676651 -118.422783
v 72.833260 -5.874846 -117.922180
v 72.238045 -6.051848 -118.299095
v 72.889366 -7.975269 -116.716698
v 65.643776 -6.673916 -119.252953
v 53.570835 -7.309170 -119.768890
v 72.297989 -8.260593 -116.985207
v 65.643768 -9.156907 -117.664673
v 53.571671 -9.940465 -118.032181
v 53.572529 -11.663053 -115.412254
v 65.643532 -10.725797 -115.198563
v 53.572529 -12.250493 -112.158623
v 72.360115 -9.545256 -114.803474
v 72.947517 -9.147673 -114.647339
v 65.643532 -11.313239 -112.170647
v 72.360115 -10.132698 -112.192833
v 72.947517 -9.735115 -112.201591
v 72.947517 -9.147673 -110.016014
v 65.643532 -10.725799 -109.464790
v 53.572529 -11.663054 -109.251083
v 53.572166 -10.642423 -108.229729
v 72.360115 -9.545255 -109.859871
v 65.643799 -9.274260 -108.013176
v 53.571865 -9.924040 -106.023933
v 65.643776 -8.605557 -106.023933
v 74.091560 -5.987028 -106.023933
v 73.225838 -8.025892 -108.112053
v 73.816902 -7.738668 -108.378578
v 74.686287 -5.810149 -106.741142
v 76.904060 -3.415619 -106.023933
v 17.029865 -8.491036 -185.481216
v 14.812092 -10.885567 -184.764008
v 14.217365 -11.062446 -185.481216
v 13.351643 -13.101311 -183.393097
v 13.942707 -12.814085 -183.126572
v 13.073322 -14.223090 -181.489136
v 5.769604 -14.349679 -183.491974
v 5.769581 -13.680975 -185.481216
v -6.302330 -14.999457 -185.481216
v -6.302029 -15.717842 -183.275421
v 12.485920 -14.620672 -181.645294
v 5.769337 -15.801217 -182.040359
v -6.301666 -16.738472 -182.254059
v -6.301666 -17.325912 -179.346527
v 12.485920 -15.208117 -179.312317
v 13.073322 -14.810532 -179.303558
v 13.073322 -14.223090 -176.857819
v 5.769337 -16.388657 -179.334503
v 12.485920 -14.620674 -176.701675
v 13.015171 -13.050690 -174.788452
v 5.769337 -15.801216 -176.306580
v -6.301666 -16.738472 -176.092896
v 12.423794 -13.336012 -174.519943
v 5.769573 -14.232327 -173.840485
v -6.302525 -15.015881 -173.472961
v -6.303360 -12.384589 -171.736267
v 5.769581 -11.749338 -172.252197
v -6.304577 -9.460274 -171.235703
v 12.363850 -11.127267 -173.206055
v 12.959064 -10.950263 -173.582962
v 5.769855 -9.027870 -171.751617
v -6.305855 -6.227120 -171.736298
v 12.281986 -8.780890 -172.705490
v 12.882305 -8.752069 -173.082367
v 12.797443 -6.321724 -173.582947
v 12.191486 -6.186714 -173.206070
v 12.741337 -4.310041 -174.917877
v 5.770130 -6.018991 -172.252182
v -6.306690 -3.684511 -173.602448
v 12.131542 -4.066650 -174.649414
v 5.770100 -3.624742 -173.969940
v -6.307549 -1.873116 -176.092896
v 12.069416 -2.693183 -176.701691
v 12.683186 -3.048897 -176.857803
v 5.770374 -1.967110 -176.306595
v -6.307549 -1.338330 -179.203552
v 12.069416 -2.158401 -179.197601
v 12.683186 -2.514112 -179.196075
v 5.770374 -1.432325 -179.201447
v 12.683186 -3.048898 -181.489151
v 5.770374 -1.967110 -182.040375
v -6.307549 -1.873116 -182.254074
v -6.307182 -2.893867 -183.275406
v 12.069416 -2.693185 -181.645279
v 5.770130 -3.418650 -183.491989
v -6.301289 -3.664567 -185.391907
v 12.811451 -4.216174 -183.596268
v 13.421322 -4.461611 -183.329773
v 5.770351 -4.087472 -185.481201
v 14.044514 -6.121893 -185.481216
v 14.650471 -6.257027 -184.764008
v 17.029865 -8.491036 -185.481216
v 14.650471 -6.257025 -186.198425
v 13.421322 -4.461613 -187.632660
v 5.770130 -3.418649 -187.470444
v -6.307182 -2.893868 -187.687027
v 12.811451 -4.216175 -187.366150
v 12.683186 -3.048896 -189.473282
v 5.770374 -1.967108 -188.922058
v -6.307549 -1.873114 -188.708359
v 12.069416 -2.693184 -189.317154
v -6.307549 -1.338332 -191.758881
v 12.069416 -2.158399 -191.764832
v 12.683186 -2.514114 -191.766357
v 12.683186 -3.048897 -194.104645
v 5.770374 -1.432326 -191.760986
v 12.069416 -2.693182 -194.260742
v 12.741337 -4.310040 -196.044556
v 5.770374 -1.967108 -194.655838
v -6.307549 -1.873115 -194.869537
v 12.131542 -4.066652 -196.313019
v 5.770100 -3.624742 -196.992493
v -6.306690 -3.684509 -197.359985
v 12.191486 -6.186715 -197.756348
v 5.770130 -6.018988 -198.710266
v -6.305855 -6.227119 -199.226135
v 12.797443 -6.321723 -197.379486
v 5.769855 -9.027868 -199.210815
v -6.304577 -9.460272 -199.726715
v 12.281986 -8.780888 -198.256927
v 12.882305 -8.752069 -197.880066
v 12.959064 -10.950264 -197.379456
v 12.363850 -11.127266 -197.756378
v 13.015171 -13.050687 -196.173981
v 5.769581 -11.749334 -198.710236
v -6.303360 -12.384588 -199.226166
v 12.423794 -13.336011 -196.442490
v 5.769573 -14.232325 -197.121948
v -6.302525 -15.015882 -197.489471
v -6.301666 -16.738472 -194.869537
v 5.769337 -15.801214 -194.655853
v -6.301666 -17.325912 -191.615906
v 12.485920 -14.620673 -194.260757
v 13.073322 -14.223090 -194.104614
v 5.769337 -16.388657 -191.627930
v 12.485920 -15.208116 -191.650116
v 13.073322 -14.810533 -191.658875
v 13.073322 -14.223090 -189.473297
v 5.769337 -15.801216 -188.922073
v -6.301666 -16.738472 -188.708374
v -6.302029 -15.717840 -187.687012
v 12.485920 -14.620672 -189.317154
v 5.769604 -14.349677 -187.470459
v -6.302330 -14.999457 -185.481216
v 5.769581 -13.680975 -185.481216
v 14.217365 -11.062446 -185.481216
v 13.351643 -13.101310 -187.569336
v 13.942707 -12.814086 -187.835861
v 14.812092 -10.885567 -186.198425
v 17.029865 -8.491036 -185.481216
v 76.904060 -3.415628 106.023933
v 74.091560 -5.987038 106.023933
v 74.686287 -5.810158 105.306725
v 73.225838 -8.025902 103.935814
v 73.816902 -7.738676 103.669289
v 72.947517 -9.147681 102.031853
v 65.643799 -9.274270 104.034691
v 65.643776 -8.605567 106.023933
v 53.571865 -9.924049 106.023933
v 53.572166 -10.642433 103.818138
v 72.360115 -9.545263 102.188004
v 65.643532 -10.725808 102.583076
v 53.572529 -11.663062 102.796776
v 53.572529 -12.250504 99.889244
v 72.360115 -10.132708 99.855026
v 72.947517 -9.735123 99.846275
v 72.947517 -9.147680 97.400528
v 65.643532 -11.313248 99.877220
v 72.360115 -9.545264 97.244392
v 72.889366 -7.975280 95.331169
v 65.643532 -10.725806 96.849304
v 53.572529 -11.663062 96.635612
v 72.297989 -8.260602 95.062660
v 65.643768 -9.156918 94.383202
v 53.571671 -9.940471 94.015678
v 53.570835 -7.309179 92.278984
v 65.643776 -6.673929 92.794914
v 53.569618 -4.384864 91.778419
v 72.238045 -6.051857 93.748772
v 72.833260 -5.874854 94.125679
v 65.644051 -3.952461 92.294334
v 53.568340 -1.151710 92.279015
v 72.156181 -3.705481 93.248207
v 72.756500 -3.676660 93.625084
v 72.671638 -1.246315 94.125664
v 65.644325 -0.943581 92.794899
v 72.065681 -1.111304 93.748787
v 72.615532 0.765369 95.460594
v 53.567505 1.390898 94.145164
v 72.005737 1.008759 95.192131
v 65.644295 1.450667 94.512657
v 53.566647 3.202294 96.635612
v 71.943611 2.382226 97.244408
v 72.557381 2.026512 97.400520
v 65.644569 3.108299 96.849312
v 53.566647 3.737079 99.746269
v 71.943611 2.917009 99.740318
v 72.557381 2.561297 99.738792
v 65.644569 3.643084 99.744164
v 72.557381 2.026511 102.031868
v 65.644569 3.108299 102.583084
v 53.566647 3.202292 102.796791
v 53.567013 2.181542 103.818123
v 71.943611 2.382224 102.187996
v 65.644325 1.656759 104.034706
v 53.572906 1.410841 105.934624
v 72.685646 0.859235 104.138985
v 73.295517 0.613798 103.872490
v 65.644547 0.987937 106.023926
v 73.918709 -1.046484 106.023933
v 74.524666 -1.181618 105.306725
v 76.904060 -3.415628 106.023933
v 74.524666 -1.181616 106.741142
v 73.295517 0.613796 108.175377
v 65.644325 1.656760 108.013161
v 53.567013 2.181541 108.229744
v 72.685646 0.859233 107.908875
v 72.557381 2.026513 110.015999
v 65.644569 3.108300 109.464767
v 53.566647 3.202294 109.251076
v 71.943611 2.382224 109.859871
v 53.566647 3.737076 112.301590
v 71.943611 2.917009 112.307541
v 72.557381 2.561294 112.309074
v 72.557381 2.026510 114.647354
v 65.644569 3.643082 112.303703
v 71.943611 2.382226 114.803459
v 72.615532 0.765368 116.587265
v 65.644569 3.108300 115.198555
v 53.566647 3.202293 115.412254
v 72.005737 1.008756 116.855736
v 65.644295 1.450665 117.535202
v 53.567505 1.390898 117.902710
v 72.065681 -1.111307 118.299072
v 65.644325 -0.943580 119.252975
v 53.568340 -1.151711 119.768852
v 72.671638 -1.246315 117.922203
v 65.644051 -3.952461 119.753525
v 53.569618 -4.384864 120.269440
v 72.156181 -3.705480 118.799652
v 72.756500 -3.676661 118.422783
v 72.833260 -5.874856 117.922180
v 72.238045 -6.051858 118.299095
v 72.889366 -7.975279 116.716698
v 65.643776 -6.673927 119.252953
v 53.570835 -7.309181 119.768890
v 72.297989 -8.260603 116.985207
v 65.643768 -9.156917 117.664673
v 53.571671 -9.940475 118.032181
v 53.572529 -11.663062 115.412254
v 65.643532 -10.725806 115.198563
v 53.572529 -12.250503 112.158623
v 72.360115 -9.545265 114.803474
v 72.947517 -9.147682 114.647339
v 65.643532 -11.313249 112.170647
v 72.360115 -10.132708 112.192833
v 72.947517 -9.735125 112.201591
v 72.947517 -9.147682 110.016014
v 65.643532 -10.725808 109.464790
v 53.572529 -11.663063 109.251083
v 53.572166 -10.642432 108.229729
v 72.360115 -9.545264 109.859871
v 65.643799 -9.274269 108.013176
v 53.571865 -9.924049 106.023933
v 65.643776 -8.605567 106.023933
v 74.091560 -5.987038 106.023933
v 73.225838 -8.025902 108.112053
v 73.816902 -7.738678 108.378578
v 74.686287 -5.810159 106.741142
v 76.904060 -3.415628 106.023933
v 17.029865 -8.491054 185.481216
v 14.217365 -11.062463 185.481216
v 14.812092 -10.885582 184.764008
v 13.351643 -13.101326 183.393097
v 13.942707 -12.814100 183.126572
v 13.073322 -14.223105 181.489136
v 5.769604 -14.349694 183.491974
v 5.769581 -13.680992 185.481216
v -6.302330 -14.999475 185.481216
v -6.302029 -15.717857 183.275421
v 12.485920 -14.620687 181.645294
v 5.769337 -15.801232 182.040359
v -6.301666 -16.738487 182.254059
v -6.301666 -17.325928 179.346527
v 12.485920 -15.208132 179.312317
v 13.073322 -14.810547 179.303558
v 13.073322 -14.223105 176.857819
v 5.769337 -16.388672 179.334503
v 12.485920 -14.620689 176.701675
v 13.015171 -13.050705 174.788452
v 5.769337 -15.801231 176.306580
v -6.301666 -16.738487 176.092896
v 12.423794 -13.336027 174.519943
v 5.769573 -14.232343 173.840485
v -6.302525 -15.015896 173.472961
v -6.303360 -12.384604 171.736267
v 5.769581 -11.749353 172.252197
v -6.304577 -9.460289 171.235703
v 12.363850 -11.127282 173.206055
v 12.959064 -10.950278 173.582962
v 5.769855 -9.027885 171.751617
v -6.305855 -6.227135 171.736298
v 12.281986 -8.780906 172.705490
v 12.882305 -8.752085 173.082367
v 12.797443 -6.321740 173.582947
v 5.770130 -6.019006 172.252182
v 12.191486 -6.186729 173.206070
v 12.741337 -4.310056 174.917877
v -6.306690 -3.684526 173.602448
v 12.131542 -4.066666 174.649414
v 5.770100 -3.624758 173.969940
v -6.307549 -1.873131 176.092896
v 12.069416 -2.693198 176.701691
v 12.683186 -3.048913 176.857803
v 5.770374 -1.967125 176.306595
v -6.307549 -1.338346 179.203552
v 12.069416 -2.158416 179.197601
v 12.683186 -2.514128 179.196075
v 5.770374 -1.432341 179.201447
v 12.683186 -3.048914 181.489151
v 5.770374 -1.967126 182.040375
v -6.307549 -1.873132 182.254074
v -6.307182 -2.893883 183.275406
v 12.069416 -2.693201 181.645279
v 5.770130 -3.418666 183.491989
v -6.301289 -3.664584 185.391907
v 12.811451 -4.216190 183.596268
v 13.421322 -4.461627 183.329773
v 5.770351 -4.087488 185.481201
v 14.044514 -6.121909 185.481216
v 14.650471 -6.257043 184.764008
v 17.029865 -8.491054 185.481216
v 14.650471 -6.257041 186.198425
v 13.421322 -4.461629 187.632660
v 5.770130 -3.418665 187.470444
v -6.307182 -2.893884 187.687027
v 12.811451 -4.216191 187.366150
v 12.683186 -3.048912 189.473282
v 5.770374 -1.967125 188.922058
v -6.307549 -1.873131 188.708359
v 12.069416 -2.693201 189.317154
v -6.307549 -1.338348 191.758881
v 12.069416 -2.158416 191.764832
v 12.683186 -2.514131 191.766357
v 12.683186 -3.048914 194.104645
v 5.770374 -1.432343 191.760986
v 12.069416 -2.693199 194.260742
v 12.741337 -4.310057 196.044556
v 5.770374 -1.967125 194.655838
v -6.307549 -1.873132 194.869537
v 12.131542 -4.066669 196.313019
v 5.770100 -3.624759 196.992493
v -6.306690 -3.684526 197.359985
v 12.191486 -6.186732 197.756348
v 5.770130 -6.019005 198.710266
v -6.305855 -6.227136 199.226135
v 12.797443 -6.321740 197.379486
v 5.769855 -9.027885 199.210815
v -6.304577 -9.460289 199.726715
v 12.281986 -8.780905 198.256927
v 12.882305 -8.752086 197.880066
v 12.959064 -10.950281 197.379456
v 12.363850 -11.127283 197.756378
v 13.015171 -13.050704 196.173981
v 5.769581 -11.749352 198.710236
v -6.303360 -12.384605 199.226166
v 12.423794 -13.336028 196.442490
v 5.769573 -14.232342 197.121948
v -6.302525 -15.015900 197.489471
v -6.301666 -16.738487 194.869537
v 5.769337 -15.801231 194.655853
v -6.301666 -17.325928 191.615906
v 12.485920 -14.620690 194.260757
v 13.073322 -14.223107 194.104614
v 5.769337 -16.388672 191.627930
v 12.485920 -15.208133 191.650116
v 13.073322 -14.810550 191.658875
v 13.073322 -14.223107 189.473297
v 5.769337 -15.801233 188.922073
v -6.301666 -16.738487 188.708374
v -6.302029 -15.717857 187.687012
v 12.485920 -14.620689 189.317154
v 5.769604 -14.349694 187.470459
v -6.302330 -14.999475 185.481216
v 5.769581 -13.680992 185.481216
v 14.217365 -11.062463 185.481216
v 13.351643 -13.101327 187.569336
v 13.942707 -12.814103 187.835861
v 14.812092 -10.885584 186.198425
v 17.029865 -8.491054 185.481216
v 53.572529 -11.663054 -96.635612
v 53.571671 -9.940463 -94.015678
v 53.567013 2.181551 -103.818123
v 53.570835 -7.309172 -92.278984
v 53.569618 -4.384856 -91.778419
v 53.568340 -1.151702 -92.279015
v 53.567505 1.390907 -94.145164
v 53.566647 3.202302 -96.635612
v 53.566647 3.737087 -99.746269
v 53.566647 3.202302 -102.796791
v 53.572529 -11.663053 -115.412254
v 53.567013 2.181550 -108.229744
v 53.571671 -9.940465 -118.032181
v 53.570835 -7.309170 -119.768890
v 53.569618 -4.384854 -120.269440
v 53.568340 -1.151701 -119.768852
v 53.567505 1.390909 -117.902710
v 53.566647 3.202303 -115.412254
v 53.566647 3.737086 -112.301590
v 53.566647 3.202304 -109.251076
v -6.301666 -16.738472 -176.092896
v -6.302525 -15.015881 -173.472961
v -6.307182 -2.893867 -183.275406
v -6.303360 -12.384589 -171.736267
v -6.304577 -9.460274 -171.235703
v -6.305855 -6.227120 -171.736298
v -6.306690 -3.684511 -173.602448
v -6.307549 -1.873116 -176.092896
v -6.307549 -1.338330 -179.203552
v -6.307549 -1.873116 -182.254074
v -6.301666 -16.738472 -194.869537
v -6.307182 -2.893868 -187.687027
v -6.302525 -15.015882 -197.489471
v -6.303360 -12.384588 -199.226166
v -6.304577 -9.460272 -199.726715
v -6.305855 -6.227119 -199.226135
v -6.306690 -3.684509 -197.359985
v -6.307549 -1.873115 -194.869537
v -6.307549 -1.338332 -191.758881
v -6.307549 -1.873114 -188.708359
v 53.572529 -11.663062 96.635612
v 53.567013 2.181542 103.818123
v 53.571671 -9.940471 94.015678
v 53.570835 -7.309179 92.278984
v 53.569618 -4.384864 91.778419
v 53.568340 -1.151710 92.279015
v 53.567505 1.390898 94.145164
v 53.566647 3.202294 96.635612
v 53.566647 3.737079 99.746269
v 53.566647 3.202292 102.796791
v 53.572529 -11.663062 115.412254
v 53.571671 -9.940475 118.032181
v 53.567013 2.181541 108.229744
v 53.570835 -7.309181 119.768890
v 53.569618 -4.384864 120.269440
v 53.568340 -1.151711 119.768852
v 53.567505 1.390898 117.902710
v 53.566647 3.202293 115.412254
v 53.566647 3.737076 112.301590
v 53.566647 3.202294 109.251076
v -6.301666 -16.738487 176.092896
v -6.307182 -2.893883 183.275406
v -6.302525 -15.015896 173.472961
v -6.303360 -12.384604 171.736267
v -6.304577 -9.460289 171.235703
v -6.305855 -6.227135 171.736298
v -6.306690 -3.684526 173.602448
v -6.307549 -1.873131 176.092896
v -6.307549 -1.338346 179.203552
v -6.307549 -1.873132 182.254074
v -6.301666 -16.738487 194.869537
v -6.302525 -15.015900 197.489471
v -6.307182 -2.893884 187.687027
v -6.303360 -12.384605 199.226166
v -6.304577 -9.460289 199.726715
v -6.305855 -6.227136 199.226135
v -6.306690 -3.684526 197.359985
v -6.307549 -1.873132 194.869537
v -6.307549 -1.338348 191.758881
v -6.307549 -1.873131 188.708359
v 174.363556 -4.545265 14.411970
v 168.069595 -4.682137 14.105301
v 167.717987 -5.108654 14.157793
v 176.588562 -3.673390 12.919084
v 167.717987 -5.640075 14.134230
v 179.306732 -4.316179 14.153763
v 182.295883 -3.917192 11.917227
v 174.363556 -6.000019 14.265289
v 168.069595 -6.025418 14.036171
v 176.588562 -6.764781 12.830033
v 182.653610 -4.323668 13.036999
v 183.684204 -4.650263 11.649957
v 179.306732 -6.207372 14.022799
v 182.295883 -6.684744 11.666621
v 182.653610 -6.120851 12.905238
v 183.762466 -5.725887 11.515181
v 167.717987 -5.108654 -14.145186
v 168.069595 -4.682136 -14.144661
v 174.363556 -4.545264 -14.411970
v 167.717987 -5.640074 -14.145185
v 176.588562 -3.673389 -12.878155
v 174.363556 -6.000018 -14.265289
v 168.069595 -6.025417 -14.039901
v 176.588562 -6.764781 -12.814270
v 179.306732 -4.316178 -14.153764
v 182.295883 -3.917191 -11.911094
v 179.306732 -6.207371 -14.022799
v 182.295883 -6.684743 -11.666622
v 182.653610 -4.323667 -13.036999
v 183.684204 -4.650262 -11.588908
v 182.653610 -6.120850 -12.905237
v 183.762466 -5.725887 -11.515181
v 93.426277 12.146451 -12.253717
v 24.194872 7.467482 -109.747742
v 22.740091 8.903905 -109.747536
v 93.884270 14.987215 -8.777973
v -25.815170 4.247193 -176.661453
v 92.254250 16.143942 -6.467295
v -26.997299 4.962039 -176.661438
v -105.948135 -2.302969 -285.121460
v 21.446804 10.090305 -109.747734
v 88.918945 17.123930 -4.281703
v 74.014160 17.013800 -4.306375
v 54.204105 15.978140 -6.600666
v -13.010742 9.512916 -109.747726
v 41.407234 14.898791 -8.834948
v -107.025764 -1.364485 -285.124268
v -109.421776 -2.595683 -287.523254
v -56.719933 5.608774 -176.662933
v -29.430176 6.967006 -109.747726
v 28.610359 12.252089 -12.083273
v -0.124822 6.117572 -14.893659
v -53.380245 2.612422 -109.747726
v -72.282433 3.412965 -176.662491
v -87.292061 0.316287 -173.725311
v -89.194199 0.127060 -183.661880
v -119.673279 -1.386455 -284.758881
v -144.365524 -2.992542 -284.661377
v -110.230385 -1.824202 -286.964478
v -123.858650 -2.621199 -288.410004
v -124.397720 -2.016829 -287.722534
v 24.194872 7.467472 109.747742
v 93.426277 12.146449 12.253719
v 22.740091 8.903895 109.747536
v 93.884270 14.987215 8.777975
v -25.815170 4.247178 176.661453
v 92.254250 16.143942 6.467296
v -26.997299 4.962024 176.661438
v -105.948135 -2.302994 285.121460
v 21.446804 10.090296 109.747734
v 88.918945 17.123930 4.281705
v 74.014160 17.013800 4.306376
v 54.204105 15.978140 6.600667
v -13.010742 9.512906 109.747726
v 41.407234 14.898791 8.834949
v -107.025764 -1.364510 285.124268
v -109.421776 -2.595708 287.523254
v -56.719933 5.608759 176.662933
v -29.430176 6.966997 109.747726
v 28.610359 12.252087 12.083275
v -0.124822 6.117571 14.893659
v -53.380245 2.612412 109.747726
v -72.282433 3.412950 176.662491
v -87.292061 0.316272 173.725311
v -89.194199 0.127044 183.661880
v -119.673279 -1.386480 284.758881
v -144.365524 -2.992567 284.661377
v -110.230385 -1.824227 286.964478
v -123.858650 -2.621225 288.410004
v -124.397720 -2.016855 287.722534
v 67.528648 -3.754607 -99.716187
v 67.528648 0.458864 -101.478729
v 67.528648 0.458866 -98.071587
v 67.528648 -1.948851 -95.662392
v 67.528648 -1.901253 -103.887939
v 67.528648 -5.353922 -95.662392
v 67.528648 -5.306325 -103.887947
v 67.528648 -7.761638 -98.071617
v 67.528648 -7.761640 -101.478729
v 67.528648 -3.754607 -112.331688
v 67.528648 0.458867 -113.976280
v 67.528648 0.458869 -110.569138
v 67.528648 -1.948850 -116.385475
v 67.528648 -1.901254 -108.159920
v 67.528648 -5.353920 -116.385483
v 67.528648 -5.306326 -108.159927
v 67.528648 -7.761637 -113.976250
v 67.528648 -7.761640 -110.569130
v 7.654453 -8.830025 -179.173462
v 7.654453 -4.616553 -180.936005
v 7.654453 -4.616552 -177.528870
v 7.654453 -7.024269 -175.119675
v 7.654453 -6.976671 -183.345215
v 7.654453 -10.429340 -175.119675
v 7.654453 -10.381743 -183.345230
v 7.654453 -12.837056 -177.528900
v 7.654453 -12.837058 -180.936005
v 7.654453 -8.830025 -191.788971
v 7.654453 -4.616551 -193.433563
v 7.654453 -4.616549 -190.026428
v 7.654453 -7.024268 -195.842758
v 7.654453 -6.976672 -187.617203
v 7.654453 -10.429338 -195.842773
v 7.654453 -10.381743 -187.617218
v 7.654453 -12.837054 -193.433533
v 7.654453 -12.837057 -190.026413
v 67.528648 -3.754616 99.716187
v 67.528648 0.458858 98.071587
v 67.528648 0.458855 101.478729
v 67.528648 -1.948859 95.662392
v 67.528648 -1.901262 103.887939
v 67.528648 -5.353931 95.662392
v 67.528648 -5.306334 103.887947
v 67.528648 -7.761647 98.071617
v 67.528648 -7.761649 101.478729
v 67.528648 -3.754617 112.331688
v 67.528648 0.458859 110.569138
v 67.528648 0.458857 113.976280
v 67.528648 -1.948860 116.385475
v 67.528648 -1.901264 108.159920
v 67.528648 -5.353931 116.385483
v 67.528648 -5.306335 108.159927
v 67.528648 -7.761646 113.976250
v 67.528648 -7.761649 110.569130
v 7.654453 -8.830040 179.173462
v 7.654453 -4.616567 177.528870
v 7.654453 -4.616570 180.936005
v 7.654453 -7.024284 175.119675
v 7.654453 -6.976687 183.345215
v 7.654453 -10.429356 175.119675
v 7.654453 -10.381759 183.345230
v 7.654453 -12.837071 177.528900
v 7.654453 -12.837073 180.936005
v 7.654453 -8.830042 191.788971
v 7.654453 -4.616566 190.026428
v 7.654453 -4.616568 193.433563
v 7.654453 -7.024285 195.842758
v 7.654453 -6.976688 187.617203
v 7.654453 -10.429356 195.842773
v 7.654453 -10.381761 187.617218
v 7.654453 -12.837071 193.433533
v 7.654453 -12.837074 190.026413
v 172.708618 -18.810768 7.219599
v 172.652954 -20.276733 7.352170
v 172.182968 -18.810768 6.401087
v 173.017838 -18.810768 8.221538
v 172.182968 -20.820272 6.601310
v 171.170135 -18.810768 5.854175
v 172.652954 -20.935946 7.626278
v 171.170135 -21.592224 6.156306
v 169.975433 -18.810768 5.662125
v 169.975433 -22.167715 5.984801
v 172.182968 -21.926651 7.104341
v 171.170135 -22.907547 6.755594
v 169.958817 -23.586761 6.691683
v 172.652954 -21.260880 8.221538
v 172.182968 -22.305265 8.221538
v 171.170135 -23.495104 8.221538
v 169.942200 -24.278046 8.222094
v 169.958817 -23.586761 9.830630
v 171.170135 -22.907547 9.649613
v 169.975433 -22.167715 10.438169
v 172.182968 -21.926651 9.300866
v 171.170135 -21.592224 10.266665
v 169.975433 -18.810768 10.708076
v 171.170135 -18.810768 10.516025
v 172.652954 -20.935946 8.778929
v 172.182968 -20.820272 9.821660
v 172.182968 -18.810768 9.969112
v 172.652954 -20.276733 9.070800
v 172.708618 -18.810768 9.150600
v 172.708618 -18.810768 -7.219601
v 172.182968 -18.810768 -6.401089
v 172.652954 -20.276733 -7.352172
v 173.017838 -18.810768 -8.221539
v 172.182968 -20.820272 -6.601312
v 171.170135 -18.810768 -5.854177
v 172.652954 -20.935946 -7.626280
v 171.170135 -21.592224 -6.156308
v 169.975433 -18.810768 -5.662127
v 169.975433 -22.167715 -5.984803
v 172.182968 -21.926651 -7.104343
v 171.170135 -22.907547 -6.755596
v 169.958817 -23.586761 -6.691686
v 172.652954 -21.260880 -8.221539
v 172.182968 -22.305265 -8.221539
v 171.170135 -23.495104 -8.221539
v 169.942200 -24.278046 -8.222095
v 169.958817 -23.586761 -9.830632
v 171.170135 -22.907547 -9.649615
v 169.975433 -22.167715 -10.438170
v 172.182968 -21.926651 -9.300868
v 171.170135 -21.592224 -10.266666
v 169.975433 -18.810768 -10.708076
v 171.170135 -18.810768 -10.516026
v 172.652954 -20.935946 -8.778931
v 172.182968 -20.820272 -9.821662
v 172.182968 -18.810768 -9.969114
v 172.652954 -20.276733 -9.070802
v 172.708618 -18.810768 -9.150602
v 203.084457 -3.739725 1.100165
v 203.817505 -5.273502 0.000000
v 203.084518 -3.416079 -0.000000
v 203.091980 -4.567163 1.899366
v 203.084457 -3.739725 -1.100166
v 203.099350 -5.273546 2.182113
v 203.091980 -4.567163 -1.899366
v 203.099335 -5.986256 1.911558
v 203.099350 -5.273546 -2.182113
v 203.077148 -6.787493 1.059818
v 203.099335 -5.986256 -1.911559
v 203.077164 -7.072605 -0.000000
v 203.077148 -6.787493 -1.059819
v -52.637318 -12.123290 -234.035492
v -58.970631 -13.359436 -235.380615
v -52.629963 -12.390774 -235.380615
v -47.219791 -10.849555 -235.380630
v -58.979733 -13.028495 -233.716339
v -87.268005 -14.126571 -235.380630
v -47.236599 -10.237891 -233.903519
v -45.810150 -10.021634 -235.380646
v -52.658257 -11.361564 -232.895142
v -87.276360 -13.779803 -234.046204
v -98.370148 -12.692659 -235.381561
v -59.005646 -12.086060 -232.305450
v -98.400696 -11.858863 -233.838013
v -107.823257 -10.629059 -235.380600
v -87.300209 -12.792295 -232.914886
v -59.044399 -10.675601 -231.362793
v -107.836884 -10.065204 -234.816574
v -108.529922 -10.081944 -235.380615
v -87.335945 -11.314385 -232.158997
v -107.850494 -9.501349 -235.380585
v -52.689602 -10.221560 -232.133194
v -98.496887 -7.820044 -233.725555
v -98.506210 -6.983753 -235.379654
v -98.453217 -9.835793 -233.119522
v -87.479683 -5.362352 -234.046204
v -87.488037 -5.015587 -235.380630
v -59.209667 -4.664281 -235.380615
v -87.378052 -9.571078 -231.893585
v -59.200558 -4.995227 -233.716339
v -87.420128 -7.827766 -232.159012
v -87.455818 -6.349858 -232.914902
v -59.174656 -5.937666 -232.305450
v -59.135914 -7.348116 -231.362808
v -59.090160 -9.011861 -231.031723
v -52.794880 -6.392111 -232.895142
v -52.763546 -7.532108 -232.133194
v -52.726566 -8.876833 -231.865616
v -47.277195 -8.761209 -233.291641
v -47.317783 -7.284529 -233.903519
v -52.815830 -5.630384 -234.035492
v -52.823177 -5.362901 -235.380615
v -47.334614 -6.672864 -235.380646
v -45.881115 -7.440040 -235.380646
v -45.845634 -8.730836 -234.089462
v -44.620266 -8.704835 -235.380630
v -45.810150 -10.021634 -235.380646
v -45.845631 -8.730838 -236.671829
v -45.881115 -7.440040 -235.380646
v -47.236599 -10.237890 -236.857727
v -47.219791 -10.849555 -235.380630
v -47.317783 -7.284531 -236.857712
v -47.334614 -6.672864 -235.380646
v -47.277206 -8.761211 -237.469589
v -52.637314 -12.123288 -236.725677
v -52.629963 -12.390774 -235.380615
v -58.970631 -13.359436 -235.380615
v -58.979733 -13.028502 -237.044830
v -87.268005 -14.126571 -235.380630
v -52.658257 -11.361567 -237.866058
v -87.276367 -13.779801 -236.715057
v -98.370148 -12.692659 -235.381561
v -59.005646 -12.086068 -238.455688
v -52.689602 -10.221559 -238.627991
v -59.044399 -10.675610 -239.398422
v -87.300217 -12.792293 -237.846313
v -98.379456 -11.854359 -237.035645
v -107.823257 -10.629059 -235.380600
v -87.335945 -11.314391 -238.602219
v -107.836884 -10.065206 -235.944611
v -107.850494 -9.501349 -235.380585
v -98.423157 -9.839586 -237.641693
v -98.475662 -7.819558 -236.923187
v -98.506210 -6.983753 -235.379654
v -87.378075 -9.571080 -238.867661
v -87.479683 -5.362350 -236.715057
v -87.488037 -5.015587 -235.380630
v -59.209667 -4.664281 -235.380615
v -87.420128 -7.827764 -238.602234
v -87.455811 -6.349860 -237.846313
v -59.200558 -4.995226 -237.044815
v -59.174656 -5.937662 -238.455688
v -59.135914 -7.348122 -239.398453
v -59.090160 -9.011857 -239.729446
v -52.794880 -6.392113 -237.866058
v -52.726566 -8.876837 -238.895569
v -52.763538 -7.532109 -238.627960
v -52.815830 -5.630384 -236.725677
v -52.823177 -5.362901 -235.380615
v -279.354248 4.609959 -1.358886
v -281.477600 3.435473 1.029479
v -279.354248 4.609959 1.358886
v -279.354248 1.652236 2.717773
v -281.477600 3.435473 -1.029480
v -279.354248 1.652236 -2.717772
v -281.477600 1.652236 2.058961
v -281.477600 1.652236 -2.058961
v -281.477600 -0.130750 1.029480
v -279.354248 -1.305487 1.358885
v -282.942322 1.652236 0.000000
v -281.477600 -0.130750 -1.029480
v -279.354248 -1.305487 -1.358884
v -236.531448 11.351278 6.521110
v -234.899414 10.620976 5.496356
v -234.187988 11.369441 5.523190
v -234.923660 12.117848 5.473054
v -236.947037 10.475757 6.272055
v -237.369797 10.030354 5.326199
v -236.972046 12.225581 6.293666
v -237.405273 12.674905 5.357770
v -240.317154 10.055699 6.624468
v -242.765091 9.335203 5.087396
v -240.343903 11.310983 7.043029
v -243.663452 9.900879 6.437614
v -245.288361 9.776496 4.870934
v -240.341583 12.575338 6.646131
v -242.800507 13.246765 4.818183
v -244.125641 11.268084 6.642324
v -246.009033 11.248577 4.740732
v -245.312744 12.733532 4.695915
v -243.688110 12.650461 6.460035
v -220.557007 55.474358 2.131757
v -221.405334 53.940800 1.524864
v -219.797897 55.467850 1.588713
v -221.433441 57.003738 1.501932
v -222.896820 54.129688 2.069547
v -224.838348 53.099323 1.479182
v -223.285172 56.796913 2.118052
v -224.876694 57.782547 1.445750
v -229.152115 54.110390 2.256996
v -229.395950 53.031624 1.438818
v -229.203857 55.458485 2.630975
v -235.287704 54.060501 2.082621
v -236.768723 53.810276 0.789478
v -229.188049 56.782143 2.247682
v -230.586411 57.714851 1.399527
v -237.693176 55.393745 2.120437
v -238.450790 55.342743 0.619616
v -236.797073 56.873520 0.824193
v -235.039658 56.748394 2.166602
v -245.312744 12.733532 -4.695913
v -244.125641 11.268084 -6.642323
v -246.009033 11.248577 -4.740730
v -245.288361 9.776496 -4.870933
v -243.688110 12.650461 -6.460033
v -242.800507 13.246765 -4.818182
v -243.663452 9.900879 -6.437614
v -242.765091 9.335203 -5.087395
v -240.341583 12.575338 -6.646130
v -237.405273 12.674905 -5.357769
v -240.343903 11.310983 -7.043028
v -236.972046 12.225581 -6.293665
v -234.923660 12.117749 -5.473053
v -240.317154 10.055699 -6.624467
v -237.369797 10.030354 -5.326198
v -236.531448 11.351278 -6.521109
v -234.187988 11.369441 -5.523190
v -234.899414 10.620857 -5.496356
v -236.947037 10.475757 -6.272054
v -236.797073 56.873520 -0.786442
v -237.693176 55.393745 -2.120432
v -238.450790 55.342743 -0.656362
v -236.768723 53.810276 -0.802182
v -235.039658 56.748394 -2.166598
v -230.609818 57.714851 -1.423852
v -235.287704 54.060501 -2.082617
v -229.371735 53.031624 -1.489801
v -229.188049 56.782143 -2.247678
v -224.876694 57.782547 -1.430679
v -229.203857 55.458485 -2.630970
v -223.285172 56.796913 -2.118048
v -221.433441 57.003738 -1.529916
v -229.152115 54.110390 -2.256991
v -224.838348 53.099323 -1.511924
v -220.557007 55.474358 -2.131751
v -219.797897 55.467850 -1.591918
v -221.405334 53.940800 -1.552848
v -222.896820 54.129688 -2.069542
v -58.970631 -13.359457 235.380615
v -52.637318 -12.123311 234.035492
v -52.629963 -12.390795 235.380615
v -47.219791 -10.849576 235.380630
v -58.979733 -13.028516 233.716339
v -87.268005 -14.126592 235.380630
v -47.236599 -10.237912 233.903519
v -45.810150 -10.021655 235.380646
v -52.658257 -11.361585 232.895142
v -87.276360 -13.779824 234.046204
v -98.370148 -12.692680 235.381561
v -59.005646 -12.086081 232.305450
v -98.400696 -11.858884 233.838013
v -107.823257 -10.629080 235.380600
v -87.300209 -12.792315 232.914886
v -59.044399 -10.675622 231.362793
v -52.689602 -10.221581 232.133194
v -87.335945 -11.314406 232.158997
v -59.090160 -9.011882 231.031723
v -47.277195 -8.761230 233.291641
v -52.726566 -8.876854 231.865616
v -52.763546 -7.532128 232.133194
v -87.378052 -9.571099 231.893585
v -45.845634 -8.730857 234.089462
v -44.620266 -8.704856 235.380630
v -47.317783 -7.284549 233.903519
v -45.881115 -7.440061 235.380646
v -47.334614 -6.672885 235.380646
v -59.135914 -7.348136 231.362808
v -52.794880 -6.392131 232.895142
v -52.815830 -5.630404 234.035492
v -52.823177 -5.362922 235.380615
v -59.209667 -4.664302 235.380615
v -59.200558 -4.995247 233.716339
v -59.174656 -5.937686 232.305450
v -87.420128 -7.827786 232.159012
v -87.455818 -6.349878 232.914902
v -87.479683 -5.362372 234.046204
v -87.488037 -5.015608 235.380630
v -98.506210 -6.983774 235.379654
v -98.496887 -7.820064 233.725555
v -107.850494 -9.501370 235.380585
v -98.453217 -9.835814 233.119522
v -107.836884 -10.065225 234.816574
v -108.529922 -10.081965 235.380615
v -107.823257 -10.629080 235.380600
v -107.836884 -10.065227 235.944611
v -107.850494 -9.501370 235.380585
v -98.379456 -11.854380 237.035645
v -98.370148 -12.692680 235.381561
v -98.475662 -7.819579 236.923187
v -98.506210 -6.983774 235.379654
v -98.423157 -9.839607 237.641693
v -87.276367 -13.779822 236.715057
v -87.268005 -14.126592 235.380630
v -87.335945 -11.314412 238.602219
v -58.979733 -13.028523 237.044830
v -58.970631 -13.359457 235.380615
v -87.300217 -12.792314 237.846313
v -59.005646 -12.086089 238.455688
v -52.637314 -12.123309 236.725677
v -52.629963 -12.390795 235.380615
v -47.219791 -10.849576 235.380630
v -52.658257 -11.361588 237.866058
v -59.044399 -10.675631 239.398422
v -47.236599 -10.237911 236.857727
v -45.810150 -10.021655 235.380646
v -52.689602 -10.221580 238.627991
v -59.090160 -9.011878 239.729446
v -45.845631 -8.730859 236.671829
v -45.881115 -7.440061 235.380646
v -47.277206 -8.761232 237.469589
v -47.317783 -7.284552 236.857712
v -47.334614 -6.672885 235.380646
v -52.726566 -8.876858 238.895569
v -52.763538 -7.532130 238.627960
v -87.378075 -9.571101 238.867661
v -59.135914 -7.348143 239.398453
v -87.420128 -7.827785 238.602234
v -52.794880 -6.392134 237.866058
v -59.174656 -5.937683 238.455688
v -87.455811 -6.349881 237.846313
v -87.479683 -5.362370 236.715057
v -87.488037 -5.015608 235.380630
v -59.209667 -4.664302 235.380615
v -59.200558 -4.995247 237.044815
v -52.815830 -5.630405 236.725677
v -52.823177 -5.362922 235.380615
v 163.578308 7.699100 13.327346
v 164.701859 7.025690 13.708616
v 164.768036 7.116184 13.554775
v 167.681244 7.132813 13.408911
v 163.420181 7.657001 13.490631
v 162.872025 8.807878 12.862231
v 167.843063 7.045673 13.558500
v 167.681000 11.198362 11.605157
v 167.843979 11.386142 11.663116
v 162.659210 8.842850 13.007061
v 163.430527 10.532542 12.234512
v 163.588287 10.403280 12.156622
v 164.704010 11.349811 11.820322
v 164.770630 11.182468 11.794518
v 168.602844 12.122735 11.307309
v 169.188095 6.935721 13.624546
v 169.189484 11.473453 11.527982
v 174.561005 12.135447 10.303946
v 174.094894 6.873269 13.017550
v 169.341476 6.986705 13.359461
v 169.342743 11.247655 11.390100
v 173.892532 6.930911 12.795461
v 173.892532 11.212507 10.706748
v 174.094894 11.432423 10.792705
v 181.818497 11.527010 2.314807
v 187.277283 6.767308 2.457757
v 186.943359 6.805399 2.382037
v 186.943359 6.805399 -2.382036
v 181.751816 11.857994 2.386164
v 181.818497 11.527010 -2.314806
v 187.277283 6.767308 -2.457756
v 181.751816 11.857994 -2.386162
v 181.292053 12.067131 2.820396
v 188.567429 5.646158 0.000000
v 188.567993 5.654567 2.868678
v 188.567993 5.654566 -2.868678
v 181.292053 12.067131 -2.820396
v 186.952179 6.803651 -3.307749
v 182.416336 5.734006 -10.696262
v 186.952179 6.803651 3.307749
v 182.416336 5.734005 10.696262
v 181.378738 11.754177 3.209604
v 177.774368 11.705396 8.532163
v 177.070770 12.153296 8.801473
v 186.490265 6.844595 3.420529
v 181.320908 11.454075 3.302403
v 177.977859 11.380376 8.282231
v 181.922318 6.747321 10.053425
v 181.825058 6.756306 9.731808
v 181.009583 6.739798 10.674807
v 175.034912 6.586347 12.680085
v 174.561005 5.646019 13.439106
v 174.561005 12.135447 10.303946
v 174.942291 11.705327 10.275359
v 176.996887 11.707370 9.109963
v 180.672424 6.776860 10.534508
v 175.130920 6.623202 12.447874
v 176.950653 11.436059 9.054702
v 175.045013 11.427758 10.178694
v 181.378738 11.754177 -3.209603
v 177.774368 11.705396 -8.532161
v 177.070770 12.153296 -8.801471
v 186.490265 6.844595 -3.420529
v 181.320908 11.454075 -3.302403
v 177.977859 11.380376 -8.282229
v 181.922318 6.747322 -10.053425
v 181.825058 6.756307 -9.731808
v 181.009583 6.739798 -10.674807
v 175.034912 6.586347 -12.680085
v 174.561005 5.646020 -13.439106
v 174.561005 12.135447 -10.303945
v 174.942291 11.705327 -10.275358
v 176.996887 11.707369 -9.109962
v 180.672424 6.776861 -10.534508
v 175.130920 6.623203 -12.291844
v 176.950653 11.436059 -9.054700
v 175.045013 11.427758 -10.128622
vt 0.400635 -0.066956
vt 0.390869 -0.082214
vt 0.400146 -0.083984
vt 0.400635 -0.066956
vt 0.400146 -0.083984
vt 0.390869 -0.082214
vt 0.002804 -0.921875
vt 0.015266 -0.921875
vt 0.002804 -0.921875
vt 0.015266 -0.921875
vt 0.015266 -0.917480
vt 0.002804 -0.921875
vt 0.002804 -0.921875
vt 0.015266 -0.917480
vt 0.002804 -0.910156
vt 0.002804 -0.910156
vt 0.015266 -0.917480
vt 0.002804 -0.921875
vt 0.002804 -0.921875
vt 0.015266 -0.917480
vt 0.015266 -0.921875
vt 0.002804 -0.910156
vt 0.002804 -0.921875
vt 0.002804 -0.921875
vt 0.002804 -0.910156
vt 0.002804 -0.921875
vt 0.015266 -0.917480
vt 0.438721 -0.077576
vt 0.459473 -0.077271
vt 0.459717 -0.062286
vt 0.443604 -0.062500
vt 0.420410 -0.077942
vt 0.420654 -0.062317
vt 0.426514 -0.078003
vt 0.438721 -0.062805
vt 0.459473 -0.096375
vt 0.445557 -0.081543
vt 0.445557 -0.096375
vt 0.459473 -0.081543
vt 0.459717 -0.062286
vt 0.438721 -0.077576
vt 0.443604 -0.062500
vt 0.459473 -0.077271
vt 0.426514 -0.078003
vt 0.420654 -0.062317
vt 0.420410 -0.077942
vt 0.438721 -0.062805
vt 0.445557 -0.096375
vt 0.459473 -0.081543
vt 0.445557 -0.081543
vt 0.459473 -0.096375
vt 0.441895 -0.082642
vt 0.422607 -0.082825
vt 0.441895 -0.095825
vt 0.422607 -0.095642
vt 0.115662 -0.909180
vt 0.105408 -0.974609
vt 0.115662 -0.974609
vt 0.105408 -0.909180
vt 0.115662 -0.906250
vt 0.105408 -0.895996
vt 0.115662 -0.895996
vt 0.105408 -0.906250
vt 0.115662 -0.909180
vt 0.105408 -0.974609
vt 0.115662 -0.974609
vt 0.105408 -0.909180
vt 0.105408 -0.974609
vt 0.115662 -0.909180
vt 0.115662 -0.974609
vt 0.105408 -0.909180
vt 0.115662 -0.909180
vt 0.105408 -0.909180
vt 0.115662 -0.974609
vt 0.105408 -0.974609
vt 0.002804 -0.910156
vt 0.015266 -0.917480
vt 0.002804 -0.921875
vt 0.015266 -0.921875
vt 0.341797 -0.318115
vt 0.359619 -0.294434
vt 0.361084 -0.298340
vt 0.343506 -0.320557
vt 0.366211 -0.322754
vt 0.350098 -0.353760
vt 0.371582 -0.368652
vt 0.349121 -0.393311
vt 0.371826 -0.406738
vt 0.347900 -0.431396
vt 0.360107 -0.295166
vt 0.341064 -0.317627
vt 0.361328 -0.299072
vt 0.343750 -0.317871
vt 0.366211 -0.323242
vt 0.350098 -0.353760
vt 0.371338 -0.368652
vt 0.349365 -0.393066
vt 0.371826 -0.406250
vt 0.348389 -0.430664
vt 0.552734 -0.010277
vt 0.572754 -0.015266
vt 0.550781 -0.019531
vt 0.572754 -0.029938
vt 0.550781 -0.027756
vt 0.547363 -0.035461
vt 0.572754 -0.045013
vt 0.543457 -0.044250
vt 0.544434 -0.061188
vt 0.535156 -0.053223
vt 0.572754 -0.060089
vt 0.549805 -0.068542
vt 0.572754 -0.075012
vt 0.552734 -0.075867
vt 0.552734 -0.083008
vt 0.572754 -0.090149
vt 0.552734 -0.090332
vt 0.552246 -0.097473
vt 0.572754 -0.105042
vt 0.552246 -0.105103
vt 0.551270 -0.113342
vt 0.572754 -0.119751
vt 0.551270 -0.121155
vt 0.551270 -0.129883
vt 0.572754 -0.134399
vt 0.552734 -0.138550
vt 0.552734 -0.010277
vt 0.572754 -0.015266
vt 0.550781 -0.019531
vt 0.572754 -0.029938
vt 0.550781 -0.027756
vt 0.547363 -0.035461
vt 0.572754 -0.045013
vt 0.543457 -0.044250
vt 0.544434 -0.061188
vt 0.535156 -0.053223
vt 0.572754 -0.060089
vt 0.549805 -0.068542
vt 0.572754 -0.075012
vt 0.552734 -0.075867
vt 0.552734 -0.083008
vt 0.572754 -0.090149
vt 0.552734 -0.090332
vt 0.552246 -0.097473
vt 0.572754 -0.105042
vt 0.552246 -0.105103
vt 0.551270 -0.113342
vt 0.572754 -0.119751
vt 0.551270 -0.121155
vt 0.551270 -0.129883
vt 0.572754 -0.134399
vt 0.552734 -0.138550
vt 0.084656 -0.957520
vt 0.089844 -0.969727
vt 0.096741 -0.970215
vt 0.090881 -0.973145
vt 0.099060 -0.973145
vt 0.091919 -0.978027
vt 0.100769 -0.978516
vt 0.099060 -0.983398
vt 0.090881 -0.983398
vt 0.096680 -0.986328
vt 0.089783 -0.986816
vt 0.084595 -0.999023
vt 0.002804 -0.910156
vt 0.002804 -0.921875
vt 0.002804 -0.921875
vt 0.015266 -0.921875
vt 0.015266 -0.917480
vt 0.359619 -0.294434
vt 0.341797 -0.318115
vt 0.361084 -0.298340
vt 0.343506 -0.320557
vt 0.366211 -0.322754
vt 0.350098 -0.353760
vt 0.371582 -0.368652
vt 0.349121 -0.393311
vt 0.371826 -0.406738
vt 0.347900 -0.431396
vt 0.341064 -0.317627
vt 0.360107 -0.295166
vt 0.361328 -0.299072
vt 0.343750 -0.317871
vt 0.366211 -0.323242
vt 0.350098 -0.353760
vt 0.371338 -0.368652
vt 0.349365 -0.393066
vt 0.371826 -0.406250
vt 0.348389 -0.430664
vt 0.552734 -0.010277
vt 0.572754 -0.015266
vt 0.550781 -0.019531
vt 0.572754 -0.029938
vt 0.550781 -0.027756
vt 0.547363 -0.035461
vt 0.572754 -0.045013
vt 0.543457 -0.044250
vt 0.544434 -0.061188
vt 0.535156 -0.053223
vt 0.572754 -0.060089
vt 0.549805 -0.068542
vt 0.572754 -0.075012
vt 0.552734 -0.075867
vt 0.552734 -0.083008
vt 0.572754 -0.090149
vt 0.552734 -0.090332
vt 0.552246 -0.097473
vt 0.572754 -0.105042
vt 0.552246 -0.105103
vt 0.551270 -0.113342
vt 0.572754 -0.119751
vt 0.551270 -0.121155
vt 0.551270 -0.129883
vt 0.572754 -0.134399
vt 0.552734 -0.138550
vt 0.552734 -0.010277
vt 0.572754 -0.015266
vt 0.550781 -0.019531
vt 0.572754 -0.029938
vt 0.550781 -0.027756
vt 0.547363 -0.035461
vt 0.572754 -0.045013
vt 0.543457 -0.044250
vt 0.544434 -0.061188
vt 0.535156 -0.053223
vt 0.572754 -0.060089
vt 0.549805 -0.068542
vt 0.572754 -0.075012
vt 0.552734 -0.075867
vt 0.552734 -0.083008
vt 0.572754 -0.090149
vt 0.552734 -0.090332
vt 0.552246 -0.097473
vt 0.572754 -0.105042
vt 0.552246 -0.105103
vt 0.551270 -0.113342
vt 0.572754 -0.119751
vt 0.551270 -0.121155
vt 0.551270 -0.129883
vt 0.572754 -0.134399
vt 0.552734 -0.138550
vt 0.552734 -0.010277
vt 0.550781 -0.019531
vt 0.572754 -0.015266
vt 0.572754 -0.029938
vt 0.550781 -0.027756
vt 0.547363 -0.035461
vt 0.572754 -0.045013
vt 0.543457 -0.044250
vt 0.544434 -0.061188
vt 0.535156 -0.053223
vt 0.572754 -0.060089
vt 0.549805 -0.068542
vt 0.572754 -0.075012
vt 0.552734 -0.075867
vt 0.552734 -0.083008
vt 0.572754 -0.090149
vt 0.552734 -0.090332
vt 0.552246 -0.097473
vt 0.572754 -0.105042
vt 0.552246 -0.105103
vt 0.551270 -0.113342
vt 0.572754 -0.119751
vt 0.551270 -0.121155
vt 0.551270 -0.129883
vt 0.572754 -0.134399
vt 0.552734 -0.138550
vt 0.552734 -0.010277
vt 0.550781 -0.019531
vt 0.572754 -0.015266
vt 0.572754 -0.029938
vt 0.550781 -0.027756
vt 0.547363 -0.035461
vt 0.572754 -0.045013
vt 0.543457 -0.044250
vt 0.544434 -0.061188
vt 0.535156 -0.053223
vt 0.572754 -0.060089
vt 0.549805 -0.068542
vt 0.572754 -0.075012
vt 0.552734 -0.075867
vt 0.552734 -0.083008
vt 0.572754 -0.090149
vt 0.552734 -0.090332
vt 0.552246 -0.097473
vt 0.572754 -0.105042
vt 0.552246 -0.105103
vt 0.551270 -0.113342
vt 0.572754 -0.119751
vt 0.551270 -0.121155
vt 0.551270 -0.129883
vt 0.572754 -0.134399
vt 0.552734 -0.138550
vt 0.403564 -0.078247
vt 0.416748 -0.087769
vt 0.403564 -0.087769
vt 0.416992 -0.078247
vt 0.406250 -0.074402
vt 0.415039 -0.074402
vt 0.411377 -0.072083
vt 0.416748 -0.087769
vt 0.403564 -0.078247
vt 0.403564 -0.087769
vt 0.416992 -0.078247
vt 0.406250 -0.074402
vt 0.415039 -0.074402
vt 0.411377 -0.072083
vt 0.388916 -0.386719
vt 0.383545 -0.407227
vt 0.380127 -0.400391
vt 0.379639 -0.386475
vt 0.394531 -0.372803
vt 0.389160 -0.336182
vt 0.399170 -0.336182
vt 0.396240 -0.311279
vt 0.402588 -0.372803
vt 0.407471 -0.336182
vt 0.404785 -0.284424
vt 0.407959 -0.372803
vt 0.413330 -0.336182
vt 0.413330 -0.284912
vt 0.414307 -0.372803
vt 0.418701 -0.336182
vt 0.420410 -0.372803
vt 0.426025 -0.372803
vt 0.425293 -0.336182
vt 0.421143 -0.284912
vt 0.433838 -0.372803
vt 0.388916 -0.386719
vt 0.380127 -0.400391
vt 0.383545 -0.407227
vt 0.379639 -0.386475
vt 0.394531 -0.372803
vt 0.389160 -0.336182
vt 0.399170 -0.336182
vt 0.396240 -0.311279
vt 0.402588 -0.372803
vt 0.407471 -0.336182
vt 0.404785 -0.284424
vt 0.407959 -0.372803
vt 0.413330 -0.336182
vt 0.413330 -0.284912
vt 0.414307 -0.372803
vt 0.418701 -0.336182
vt 0.420410 -0.372803
vt 0.426025 -0.372803
vt 0.425293 -0.336182
vt 0.421143 -0.284912
vt 0.433838 -0.372803
vt 0.072693 -0.858887
vt 0.085632 -0.858887
vt 0.079163 -0.856445
vt 0.068542 -0.863281
vt 0.089783 -0.863770
vt 0.091309 -0.870605
vt 0.066956 -0.870605
vt 0.089539 -0.877930
vt 0.068726 -0.877930
vt 0.072449 -0.882812
vt 0.085815 -0.882812
vt 0.079102 -0.885254
vt 0.552734 -0.010277
vt 0.550781 -0.019531
vt 0.572754 -0.015266
vt 0.572754 -0.029938
vt 0.550781 -0.027756
vt 0.547363 -0.035461
vt 0.572754 -0.045013
vt 0.543457 -0.044250
vt 0.544434 -0.061188
vt 0.535156 -0.053223
vt 0.572754 -0.060089
vt 0.549805 -0.068542
vt 0.572754 -0.075012
vt 0.552734 -0.075867
vt 0.552734 -0.083008
vt 0.572754 -0.090149
vt 0.552734 -0.090332
vt 0.552246 -0.097473
vt 0.572754 -0.105042
vt 0.552246 -0.105103
vt 0.551270 -0.113342
vt 0.572754 -0.119751
vt 0.551270 -0.121155
vt 0.551270 -0.129883
vt 0.572754 -0.134399
vt 0.552734 -0.138550
vt 0.552734 -0.010277
vt 0.550781 -0.019531
vt 0.572754 -0.015266
vt 0.572754 -0.029938
vt 0.550781 -0.027756
vt 0.547363 -0.035461
vt 0.572754 -0.045013
vt 0.543457 -0.044250
vt 0.544434 -0.061188
vt 0.535156 -0.053223
vt 0.572754 -0.060089
vt 0.549805 -0.068542
vt 0.572754 -0.075012
vt 0.552734 -0.075867
vt 0.552734 -0.083008
vt 0.572754 -0.090149
vt 0.552734 -0.090332
vt 0.552246 -0.097473
vt 0.572754 -0.105042
vt 0.552246 -0.105103
vt 0.551270 -0.113342
vt 0.572754 -0.119751
vt 0.551270 -0.121155
vt 0.551270 -0.129883
vt 0.572754 -0.134399
vt 0.552734 -0.138550
vt 0.299561 -0.007324
vt 0.294922 -0.163940
vt 0.299561 -0.163940
vt 0.289551 -0.007324
vt 0.294922 -0.239014
vt 0.299561 -0.509766
vt 0.299561 -0.239014
vt 0.294922 -0.509766
vt 0.294922 -0.584961
vt 0.299561 -0.604492
vt 0.299561 -0.584961
vt 0.294922 -0.604492
vt 0.294189 -0.646973
vt 0.289795 -0.604492
vt 0.284180 -0.646973
vt 0.289062 -0.687012
vt 0.238770 -0.604492
vt 0.238647 -0.007324
vt 0.223755 -0.007324
vt 0.279053 -0.687012
vt 0.264160 -0.880859
vt 0.235107 -0.646973
vt 0.223755 -0.604492
vt 0.213135 -0.604492
vt 0.213135 -0.007324
vt 0.221436 -0.646973
vt 0.232666 -0.687012
vt 0.212524 -0.646973
vt 0.201660 -0.604492
vt 0.201660 -0.007324
vt 0.191528 -0.007324
vt 0.218750 -0.687012
vt 0.201416 -0.646973
vt 0.223022 -0.880859
vt 0.210693 -0.687012
vt 0.215088 -0.880859
vt 0.205078 -0.880859
vt 0.218384 -0.953613
vt 0.213013 -0.953613
vt 0.238525 -0.953613
vt 0.255371 -0.986816
vt 0.216309 -0.986816
vt 0.213135 -0.986816
vt 0.236084 -0.986816
vt 0.247681 -0.994629
vt 0.252441 -0.994629
vt 0.241333 -0.986816
vt 0.242554 -0.994629
vt 0.238647 -0.994629
vt 0.231934 -0.986816
vt 0.234741 -0.994629
vt 0.197998 -0.880859
vt 0.199219 -0.953613
vt 0.200195 -0.687012
vt 0.195435 -0.953613
vt 0.197876 -0.986816
vt 0.194824 -0.986816
vt 0.191528 -0.687012
vt 0.191528 -0.953613
vt 0.191650 -0.986816
vt 0.188354 -0.986816
vt 0.191528 -0.880859
vt 0.187866 -0.953613
vt 0.185425 -0.986816
vt 0.184082 -0.953613
vt 0.185181 -0.880859
vt 0.178223 -0.880859
vt 0.182861 -0.687012
vt 0.172485 -0.687012
vt 0.164307 -0.687012
vt 0.191528 -0.646973
vt 0.181641 -0.646973
vt 0.191528 -0.604492
vt 0.181396 -0.604492
vt 0.181396 -0.007324
vt 0.170532 -0.646973
vt 0.169922 -0.604492
vt 0.169922 -0.007324
vt 0.159302 -0.007324
vt 0.161621 -0.646973
vt 0.159302 -0.604492
vt 0.144287 -0.604492
vt 0.144409 -0.007324
vt 0.148071 -0.646973
vt 0.150391 -0.687012
vt 0.159912 -0.880859
vt 0.167847 -0.880859
vt 0.103943 -0.687012
vt 0.164429 -0.953613
vt 0.169800 -0.953613
vt 0.169678 -0.986816
vt 0.166626 -0.986816
vt 0.146851 -0.986816
vt 0.118652 -0.880859
vt 0.144409 -0.953613
vt 0.094177 -0.687012
vt 0.127441 -0.986816
vt 0.098755 -0.646973
vt 0.088806 -0.646973
vt 0.093323 -0.604492
vt 0.083496 -0.604492
vt 0.130371 -0.994629
vt 0.135254 -0.994629
vt 0.088745 -0.540039
vt 0.083496 -0.540039
vt 0.141602 -0.986816
vt 0.140381 -0.994629
vt 0.144287 -0.994629
vt 0.151001 -0.986816
vt 0.148193 -0.994629
vt 0.093384 -0.540039
vt 0.093384 -0.464844
vt 0.088745 -0.464844
vt 0.088806 -0.194092
vt 0.083496 -0.464844
vt 0.083496 -0.194092
vt 0.093506 -0.118652
vt 0.088806 -0.118652
vt 0.093506 -0.007324
vt 0.088806 -0.118652
vt 0.083496 -0.007324
vt 0.083496 -0.118652
vt 0.778809 -0.163940
vt 0.794434 -0.147461
vt 0.794434 -0.163940
vt 0.778809 -0.147461
vt 0.763672 -0.147461
vt 0.763672 -0.163940
vt 0.748047 -0.147461
vt 0.748047 -0.163940
vt 0.732910 -0.163940
vt 0.732910 -0.147461
vt 0.717285 -0.147461
vt 0.717285 -0.163940
vt 0.702148 -0.163940
vt 0.702148 -0.147461
vt 0.686523 -0.163940
vt 0.686523 -0.147461
vt 0.670898 -0.147461
vt 0.671387 -0.163940
vt 0.376221 -0.460693
vt 0.376221 -0.448975
vt 0.350342 -0.438477
vt 0.376221 -0.438477
vt 0.376221 -0.427979
vt 0.376221 -0.416260
vt 0.376221 -0.448975
vt 0.376221 -0.460693
vt 0.350342 -0.438477
vt 0.376221 -0.438477
vt 0.376221 -0.427979
vt 0.376221 -0.416260
vt 0.779297 -0.163818
vt 0.794434 -0.147461
vt 0.794434 -0.163818
vt 0.779297 -0.147461
vt 0.763672 -0.147461
vt 0.763672 -0.163818
vt 0.748047 -0.147461
vt 0.748535 -0.163818
vt 0.732910 -0.163818
vt 0.732910 -0.147461
vt 0.717285 -0.147461
vt 0.717285 -0.163818
vt 0.701660 -0.163818
vt 0.702148 -0.147461
vt 0.686523 -0.163818
vt 0.686523 -0.147461
vt 0.670898 -0.147461
vt 0.670898 -0.163818
vt 0.376221 -0.460693
vt 0.376221 -0.448975
vt 0.350342 -0.438477
vt 0.376221 -0.438477
vt 0.376221 -0.427979
vt 0.376221 -0.416260
vt 0.376221 -0.448975
vt 0.376221 -0.460693
vt 0.350342 -0.438477
vt 0.376221 -0.438477
vt 0.376221 -0.427979
vt 0.376221 -0.416260
vt 0.778809 -0.163940
vt 0.794434 -0.147461
vt 0.794434 -0.163940
vt 0.778809 -0.147461
vt 0.763672 -0.147461
vt 0.763672 -0.163940
vt 0.748047 -0.147461
vt 0.748047 -0.163940
vt 0.732910 -0.163940
vt 0.732910 -0.147461
vt 0.717285 -0.147461
vt 0.717285 -0.163940
vt 0.702148 -0.163940
vt 0.702148 -0.147461
vt 0.686523 -0.163940
vt 0.686523 -0.147461
vt 0.670898 -0.147461
vt 0.671387 -0.163940
vt 0.376221 -0.460693
vt 0.376221 -0.448975
vt 0.350342 -0.438477
vt 0.376221 -0.438477
vt 0.376221 -0.427979
vt 0.376221 -0.416260
vt 0.376221 -0.448975
vt 0.376221 -0.460693
vt 0.350342 -0.438477
vt 0.376221 -0.438477
vt 0.376221 -0.427979
vt 0.376221 -0.416260
vt 0.779297 -0.163818
vt 0.794434 -0.147461
vt 0.794434 -0.163818
vt 0.779297 -0.147461
vt 0.763672 -0.147461
vt 0.763672 -0.163818
vt 0.748047 -0.147461
vt 0.748535 -0.163818
vt 0.732910 -0.163818
vt 0.732910 -0.147461
vt 0.717285 -0.147461
vt 0.717285 -0.163818
vt 0.701660 -0.163818
vt 0.702148 -0.147461
vt 0.686523 -0.163818
vt 0.686523 -0.147461
vt 0.670898 -0.147461
vt 0.670898 -0.163818
vt 0.376221 -0.460693
vt 0.376221 -0.448975
vt 0.350342 -0.438477
vt 0.376221 -0.438477
vt 0.376221 -0.427979
vt 0.376221 -0.416260
vt 0.376221 -0.448975
vt 0.376221 -0.460693
vt 0.350342 -0.438477
vt 0.376221 -0.438477
vt 0.376221 -0.427979
vt 0.376221 -0.416260
vt 0.115601 -0.983398
vt 0.101929 -0.982422
vt 0.101929 -0.995605
vt 0.115601 -0.994629
vt 0.121765 -0.988770
vt 0.118774 -0.984375
vt 0.118774 -0.993652
vt 0.398926 -0.213013
vt 0.383057 -0.223267
vt 0.398926 -0.218140
vt 0.416016 -0.211304
vt 0.416016 -0.203979
vt 0.433350 -0.203857
vt 0.416016 -0.193970
vt 0.433350 -0.197876
vt 0.445801 -0.197876
vt 0.433350 -0.193604
vt 0.416016 -0.187256
vt 0.445801 -0.193115
vt 0.450195 -0.195679
vt 0.433350 -0.187256
vt 0.433350 -0.181030
vt 0.416016 -0.180664
vt 0.450195 -0.191895
vt 0.454834 -0.192261
vt 0.454834 -0.189941
vt 0.454834 -0.187256
vt 0.445801 -0.187256
vt 0.450195 -0.187256
vt 0.450195 -0.182739
vt 0.454834 -0.184570
vt 0.454834 -0.182251
vt 0.450195 -0.178833
vt 0.445801 -0.181396
vt 0.445801 -0.176636
vt 0.433350 -0.176758
vt 0.433350 -0.170654
vt 0.416016 -0.170532
vt 0.399170 -0.161499
vt 0.416016 -0.163208
vt 0.399170 -0.156494
vt 0.383057 -0.151245
vt 0.794434 -0.147461
vt 0.778809 -0.163940
vt 0.794434 -0.163940
vt 0.778809 -0.147461
vt 0.763672 -0.147461
vt 0.763672 -0.163940
vt 0.748047 -0.147461
vt 0.748047 -0.163940
vt 0.732910 -0.163940
vt 0.732910 -0.147461
vt 0.717285 -0.147461
vt 0.717285 -0.163940
vt 0.702148 -0.163940
vt 0.702148 -0.147461
vt 0.686523 -0.163940
vt 0.686523 -0.147461
vt 0.670898 -0.147461
vt 0.671387 -0.163940
vt 0.376221 -0.460693
vt 0.350342 -0.438477
vt 0.376221 -0.448975
vt 0.376221 -0.438477
vt 0.376221 -0.427979
vt 0.376221 -0.416260
vt 0.376221 -0.448975
vt 0.350342 -0.438477
vt 0.376221 -0.460693
vt 0.376221 -0.438477
vt 0.376221 -0.427979
vt 0.376221 -0.416260
vt 0.794434 -0.147461
vt 0.779297 -0.163818
vt 0.794434 -0.163818
vt 0.779297 -0.147461
vt 0.763672 -0.147461
vt 0.763672 -0.163818
vt 0.748047 -0.147461
vt 0.748535 -0.163818
vt 0.732910 -0.163818
vt 0.732910 -0.147461
vt 0.717285 -0.147461
vt 0.717285 -0.163818
vt 0.701660 -0.163818
vt 0.702148 -0.147461
vt 0.686523 -0.163818
vt 0.686523 -0.147461
vt 0.670898 -0.147461
vt 0.670898 -0.163818
vt 0.376221 -0.460693
vt 0.350342 -0.438477
vt 0.376221 -0.448975
vt 0.376221 -0.438477
vt 0.376221 -0.427979
vt 0.376221 -0.416260
vt 0.376221 -0.448975
vt 0.350342 -0.438477
vt 0.376221 -0.460693
vt 0.376221 -0.438477
vt 0.376221 -0.427979
vt 0.376221 -0.416260
vt 0.794434 -0.147461
vt 0.778809 -0.163940
vt 0.794434 -0.163940
vt 0.778809 -0.147461
vt 0.763672 -0.147461
vt 0.763672 -0.163940
vt 0.748047 -0.147461
vt 0.748047 -0.163940
vt 0.732910 -0.163940
vt 0.732910 -0.147461
vt 0.717285 -0.147461
vt 0.717285 -0.163940
vt 0.702148 -0.163940
vt 0.702148 -0.147461
vt 0.686523 -0.163940
vt 0.686523 -0.147461
vt 0.670898 -0.147461
vt 0.671387 -0.163940
vt 0.376221 -0.460693
vt 0.350342 -0.438477
vt 0.376221 -0.448975
vt 0.376221 -0.438477
vt 0.376221 -0.427979
vt 0.376221 -0.416260
vt 0.376221 -0.448975
vt 0.350342 -0.438477
vt 0.376221 -0.460693
vt 0.376221 -0.438477
vt 0.376221 -0.427979
vt 0.376221 -0.416260
vt 0.794434 -0.147461
vt 0.779297 -0.163818
vt 0.794434 -0.163818
vt 0.779297 -0.147461
vt 0.763672 -0.147461
vt 0.763672 -0.163818
vt 0.748047 -0.147461
vt 0.748535 -0.163818
vt 0.732910 -0.163818
vt 0.732910 -0.147461
vt 0.717285 -0.147461
vt 0.717285 -0.163818
vt 0.701660 -0.163818
vt 0.702148 -0.147461
vt 0.686523 -0.163818
vt 0.686523 -0.147461
vt 0.670898 -0.147461
vt 0.670898 -0.163818
vt 0.376221 -0.460693
vt 0.350342 -0.438477
vt 0.376221 -0.448975
vt 0.376221 -0.438477
vt 0.376221 -0.427979
vt 0.376221 -0.416260
vt 0.376221 -0.448975
vt 0.350342 -0.438477
vt 0.376221 -0.460693
vt 0.376221 -0.438477
vt 0.376221 -0.427979
vt 0.376221 -0.416260
vt 0.067566 -0.007324
vt 0.076233 -0.118652
vt 0.076050 -0.007324
vt 0.067749 -0.118652
vt 0.061127 -0.118652
vt 0.061127 -0.007324
vt 0.023499 -0.007324
vt 0.023514 -0.141479
vt 0.017059 -0.007324
vt 0.008308 -0.163940
vt 0.008553 -0.007324
vt 0.016815 -0.163940
vt 0.023514 -0.155029
vt 0.023514 -0.163940
vt 0.061127 -0.173096
vt 0.023514 -0.184204
vt 0.061127 -0.194092
vt 0.061127 -0.203979
vt 0.067810 -0.194092
vt 0.061127 -0.219849
vt 0.076782 -0.464844
vt 0.076355 -0.194092
vt 0.068237 -0.464844
vt 0.061096 -0.464844
vt 0.023514 -0.239014
vt 0.023529 -0.487793
vt 0.016708 -0.239014
vt 0.007774 -0.509766
vt 0.008194 -0.239014
vt 0.016296 -0.509766
vt 0.023529 -0.500977
vt 0.023529 -0.509766
vt 0.040588 -0.509766
vt 0.023544 -0.530762
vt 0.041626 -0.540039
vt 0.061096 -0.519531
vt 0.061096 -0.540039
vt 0.061096 -0.550293
vt 0.068359 -0.540039
vt 0.061096 -0.565918
vt 0.076965 -0.604492
vt 0.076904 -0.540039
vt 0.068481 -0.604492
vt 0.061066 -0.604492
vt 0.023544 -0.584961
vt 0.067139 -0.646973
vt 0.075684 -0.646973
vt 0.073425 -0.687012
vt 0.023544 -0.604492
vt 0.066223 -0.687012
vt 0.016174 -0.584961
vt 0.060120 -0.880859
vt 0.007660 -0.584961
vt 0.007629 -0.604492
vt 0.016144 -0.604492
vt 0.017487 -0.646973
vt 0.008919 -0.646973
vt 0.011208 -0.687012
vt 0.024277 -0.646973
vt 0.018417 -0.687012
vt 0.024643 -0.880859
vt 0.042297 -0.646973
vt 0.024673 -0.687012
vt 0.028595 -0.880859
vt 0.037018 -0.986816
vt 0.031708 -0.986816
vt 0.034943 -0.880859
vt 0.032715 -0.994629
vt 0.037170 -0.994629
vt 0.042328 -0.687012
vt 0.042389 -0.880859
vt 0.042328 -0.986816
vt 0.042297 -0.994629
vt 0.047455 -0.994629
vt 0.052917 -0.986816
vt 0.051910 -0.994629
vt 0.047607 -0.986816
vt 0.049744 -0.880859
vt 0.056091 -0.880859
vt 0.059967 -0.687012
vt 0.060333 -0.646973
vt 0.722656 -0.226807
vt 0.949219 -0.065063
vt 0.946289 -0.092224
vt 0.723633 -0.237305
vt 0.943848 -0.128174
vt 0.566406 -0.343750
vt 0.723633 -0.280762
vt 0.945801 -0.284668
vt 0.723633 -0.412109
vt 0.566895 -0.348389
vt 0.313232 -0.531738
vt 0.566895 -0.389160
vt 0.573730 -0.488525
vt 0.313477 -0.534668
vt 0.307129 -0.540039
vt 0.550293 -0.493164
vt 0.308838 -0.541992
vt 0.304932 -0.573730
vt 0.307373 -0.575195
vt 0.314453 -0.622070
vt 0.314209 -0.563965
vt 0.493896 -0.481689
vt 0.479736 -0.489746
vt 0.508789 -0.484863
vt 0.479492 -0.495361
vt 0.507324 -0.498535
vt 0.437500 -0.515137
vt 0.495605 -0.505859
vt 0.437500 -0.526855
vt 0.486816 -0.505859
vt 0.479004 -0.502930
vt 0.949219 -0.065063
vt 0.722656 -0.226807
vt 0.946289 -0.092224
vt 0.723633 -0.237305
vt 0.943848 -0.128174
vt 0.566406 -0.343750
vt 0.723633 -0.280762
vt 0.945801 -0.284668
vt 0.723633 -0.412109
vt 0.566895 -0.348389
vt 0.313232 -0.531738
vt 0.566895 -0.389160
vt 0.573730 -0.488525
vt 0.313477 -0.534668
vt 0.307129 -0.540039
vt 0.550293 -0.493164
vt 0.308838 -0.541992
vt 0.304932 -0.573730
vt 0.314209 -0.563965
vt 0.307373 -0.575195
vt 0.314453 -0.622070
vt 0.493896 -0.481689
vt 0.508789 -0.484863
vt 0.479736 -0.489746
vt 0.507324 -0.498535
vt 0.479492 -0.495361
vt 0.495605 -0.505859
vt 0.437500 -0.515137
vt 0.437500 -0.526855
vt 0.486816 -0.505859
vt 0.479004 -0.502930
vt 0.554199 -0.190918
vt 0.557129 -0.195557
vt 0.634766 -0.173340
vt 0.634766 -0.176025
vt 0.629395 -0.210449
vt 0.647461 -0.172852
vt 0.677734 -0.196167
vt 0.655273 -0.215088
vt 0.740234 -0.193970
vt 0.682617 -0.177124
vt 0.690918 -0.175415
vt 0.647461 -0.175659
vt 0.557129 -0.195435
vt 0.553711 -0.190796
vt 0.634766 -0.173340
vt 0.634766 -0.176025
vt 0.629395 -0.210449
vt 0.647461 -0.172852
vt 0.677734 -0.196289
vt 0.655273 -0.215088
vt 0.740234 -0.193970
vt 0.682617 -0.177002
vt 0.690918 -0.175415
vt 0.647461 -0.175659
vt 0.628418 -0.220703
vt 0.655273 -0.215088
vt 0.629395 -0.210449
vt 0.625488 -0.216187
vt 0.625488 -0.209839
vt 0.625488 -0.223267
vt 0.578613 -0.009140
vt 0.583496 -0.004398
vt 0.545410 -0.004398
vt 0.620605 -0.009209
vt 0.620605 -0.004398
vt 0.661621 -0.004398
vt 0.583496 -0.015419
vt 0.661621 -0.008904
vt 0.620605 -0.015419
vt 0.661621 -0.015419
vt 0.583496 -0.026230
vt 0.661621 -0.020325
vt 0.620605 -0.026230
vt 0.583496 -0.034790
vt 0.661621 -0.026230
vt 0.620605 -0.034790
vt 0.661621 -0.034790
vt 0.583496 -0.044586
vt 0.661621 -0.038971
vt 0.620605 -0.044586
vt 0.661621 -0.044586
vt 0.583496 -0.056183
vt 0.661621 -0.052399
vt 0.620605 -0.056183
vt 0.661621 -0.056183
vt 0.583496 -0.064270
vt 0.661621 -0.061523
vt 0.620605 -0.072754
vt 0.661621 -0.069153
vt 0.583496 -0.074402
vt 0.661621 -0.076965
vt 0.620605 -0.084229
vt 0.661621 -0.084106
vt 0.661621 -0.091125
vt 0.583496 -0.083923
vt 0.576172 -0.079590
vt 0.576660 -0.083984
vt 0.576172 -0.088440
vt 0.583496 -0.093628
vt 0.620605 -0.095459
vt 0.661621 -0.099060
vt 0.583496 -0.103760
vt 0.661621 -0.106506
vt 0.620605 -0.112061
vt 0.661621 -0.112061
vt 0.583496 -0.112061
vt 0.661621 -0.118286
vt 0.620605 -0.123596
vt 0.661621 -0.123596
vt 0.583496 -0.123596
vt 0.661621 -0.129028
vt 0.620605 -0.133423
vt 0.661621 -0.133423
vt 0.583496 -0.133423
vt 0.661621 -0.141846
vt 0.620605 -0.141846
vt 0.583496 -0.141846
vt 0.661621 -0.147705
vt 0.620605 -0.153320
vt 0.661621 -0.153320
vt 0.583496 -0.153320
vt 0.661621 -0.159058
vt 0.620605 -0.158691
vt 0.661621 -0.163574
vt 0.620605 -0.163574
vt 0.578613 -0.158813
vt 0.583496 -0.163574
vt 0.545410 -0.163574
vt 0.628418 -0.220703
vt 0.629395 -0.210449
vt 0.655273 -0.215088
vt 0.625488 -0.216187
vt 0.625488 -0.209839
vt 0.625488 -0.223267
vt 0.554199 -0.190918
vt 0.557129 -0.195557
vt 0.634766 -0.173340
vt 0.634766 -0.176025
vt 0.629395 -0.210449
vt 0.647461 -0.172852
vt 0.677734 -0.196167
vt 0.655273 -0.215088
vt 0.741211 -0.189819
vt 0.682617 -0.177124
vt 0.690918 -0.175415
vt 0.647461 -0.175659
vt 0.557129 -0.195435
vt 0.553711 -0.190796
vt 0.634766 -0.173340
vt 0.634766 -0.176025
vt 0.629395 -0.210449
vt 0.647461 -0.172852
vt 0.677734 -0.196289
vt 0.655273 -0.215088
vt 0.741211 -0.189819
vt 0.682617 -0.177002
vt 0.690918 -0.175415
vt 0.647461 -0.175659
vt 0.628418 -0.220703
vt 0.655273 -0.215088
vt 0.629395 -0.210449
vt 0.625488 -0.216187
vt 0.625488 -0.209839
vt 0.625488 -0.223267
vt 0.578613 -0.009140
vt 0.583496 -0.004398
vt 0.545410 -0.004398
vt 0.620605 -0.009209
vt 0.620605 -0.004398
vt 0.661621 -0.004398
vt 0.583496 -0.015419
vt 0.661621 -0.008904
vt 0.620605 -0.015419
vt 0.661621 -0.015419
vt 0.583496 -0.026230
vt 0.661621 -0.020325
vt 0.620605 -0.026230
vt 0.583496 -0.034790
vt 0.661621 -0.026230
vt 0.620605 -0.034790
vt 0.661621 -0.034790
vt 0.583496 -0.044586
vt 0.661621 -0.038971
vt 0.620605 -0.044586
vt 0.661621 -0.044586
vt 0.583496 -0.056183
vt 0.661621 -0.052399
vt 0.620605 -0.056183
vt 0.661621 -0.056183
vt 0.583496 -0.064270
vt 0.661621 -0.061523
vt 0.620605 -0.072754
vt 0.661621 -0.069153
vt 0.583496 -0.074402
vt 0.661621 -0.076965
vt 0.620605 -0.084229
vt 0.661621 -0.084106
vt 0.661621 -0.091125
vt 0.583496 -0.083923
vt 0.576172 -0.079590
vt 0.576660 -0.083984
vt 0.576172 -0.088440
vt 0.583496 -0.093628
vt 0.620605 -0.095459
vt 0.661621 -0.099060
vt 0.583496 -0.103760
vt 0.661621 -0.106506
vt 0.620605 -0.112061
vt 0.661621 -0.112061
vt 0.583496 -0.112061
vt 0.661621 -0.118286
vt 0.620605 -0.123596
vt 0.661621 -0.123596
vt 0.583496 -0.123596
vt 0.661621 -0.129028
vt 0.620605 -0.133423
vt 0.661621 -0.133423
vt 0.583496 -0.133423
vt 0.661621 -0.141846
vt 0.620605 -0.141846
vt 0.583496 -0.141846
vt 0.661621 -0.147705
vt 0.620605 -0.153320
vt 0.661621 -0.153320
vt 0.583496 -0.153320
vt 0.661621 -0.159058
vt 0.620605 -0.158691
vt 0.661621 -0.163574
vt 0.620605 -0.163574
vt 0.578613 -0.158813
vt 0.583496 -0.163574
vt 0.545410 -0.163574
vt 0.628418 -0.220703
vt 0.629395 -0.210449
vt 0.655273 -0.215088
vt 0.625488 -0.216187
vt 0.625488 -0.209839
vt 0.625488 -0.223267
vt 0.821289 -0.807129
vt 0.992188 -0.944824
vt 0.992676 -0.939941
vt 0.821777 -0.802734
vt 0.992188 -0.920898
vt 0.817383 -0.800781
vt 0.993652 -0.889160
vt 0.820312 -0.782715
vt 0.814941 -0.786621
vt 0.994141 -0.819336
vt 0.819336 -0.756348
vt 0.993652 -0.762207
vt 0.816895 -0.807129
vt 0.988281 -0.944336
vt 0.816406 -0.812012
vt 0.987793 -0.948730
vt 0.816406 -0.830566
vt 0.992188 -0.951172
vt 0.814941 -0.861816
vt 0.988770 -0.968750
vt 0.994629 -0.964844
vt 0.814453 -0.932129
vt 0.990234 -0.995605
vt 0.815918 -0.989258
vt 0.992188 -0.944824
vt 0.821289 -0.807129
vt 0.992676 -0.939941
vt 0.821777 -0.802734
vt 0.992188 -0.920898
vt 0.817383 -0.800781
vt 0.993652 -0.889160
vt 0.820312 -0.782715
vt 0.814941 -0.786621
vt 0.994141 -0.819336
vt 0.819336 -0.756348
vt 0.993652 -0.762207
vt 0.988281 -0.944336
vt 0.816895 -0.807129
vt 0.816406 -0.812012
vt 0.987793 -0.948730
vt 0.816406 -0.830566
vt 0.992188 -0.951172
vt 0.814941 -0.861816
vt 0.988770 -0.968750
vt 0.994629 -0.964844
vt 0.814453 -0.932129
vt 0.990234 -0.995605
vt 0.815918 -0.989258
vt 0.075195 -0.978027
vt 0.066162 -0.978027
vt 0.068054 -0.981934
vt 0.073303 -0.974609
vt 0.064575 -0.973633
vt 0.078857 -0.975098
vt 0.071838 -0.971191
vt 0.063477 -0.970215
vt 0.076782 -0.971191
vt 0.082520 -0.970215
vt 0.070801 -0.968262
vt 0.062500 -0.965820
vt 0.075256 -0.966797
vt 0.081482 -0.967773
vt 0.070007 -0.964355
vt 0.061829 -0.961914
vt 0.080566 -0.963379
vt 0.074463 -0.962402
vt 0.069519 -0.960938
vt 0.069336 -0.957520
vt 0.061615 -0.957520
vt 0.074097 -0.957520
vt 0.080200 -0.959961
vt 0.061798 -0.953125
vt 0.069519 -0.953613
vt 0.080200 -0.955078
vt 0.074463 -0.952637
vt 0.069946 -0.950684
vt 0.062439 -0.949219
vt 0.080566 -0.951660
vt 0.075256 -0.947754
vt 0.070801 -0.946777
vt 0.063416 -0.944824
vt 0.071838 -0.943359
vt 0.064575 -0.940918
vt 0.081482 -0.947266
vt 0.076721 -0.943848
vt 0.073242 -0.939941
vt 0.066101 -0.937012
vt 0.082458 -0.944336
vt 0.078735 -0.939941
vt 0.075073 -0.937012
vt 0.067932 -0.933105
vt 0.075195 -0.978027
vt 0.066162 -0.978027
vt 0.068054 -0.981934
vt 0.073303 -0.974609
vt 0.064575 -0.973633
vt 0.078857 -0.975098
vt 0.071838 -0.971191
vt 0.063477 -0.970215
vt 0.076782 -0.971191
vt 0.082520 -0.970215
vt 0.070801 -0.968262
vt 0.062500 -0.965820
vt 0.075256 -0.966797
vt 0.081482 -0.967773
vt 0.070007 -0.964355
vt 0.061829 -0.961914
vt 0.080566 -0.963379
vt 0.074463 -0.962402
vt 0.069519 -0.960938
vt 0.069336 -0.957520
vt 0.061615 -0.957520
vt 0.074097 -0.957520
vt 0.080200 -0.959961
vt 0.061798 -0.953125
vt 0.069519 -0.953613
vt 0.080200 -0.955078
vt 0.074463 -0.952637
vt 0.069946 -0.950684
vt 0.062439 -0.949219
vt 0.080566 -0.951660
vt 0.075256 -0.947754
vt 0.070801 -0.946777
vt 0.063416 -0.944824
vt 0.071838 -0.943359
vt 0.064575 -0.940918
vt 0.081482 -0.947266
vt 0.076721 -0.943848
vt 0.073242 -0.939941
vt 0.066101 -0.937012
vt 0.082458 -0.944336
vt 0.078735 -0.939941
vt 0.075073 -0.937012
vt 0.067932 -0.933105
vt 0.806641 -0.779297
vt 0.639160 -0.915039
vt 0.806641 -0.795898
vt 0.639648 -0.919922
vt 0.635742 -0.922363
vt 0.806152 -0.839844
vt 0.639648 -0.939453
vt 0.634277 -0.942383
vt 0.806152 -0.916016
vt 0.639648 -0.958984
vt 0.634766 -0.960938
vt 0.806152 -0.967285
vt 0.639160 -0.996094
vt 0.639160 -0.915039
vt 0.806641 -0.779297
vt 0.806641 -0.795898
vt 0.639648 -0.920410
vt 0.806152 -0.839844
vt 0.635742 -0.922363
vt 0.639648 -0.939453
vt 0.806152 -0.916016
vt 0.634277 -0.942383
vt 0.639648 -0.958984
vt 0.806152 -0.967285
vt 0.634766 -0.960938
vt 0.639160 -0.996094
vt 0.450195 -0.254883
vt 0.454834 -0.258789
vt 0.454834 -0.256836
vt 0.450195 -0.258789
vt 0.454834 -0.260498
vt 0.445801 -0.252441
vt 0.450195 -0.262451
vt 0.445801 -0.258789
vt 0.445801 -0.264404
vt 0.433350 -0.258789
vt 0.433350 -0.246948
vt 0.433350 -0.266113
vt 0.433350 -0.269531
vt 0.416016 -0.258789
vt 0.416016 -0.241089
vt 0.416016 -0.269775
vt 0.416016 -0.275635
vt 0.399170 -0.258789
vt 0.399170 -0.237183
vt 0.399170 -0.273438
vt 0.399170 -0.280762
vt 0.383057 -0.258789
vt 0.383057 -0.234497
vt 0.383057 -0.276123
vt 0.383057 -0.283936
vt 0.345459 -0.281250
vt 0.345459 -0.291260
vt 0.345459 -0.258789
vt 0.308105 -0.285156
vt 0.308105 -0.295654
vt 0.308105 -0.234253
vt 0.367432 -0.234863
vt 0.345459 -0.235107
vt 0.345459 -0.218140
vt 0.308105 -0.219116
vt 0.308105 -0.208618
vt 0.345459 -0.208618
vt 0.308105 -0.197144
vt 0.367432 -0.216064
vt 0.345459 -0.197144
vt 0.367432 -0.206665
vt 0.383057 -0.212769
vt 0.308105 -0.187256
vt 0.383057 -0.203369
vt 0.387695 -0.208862
vt 0.367432 -0.196411
vt 0.345459 -0.187256
vt 0.345459 -0.177368
vt 0.308105 -0.177246
vt 0.367432 -0.187256
vt 0.345459 -0.165771
vt 0.308105 -0.165771
vt 0.367432 -0.178101
vt 0.367432 -0.167847
vt 0.367432 -0.158447
vt 0.383057 -0.161743
vt 0.345459 -0.156372
vt 0.308105 -0.155273
vt 0.383057 -0.171143
vt 0.387695 -0.165649
vt 0.308105 -0.140259
vt 0.383057 -0.178955
vt 0.387695 -0.182495
vt 0.383057 -0.187256
vt 0.383057 -0.195557
vt 0.387695 -0.192017
vt 0.387695 -0.187256
vt 0.388428 -0.207153
vt 0.398438 -0.194214
vt 0.398438 -0.180298
vt 0.396729 -0.194824
vt 0.388428 -0.192993
vt 0.388672 -0.205322
vt 0.395996 -0.195068
vt 0.388672 -0.193604
vt 0.396729 -0.179688
vt 0.388428 -0.167358
vt 0.388428 -0.181396
vt 0.388672 -0.167969
vt 0.395996 -0.179443
vt 0.388672 -0.180908
vt 0.345459 -0.114746
vt 0.308105 -0.089661
vt 0.345459 -0.083923
vt 0.308105 -0.079285
vt 0.345459 -0.093689
vt 0.383057 -0.090393
vt 0.383057 -0.098267
vt 0.399170 -0.093262
vt 0.345459 -0.139526
vt 0.399170 -0.100708
vt 0.416016 -0.098145
vt 0.383057 -0.114746
vt 0.416016 -0.104065
vt 0.433350 -0.103882
vt 0.399170 -0.114746
vt 0.433350 -0.107483
vt 0.445801 -0.108765
vt 0.416016 -0.114746
vt 0.399170 -0.136719
vt 0.416016 -0.132690
vt 0.383057 -0.139648
vt 0.433350 -0.126587
vt 0.433350 -0.114746
vt 0.445801 -0.120850
vt 0.445801 -0.114746
vt 0.450195 -0.110535
vt 0.450195 -0.114746
vt 0.454834 -0.112549
vt 0.450195 -0.118164
vt 0.454834 -0.114746
vt 0.454834 -0.115967
vt 0.367432 -0.139526
vt 0.368896 -0.142700
vt 0.381836 -0.142700
vt 0.383057 -0.156494
vt 0.367432 -0.156250
vt 0.381836 -0.154663
vt 0.368896 -0.154663
vt 0.381104 -0.154175
vt 0.381104 -0.143188
vt 0.369385 -0.154175
vt 0.369385 -0.143188
vt 0.365723 -0.143066
vt 0.358643 -0.142944
vt 0.365723 -0.154297
vt 0.365234 -0.143555
vt 0.365234 -0.153809
vt 0.358643 -0.143433
vt 0.356201 -0.145020
vt 0.358643 -0.154419
vt 0.358887 -0.153809
vt 0.356201 -0.151855
vt 0.355713 -0.144653
vt 0.354492 -0.147827
vt 0.355713 -0.152222
vt 0.354004 -0.147705
vt 0.308105 -0.012436
vt 0.345459 -0.006195
vt 0.308105 -0.003202
vt 0.345459 -0.014496
vt 0.383057 -0.010605
vt 0.308105 -0.019165
vt 0.383057 -0.017654
vt 0.399170 -0.013290
vt 0.345459 -0.022430
vt 0.308105 -0.056702
vt 0.399170 -0.019852
vt 0.415283 -0.016602
vt 0.383057 -0.025269
vt 0.415283 -0.022797
vt 0.432373 -0.021210
vt 0.399170 -0.026535
vt 0.383057 -0.037933
vt 0.383057 -0.037933
vt 0.345459 -0.053406
vt 0.432373 -0.026276
vt 0.448242 -0.027100
vt 0.415283 -0.028275
vt 0.399170 -0.037933
vt 0.432373 -0.030411
vt 0.415283 -0.037933
vt 0.448242 -0.032288
vt 0.432373 -0.037903
vt 0.415283 -0.047546
vt 0.452393 -0.033508
vt 0.452393 -0.029495
vt 0.456787 -0.032928
vt 0.456787 -0.035339
vt 0.452393 -0.037903
vt 0.456787 -0.037933
vt 0.456787 -0.040497
vt 0.448242 -0.037903
vt 0.452393 -0.042328
vt 0.456787 -0.042908
vt 0.452393 -0.046356
vt 0.448242 -0.048737
vt 0.448242 -0.043549
vt 0.432373 -0.045441
vt 0.432373 -0.049561
vt 0.432373 -0.054626
vt 0.415283 -0.053070
vt 0.415283 -0.059235
vt 0.399170 -0.049316
vt 0.399170 -0.056000
vt 0.399170 -0.062561
vt 0.383057 -0.050568
vt 0.383057 -0.058197
vt 0.383057 -0.065247
vt 0.345459 -0.061340
vt 0.345459 -0.069641
vt 0.308105 -0.063416
vt 0.308105 -0.072571
vt 0.554199 -0.190918
vt 0.634766 -0.173340
vt 0.557129 -0.195557
vt 0.634766 -0.176025
vt 0.629395 -0.210449
vt 0.647461 -0.172852
vt 0.677734 -0.196167
vt 0.655273 -0.215088
vt 0.740234 -0.193970
vt 0.682617 -0.177124
vt 0.690918 -0.175415
vt 0.647461 -0.175659
vt 0.557129 -0.195435
vt 0.634766 -0.173340
vt 0.553711 -0.190796
vt 0.634766 -0.176025
vt 0.629395 -0.210449
vt 0.647461 -0.172852
vt 0.677734 -0.196289
vt 0.655273 -0.215088
vt 0.740234 -0.193970
vt 0.682617 -0.177002
vt 0.690918 -0.175415
vt 0.647461 -0.175659
vt 0.628418 -0.220703
vt 0.629395 -0.210449
vt 0.655273 -0.215088
vt 0.625488 -0.216187
vt 0.625488 -0.209839
vt 0.625488 -0.223267
vt 0.578613 -0.009140
vt 0.545410 -0.004398
vt 0.583496 -0.004398
vt 0.620605 -0.009209
vt 0.620605 -0.004398
vt 0.661621 -0.004398
vt 0.583496 -0.015419
vt 0.661621 -0.008904
vt 0.620605 -0.015419
vt 0.661621 -0.015419
vt 0.583496 -0.026230
vt 0.661621 -0.020325
vt 0.620605 -0.026230
vt 0.583496 -0.034790
vt 0.661621 -0.026230
vt 0.620605 -0.034790
vt 0.661621 -0.034790
vt 0.583496 -0.044586
vt 0.661621 -0.038971
vt 0.620605 -0.044586
vt 0.661621 -0.044586
vt 0.583496 -0.056183
vt 0.661621 -0.052399
vt 0.620605 -0.056183
vt 0.661621 -0.056183
vt 0.583496 -0.064270
vt 0.661621 -0.061523
vt 0.620605 -0.072754
vt 0.661621 -0.069153
vt 0.583496 -0.074402
vt 0.661621 -0.076965
vt 0.620605 -0.084229
vt 0.661621 -0.084106
vt 0.661621 -0.091125
vt 0.583496 -0.083923
vt 0.576172 -0.079590
vt 0.576660 -0.083984
vt 0.576172 -0.088440
vt 0.583496 -0.093628
vt 0.620605 -0.095459
vt 0.661621 -0.099060
vt 0.583496 -0.103760
vt 0.661621 -0.106506
vt 0.620605 -0.112061
vt 0.661621 -0.112061
vt 0.583496 -0.112061
vt 0.661621 -0.118286
vt 0.620605 -0.123596
vt 0.661621 -0.123596
vt 0.583496 -0.123596
vt 0.661621 -0.129028
vt 0.620605 -0.133423
vt 0.661621 -0.133423
vt 0.583496 -0.133423
vt 0.661621 -0.141846
vt 0.620605 -0.141846
vt 0.583496 -0.141846
vt 0.661621 -0.147705
vt 0.620605 -0.153320
vt 0.661621 -0.153320
vt 0.583496 -0.153320
vt 0.661621 -0.159058
vt 0.620605 -0.158691
vt 0.661621 -0.163574
vt 0.620605 -0.163574
vt 0.578613 -0.158813
vt 0.583496 -0.163574
vt 0.545410 -0.163574
vt 0.628418 -0.220703
vt 0.655273 -0.215088
vt 0.629395 -0.210449
vt 0.625488 -0.216187
vt 0.625488 -0.209839
vt 0.625488 -0.223267
vt 0.554199 -0.190918
vt 0.634766 -0.173340
vt 0.557129 -0.195557
vt 0.634766 -0.176025
vt 0.629395 -0.210449
vt 0.647461 -0.172852
vt 0.677734 -0.196167
vt 0.655273 -0.215088
vt 0.741211 -0.189941
vt 0.682617 -0.177124
vt 0.690918 -0.175415
vt 0.647461 -0.175659
vt 0.557129 -0.195435
vt 0.634766 -0.173340
vt 0.553711 -0.190796
vt 0.634766 -0.176025
vt 0.629395 -0.210449
vt 0.647461 -0.172852
vt 0.677734 -0.196289
vt 0.655273 -0.215088
vt 0.741211 -0.189941
vt 0.682617 -0.177002
vt 0.690918 -0.175415
vt 0.647461 -0.175659
vt 0.628418 -0.220703
vt 0.629395 -0.210449
vt 0.655273 -0.215088
vt 0.625488 -0.216187
vt 0.625488 -0.209839
vt 0.625488 -0.223267
vt 0.578613 -0.009140
vt 0.545410 -0.004398
vt 0.583496 -0.004398
vt 0.620605 -0.009209
vt 0.620605 -0.004398
vt 0.661621 -0.004398
vt 0.583496 -0.015419
vt 0.661621 -0.008904
vt 0.620605 -0.015419
vt 0.661621 -0.015419
vt 0.583496 -0.026230
vt 0.661621 -0.020325
vt 0.620605 -0.026230
vt 0.583496 -0.034790
vt 0.661621 -0.026230
vt 0.620605 -0.034790
vt 0.661621 -0.034790
vt 0.583496 -0.044586
vt 0.661621 -0.038971
vt 0.620605 -0.044586
vt 0.661621 -0.044586
vt 0.583496 -0.056183
vt 0.661621 -0.052399
vt 0.620605 -0.056183
vt 0.661621 -0.056183
vt 0.583496 -0.064270
vt 0.661621 -0.061523
vt 0.620605 -0.072754
vt 0.661621 -0.069153
vt 0.583496 -0.074402
vt 0.661621 -0.076965
vt 0.620605 -0.084229
vt 0.661621 -0.084106
vt 0.661621 -0.091125
vt 0.583496 -0.083923
vt 0.576172 -0.079590
vt 0.576660 -0.083984
vt 0.576172 -0.088440
vt 0.583496 -0.093628
vt 0.620605 -0.095459
vt 0.661621 -0.099060
vt 0.583496 -0.103760
vt 0.661621 -0.106506
vt 0.620605 -0.112061
vt 0.661621 -0.112061
vt 0.583496 -0.112061
vt 0.661621 -0.118286
vt 0.620605 -0.123596
vt 0.661621 -0.123596
vt 0.583496 -0.123596
vt 0.661621 -0.129028
vt 0.620605 -0.133423
vt 0.661621 -0.133423
vt 0.583496 -0.133423
vt 0.661621 -0.141846
vt 0.620605 -0.141846
vt 0.583496 -0.141846
vt 0.661621 -0.147705
vt 0.620605 -0.153320
vt 0.661621 -0.153320
vt 0.583496 -0.153320
vt 0.661621 -0.159058
vt 0.620605 -0.158691
vt 0.661621 -0.163574
vt 0.620605 -0.163574
vt 0.578613 -0.158813
vt 0.583496 -0.163574
vt 0.545410 -0.163574
vt 0.628418 -0.220703
vt 0.655273 -0.215088
vt 0.629395 -0.210449
vt 0.625488 -0.216187
vt 0.625488 -0.209839
vt 0.625488 -0.223267
vt 0.428711 -0.311768
vt 0.435791 -0.352051
vt 0.431641 -0.315918
vt 0.427734 -0.302490
vt 0.430664 -0.302002
vt 0.430664 -0.287354
vt 0.440186 -0.315918
vt 0.432617 -0.323486
vt 0.434814 -0.328369
vt 0.440186 -0.330811
vt 0.445801 -0.328369
vt 0.447754 -0.323486
vt 0.448486 -0.315918
vt 0.440186 -0.302002
vt 0.447266 -0.302002
vt 0.439453 -0.283691
vt 0.428711 -0.311768
vt 0.431641 -0.315918
vt 0.435791 -0.352051
vt 0.427734 -0.302490
vt 0.430664 -0.302002
vt 0.430664 -0.287354
vt 0.440186 -0.315918
vt 0.432617 -0.323486
vt 0.434814 -0.328369
vt 0.440186 -0.330811
vt 0.445801 -0.328369
vt 0.447754 -0.323486
vt 0.448486 -0.315918
vt 0.440186 -0.302002
vt 0.447266 -0.302002
vt 0.439453 -0.283691
vt 0.105591 -0.857422
vt 0.097290 -0.854980
vt 0.097351 -0.881348
vt 0.098328 -0.885742
vt 0.113831 -0.881348
vt 0.113892 -0.854980
vt 0.112854 -0.885742
vt 0.105591 -0.890137
vt 0.101318 -0.889160
vt 0.109863 -0.889160
vt 0.541016 -0.229858
vt 0.531250 -0.228149
vt 0.528809 -0.230225
vt 0.525391 -0.221313
vt 0.528320 -0.220825
vt 0.525879 -0.214355
vt 0.501953 -0.222656
vt 0.501953 -0.229858
vt 0.463867 -0.229858
vt 0.463867 -0.222656
vt 0.523438 -0.214355
vt 0.501953 -0.217163
vt 0.463867 -0.217163
vt 0.463867 -0.208618
vt 0.523438 -0.206787
vt 0.525391 -0.206787
vt 0.525391 -0.198120
vt 0.501953 -0.208618
vt 0.523438 -0.198120
vt 0.525391 -0.189941
vt 0.501953 -0.199341
vt 0.463867 -0.199341
vt 0.523438 -0.189941
vt 0.501953 -0.190796
vt 0.463867 -0.190796
vt 0.463867 -0.182129
vt 0.501953 -0.182129
vt 0.463867 -0.173950
vt 0.523438 -0.181641
vt 0.525391 -0.181641
vt 0.501953 -0.173950
vt 0.463867 -0.165039
vt 0.523438 -0.173828
vt 0.525391 -0.173828
vt 0.525879 -0.165283
vt 0.523438 -0.165283
vt 0.525391 -0.156982
vt 0.501953 -0.165039
vt 0.463867 -0.156372
vt 0.523438 -0.156982
vt 0.501953 -0.156372
vt 0.463867 -0.147827
vt 0.523438 -0.149048
vt 0.525879 -0.149048
vt 0.501953 -0.147827
vt 0.463867 -0.139038
vt 0.523438 -0.140869
vt 0.525391 -0.140869
vt 0.501953 -0.139038
vt 0.525879 -0.133179
vt 0.501953 -0.130005
vt 0.463867 -0.130005
vt 0.463867 -0.124451
vt 0.523438 -0.132935
vt 0.501953 -0.124451
vt 0.463867 -0.117065
vt 0.525391 -0.125244
vt 0.527832 -0.125610
vt 0.501953 -0.117065
vt 0.529297 -0.117188
vt 0.531738 -0.118896
vt 0.541504 -0.117065
vt 0.531738 -0.115234
vt 0.527832 -0.108521
vt 0.501953 -0.109680
vt 0.463867 -0.109680
vt 0.525391 -0.108887
vt 0.525879 -0.100952
vt 0.501953 -0.104126
vt 0.463867 -0.104126
vt 0.523438 -0.101135
vt 0.463867 -0.095093
vt 0.523438 -0.093201
vt 0.525391 -0.093201
vt 0.525879 -0.085022
vt 0.501953 -0.095093
vt 0.523438 -0.085083
vt 0.525391 -0.077087
vt 0.501953 -0.086243
vt 0.463867 -0.086243
vt 0.523438 -0.077087
vt 0.501953 -0.077759
vt 0.463867 -0.077759
vt 0.523438 -0.068787
vt 0.501953 -0.069092
vt 0.463867 -0.069092
vt 0.525879 -0.068787
vt 0.501953 -0.060120
vt 0.463867 -0.060120
vt 0.523438 -0.060242
vt 0.525391 -0.060272
vt 0.525391 -0.052490
vt 0.523438 -0.052460
vt 0.525391 -0.044128
vt 0.501953 -0.051971
vt 0.463867 -0.051971
vt 0.523438 -0.044128
vt 0.501953 -0.043335
vt 0.463867 -0.043335
vt 0.463867 -0.034729
vt 0.501953 -0.034729
vt 0.463867 -0.025543
vt 0.523438 -0.035950
vt 0.525391 -0.035950
vt 0.501953 -0.025543
vt 0.523438 -0.027344
vt 0.525391 -0.027390
vt 0.525879 -0.019745
vt 0.501953 -0.016953
vt 0.463867 -0.016953
vt 0.463867 -0.011475
vt 0.523438 -0.019745
vt 0.501953 -0.011475
vt 0.463867 -0.004215
vt 0.501953 -0.004215
vt 0.528809 -0.003922
vt 0.525391 -0.012772
vt 0.528320 -0.013245
vt 0.531250 -0.006001
vt 0.541016 -0.004211
vt 0.541016 -0.229858
vt 0.531250 -0.228149
vt 0.528809 -0.230225
vt 0.525391 -0.221313
vt 0.528320 -0.220825
vt 0.525879 -0.214355
vt 0.501953 -0.222656
vt 0.501953 -0.229858
vt 0.463867 -0.229858
vt 0.463867 -0.222656
vt 0.523438 -0.214355
vt 0.501953 -0.217163
vt 0.463867 -0.217163
vt 0.463867 -0.208618
vt 0.523438 -0.206787
vt 0.525391 -0.206787
vt 0.525391 -0.198120
vt 0.501953 -0.208618
vt 0.523438 -0.198120
vt 0.525391 -0.189941
vt 0.501953 -0.199341
vt 0.463867 -0.199341
vt 0.523438 -0.189941
vt 0.501953 -0.190796
vt 0.463867 -0.190796
vt 0.463867 -0.182129
vt 0.501953 -0.182129
vt 0.463867 -0.173950
vt 0.523438 -0.181641
vt 0.525391 -0.181641
vt 0.501953 -0.173950
vt 0.463867 -0.165039
vt 0.523438 -0.173828
vt 0.525391 -0.173828
vt 0.525879 -0.165283
vt 0.523438 -0.165283
vt 0.525391 -0.156982
vt 0.501953 -0.165039
vt 0.463867 -0.156372
vt 0.523438 -0.156982
vt 0.501953 -0.156372
vt 0.463867 -0.147827
vt 0.523438 -0.149048
vt 0.525879 -0.149048
vt 0.501953 -0.147827
vt 0.463867 -0.139038
vt 0.523438 -0.140869
vt 0.525391 -0.140869
vt 0.501953 -0.139038
vt 0.525879 -0.133179
vt 0.501953 -0.130005
vt 0.463867 -0.130005
vt 0.463867 -0.124451
vt 0.523438 -0.132935
vt 0.501953 -0.124451
vt 0.463867 -0.117065
vt 0.525391 -0.125244
vt 0.527832 -0.125610
vt 0.501953 -0.117065
vt 0.529297 -0.117188
vt 0.531738 -0.118896
vt 0.541504 -0.117065
vt 0.531738 -0.115234
vt 0.527832 -0.108521
vt 0.501953 -0.109680
vt 0.463867 -0.109680
vt 0.525391 -0.108887
vt 0.525879 -0.100952
vt 0.501953 -0.104126
vt 0.463867 -0.104126
vt 0.523438 -0.101135
vt 0.463867 -0.095093
vt 0.523438 -0.093201
vt 0.525391 -0.093201
vt 0.525879 -0.085022
vt 0.501953 -0.095093
vt 0.523438 -0.085083
vt 0.525391 -0.077087
vt 0.501953 -0.086243
vt 0.463867 -0.086243
vt 0.523438 -0.077087
vt 0.501953 -0.077759
vt 0.463867 -0.077759
vt 0.523438 -0.068787
vt 0.501953 -0.069092
vt 0.463867 -0.069092
vt 0.525879 -0.068787
vt 0.501953 -0.060120
vt 0.463867 -0.060120
vt 0.523438 -0.060242
vt 0.525391 -0.060272
vt 0.525391 -0.052490
vt 0.523438 -0.052460
vt 0.525391 -0.044128
vt 0.501953 -0.051971
vt 0.463867 -0.051971
vt 0.523438 -0.044128
vt 0.501953 -0.043335
vt 0.463867 -0.043335
vt 0.463867 -0.034729
vt 0.501953 -0.034729
vt 0.463867 -0.025543
vt 0.523438 -0.035950
vt 0.525391 -0.035950
vt 0.501953 -0.025543
vt 0.523438 -0.027344
vt 0.525391 -0.027390
vt 0.525879 -0.019745
vt 0.501953 -0.016953
vt 0.463867 -0.016953
vt 0.463867 -0.011475
vt 0.523438 -0.019745
vt 0.501953 -0.011475
vt 0.463867 -0.004215
vt 0.501953 -0.004215
vt 0.528809 -0.003922
vt 0.525391 -0.012772
vt 0.528320 -0.013245
vt 0.531250 -0.006001
vt 0.541016 -0.004211
vt 0.541016 -0.229858
vt 0.528809 -0.230225
vt 0.531250 -0.228149
vt 0.525391 -0.221313
vt 0.528320 -0.220825
vt 0.525879 -0.214355
vt 0.501953 -0.222656
vt 0.501953 -0.229858
vt 0.463867 -0.229858
vt 0.463867 -0.222656
vt 0.523438 -0.214355
vt 0.501953 -0.217163
vt 0.463867 -0.217163
vt 0.463867 -0.208618
vt 0.523438 -0.206787
vt 0.525391 -0.206787
vt 0.525391 -0.198120
vt 0.501953 -0.208618
vt 0.523438 -0.198120
vt 0.525391 -0.189941
vt 0.501953 -0.199341
vt 0.463867 -0.199341
vt 0.523438 -0.189941
vt 0.501953 -0.190796
vt 0.463867 -0.190796
vt 0.463867 -0.182129
vt 0.501953 -0.182129
vt 0.463867 -0.173950
vt 0.523438 -0.181641
vt 0.525391 -0.181641
vt 0.501953 -0.173950
vt 0.463867 -0.165039
vt 0.523438 -0.173828
vt 0.525391 -0.173828
vt 0.525879 -0.165283
vt 0.501953 -0.165039
vt 0.523438 -0.165283
vt 0.525391 -0.156982
vt 0.463867 -0.156372
vt 0.523438 -0.156982
vt 0.501953 -0.156372
vt 0.463867 -0.147827
vt 0.523438 -0.149048
vt 0.525879 -0.149048
vt 0.501953 -0.147827
vt 0.463867 -0.139038
vt 0.523438 -0.140869
vt 0.525391 -0.140869
vt 0.501953 -0.139038
vt 0.525879 -0.133179
vt 0.501953 -0.130005
vt 0.463867 -0.130005
vt 0.463867 -0.124451
vt 0.523438 -0.132935
vt 0.501953 -0.124451
vt 0.463867 -0.117065
vt 0.525391 -0.125244
vt 0.527832 -0.125610
vt 0.501953 -0.117065
vt 0.529297 -0.117188
vt 0.531738 -0.118896
vt 0.541504 -0.117065
vt 0.531738 -0.115234
vt 0.527832 -0.108521
vt 0.501953 -0.109680
vt 0.463867 -0.109680
vt 0.525391 -0.108887
vt 0.525879 -0.100952
vt 0.501953 -0.104126
vt 0.463867 -0.104126
vt 0.523438 -0.101135
vt 0.463867 -0.095093
vt 0.523438 -0.093201
vt 0.525391 -0.093201
vt 0.525879 -0.085022
vt 0.501953 -0.095093
vt 0.523438 -0.085083
vt 0.525391 -0.077087
vt 0.501953 -0.086243
vt 0.463867 -0.086243
vt 0.523438 -0.077087
vt 0.501953 -0.077759
vt 0.463867 -0.077759
vt 0.523438 -0.068787
vt 0.501953 -0.069092
vt 0.463867 -0.069092
vt 0.525879 -0.068787
vt 0.501953 -0.060120
vt 0.463867 -0.060120
vt 0.523438 -0.060242
vt 0.525391 -0.060272
vt 0.525391 -0.052490
vt 0.523438 -0.052460
vt 0.525391 -0.044128
vt 0.501953 -0.051971
vt 0.463867 -0.051971
vt 0.523438 -0.044128
vt 0.501953 -0.043335
vt 0.463867 -0.043335
vt 0.463867 -0.034729
vt 0.501953 -0.034729
vt 0.463867 -0.025543
vt 0.523438 -0.035950
vt 0.525391 -0.035950
vt 0.501953 -0.025543
vt 0.523438 -0.027344
vt 0.525391 -0.027390
vt 0.525879 -0.019745
vt 0.501953 -0.016953
vt 0.463867 -0.016953
vt 0.463867 -0.011475
vt 0.523438 -0.019745
vt 0.501953 -0.011475
vt 0.463867 -0.004215
vt 0.501953 -0.004215
vt 0.528809 -0.003922
vt 0.525391 -0.012772
vt 0.528320 -0.013245
vt 0.531250 -0.006001
vt 0.541016 -0.004211
vt 0.541016 -0.229858
vt 0.528809 -0.230225
vt 0.531250 -0.228149
vt 0.525391 -0.221313
vt 0.528320 -0.220825
vt 0.525879 -0.214355
vt 0.501953 -0.222656
vt 0.501953 -0.229858
vt 0.463867 -0.229858
vt 0.463867 -0.222656
vt 0.523438 -0.214355
vt 0.501953 -0.217163
vt 0.463867 -0.217163
vt 0.463867 -0.208618
vt 0.523438 -0.206787
vt 0.525391 -0.206787
vt 0.525391 -0.198120
vt 0.501953 -0.208618
vt 0.523438 -0.198120
vt 0.525391 -0.189941
vt 0.501953 -0.199341
vt 0.463867 -0.199341
vt 0.523438 -0.189941
vt 0.501953 -0.190796
vt 0.463867 -0.190796
vt 0.463867 -0.182129
vt 0.501953 -0.182129
vt 0.463867 -0.173950
vt 0.523438 -0.181641
vt 0.525391 -0.181641
vt 0.501953 -0.173950
vt 0.463867 -0.165039
vt 0.523438 -0.173828
vt 0.525391 -0.173828
vt 0.525879 -0.165283
vt 0.501953 -0.165039
vt 0.523438 -0.165283
vt 0.525391 -0.156982
vt 0.463867 -0.156372
vt 0.523438 -0.156982
vt 0.501953 -0.156372
vt 0.463867 -0.147827
vt 0.523438 -0.149048
vt 0.525879 -0.149048
vt 0.501953 -0.147827
vt 0.463867 -0.139038
vt 0.523438 -0.140869
vt 0.525391 -0.140869
vt 0.501953 -0.139038
vt 0.525879 -0.133179
vt 0.501953 -0.130005
vt 0.463867 -0.130005
vt 0.463867 -0.124451
vt 0.523438 -0.132935
vt 0.501953 -0.124451
vt 0.463867 -0.117065
vt 0.525391 -0.125244
vt 0.527832 -0.125610
vt 0.501953 -0.117065
vt 0.529297 -0.117188
vt 0.531738 -0.118896
vt 0.541504 -0.117065
vt 0.531738 -0.115234
vt 0.527832 -0.108521
vt 0.501953 -0.109680
vt 0.463867 -0.109680
vt 0.525391 -0.108887
vt 0.525879 -0.100952
vt 0.501953 -0.104126
vt 0.463867 -0.104126
vt 0.523438 -0.101135
vt 0.463867 -0.095093
vt 0.523438 -0.093201
vt 0.525391 -0.093201
vt 0.525879 -0.085022
vt 0.501953 -0.095093
vt 0.523438 -0.085083
vt 0.525391 -0.077087
vt 0.501953 -0.086243
vt 0.463867 -0.086243
vt 0.523438 -0.077087
vt 0.501953 -0.077759
vt 0.463867 -0.077759
vt 0.523438 -0.068787
vt 0.501953 -0.069092
vt 0.463867 -0.069092
vt 0.525879 -0.068787
vt 0.501953 -0.060120
vt 0.463867 -0.060120
vt 0.523438 -0.060242
vt 0.525391 -0.060272
vt 0.525391 -0.052490
vt 0.523438 -0.052460
vt 0.525391 -0.044128
vt 0.501953 -0.051971
vt 0.463867 -0.051971
vt 0.523438 -0.044128
vt 0.501953 -0.043335
vt 0.463867 -0.043335
vt 0.463867 -0.034729
vt 0.501953 -0.034729
vt 0.463867 -0.025543
vt 0.523438 -0.035950
vt 0.525391 -0.035950
vt 0.501953 -0.025543
vt 0.523438 -0.027344
vt 0.525391 -0.027390
vt 0.525879 -0.019745
vt 0.501953 -0.016953
vt 0.463867 -0.016953
vt 0.463867 -0.011475
vt 0.523438 -0.019745
vt 0.501953 -0.011475
vt 0.463867 -0.004215
vt 0.501953 -0.004215
vt 0.528809 -0.003922
vt 0.525391 -0.012772
vt 0.528320 -0.013245
vt 0.531250 -0.006001
vt 0.541016 -0.004211
vt 0.352783 -0.447510
vt 0.348877 -0.453125
vt 0.378662 -0.469727
vt 0.347656 -0.459961
vt 0.348877 -0.466309
vt 0.352539 -0.472412
vt 0.358398 -0.476074
vt 0.364990 -0.477783
vt 0.371826 -0.476318
vt 0.377441 -0.472656
vt 0.352783 -0.447510
vt 0.378662 -0.469727
vt 0.348877 -0.453125
vt 0.347656 -0.459961
vt 0.348877 -0.466309
vt 0.352539 -0.472412
vt 0.358398 -0.476074
vt 0.364990 -0.477783
vt 0.371826 -0.476318
vt 0.377441 -0.472656
vt 0.352783 -0.447510
vt 0.348877 -0.453125
vt 0.378662 -0.469727
vt 0.347656 -0.459961
vt 0.348877 -0.466309
vt 0.352539 -0.472412
vt 0.358398 -0.476074
vt 0.364990 -0.477783
vt 0.371826 -0.476318
vt 0.377441 -0.472656
vt 0.352783 -0.447510
vt 0.378662 -0.469727
vt 0.348877 -0.453125
vt 0.347656 -0.459961
vt 0.348877 -0.466309
vt 0.352539 -0.472412
vt 0.358398 -0.476074
vt 0.364990 -0.477783
vt 0.371826 -0.476318
vt 0.377441 -0.472656
vt 0.352783 -0.447510
vt 0.378662 -0.469727
vt 0.348877 -0.453125
vt 0.347656 -0.459961
vt 0.348877 -0.466309
vt 0.352539 -0.472412
vt 0.358398 -0.476074
vt 0.364990 -0.477783
vt 0.371826 -0.476318
vt 0.377441 -0.472656
vt 0.352783 -0.447510
vt 0.348877 -0.453125
vt 0.378662 -0.469727
vt 0.347656 -0.459961
vt 0.348877 -0.466309
vt 0.352539 -0.472412
vt 0.358398 -0.476074
vt 0.364990 -0.477783
vt 0.371826 -0.476318
vt 0.377441 -0.472656
vt 0.352783 -0.447510
vt 0.378662 -0.469727
vt 0.348877 -0.453125
vt 0.347656 -0.459961
vt 0.348877 -0.466309
vt 0.352539 -0.472412
vt 0.358398 -0.476074
vt 0.364990 -0.477783
vt 0.371826 -0.476318
vt 0.377441 -0.472656
vt 0.352783 -0.447510
vt 0.348877 -0.453125
vt 0.378662 -0.469727
vt 0.347656 -0.459961
vt 0.348877 -0.466309
vt 0.352539 -0.472412
vt 0.358398 -0.476074
vt 0.364990 -0.477783
vt 0.371826 -0.476318
vt 0.377441 -0.472656
vt 0.009338 -0.892090
vt 0.010178 -0.908203
vt 0.008690 -0.909180
vt 0.013435 -0.885742
vt 0.007149 -0.909180
vt 0.009438 -0.879395
vt 0.012146 -0.870117
vt 0.005482 -0.892090
vt 0.005756 -0.908691
vt 0.001210 -0.886230
vt 0.009247 -0.870605
vt 0.008057 -0.864746
vt 0.004673 -0.879395
vt 0.000806 -0.870117
vt 0.004486 -0.870605
vt 0.005066 -0.864746
vt 0.008690 -0.909180
vt 0.010147 -0.908203
vt 0.009346 -0.892090
vt 0.007168 -0.909180
vt 0.013512 -0.885742
vt 0.005478 -0.892090
vt 0.005749 -0.908691
vt 0.001185 -0.886230
vt 0.009430 -0.879395
vt 0.012138 -0.870117
vt 0.004677 -0.879883
vt 0.000814 -0.870117
vt 0.009239 -0.870605
vt 0.008133 -0.864746
vt 0.004490 -0.870605
vt 0.005077 -0.864746
vt 0.935059 -0.431396
vt 0.708496 -0.594238
vt 0.709473 -0.599121
vt 0.945312 -0.432861
vt 0.552734 -0.712402
vt 0.951172 -0.437012
vt 0.553223 -0.715820
vt 0.299072 -0.899902
vt 0.709961 -0.603027
vt 0.956055 -0.444824
vt 0.956055 -0.479492
vt 0.950684 -0.525391
vt 0.709473 -0.682617
vt 0.945312 -0.555176
vt 0.299805 -0.903320
vt 0.293457 -0.908203
vt 0.552734 -0.785156
vt 0.709473 -0.721191
vt 0.937988 -0.585449
vt 0.931641 -0.654297
vt 0.709473 -0.778320
vt 0.552734 -0.821289
vt 0.559570 -0.856445
vt 0.536621 -0.861328
vt 0.300293 -0.932129
vt 0.300537 -0.990234
vt 0.295410 -0.910156
vt 0.291260 -0.942383
vt 0.293457 -0.943359
vt 0.539551 -0.710449
vt 0.312744 -0.873535
vt 0.538086 -0.705566
vt 0.302490 -0.872070
vt 0.694824 -0.592285
vt 0.296631 -0.867676
vt 0.694824 -0.588867
vt 0.948730 -0.405029
vt 0.537598 -0.701660
vt 0.291504 -0.859863
vt 0.291748 -0.825195
vt 0.297119 -0.779297
vt 0.538086 -0.622070
vt 0.302490 -0.749512
vt 0.948242 -0.401855
vt 0.954590 -0.396484
vt 0.694824 -0.519531
vt 0.538086 -0.583496
vt 0.309814 -0.719238
vt 0.316406 -0.650391
vt 0.538086 -0.526367
vt 0.694824 -0.483398
vt 0.687988 -0.448242
vt 0.710938 -0.443604
vt 0.947266 -0.372559
vt 0.947266 -0.314697
vt 0.952148 -0.394531
vt 0.956543 -0.362793
vt 0.954102 -0.361572
vt 0.577637 -0.245972
vt 0.541504 -0.231201
vt 0.541504 -0.260498
vt 0.562012 -0.281250
vt 0.562012 -0.210449
vt 0.591309 -0.281250
vt 0.591309 -0.210449
vt 0.612305 -0.260498
vt 0.612305 -0.231201
vt 0.577637 -0.245972
vt 0.541504 -0.260498
vt 0.541504 -0.231201
vt 0.562012 -0.281250
vt 0.562012 -0.210449
vt 0.591309 -0.281250
vt 0.591309 -0.210449
vt 0.612305 -0.260498
vt 0.612305 -0.231201
vt 0.577637 -0.245972
vt 0.541504 -0.231201
vt 0.541504 -0.260498
vt 0.562012 -0.281250
vt 0.562012 -0.210449
vt 0.591309 -0.281250
vt 0.591309 -0.210449
vt 0.612305 -0.260498
vt 0.612305 -0.231201
vt 0.577637 -0.245972
vt 0.541504 -0.260498
vt 0.541504 -0.231201
vt 0.562012 -0.281250
vt 0.562012 -0.210449
vt 0.591309 -0.281250
vt 0.591309 -0.210449
vt 0.612305 -0.260498
vt 0.612305 -0.231201
vt 0.577637 -0.245972
vt 0.541504 -0.260498
vt 0.541504 -0.231201
vt 0.562012 -0.281250
vt 0.562012 -0.210449
vt 0.591309 -0.281250
vt 0.591309 -0.210449
vt 0.612305 -0.260498
vt 0.612305 -0.231201
vt 0.577637 -0.245972
vt 0.541504 -0.231201
vt 0.541504 -0.260498
vt 0.562012 -0.281250
vt 0.562012 -0.210449
vt 0.591309 -0.281250
vt 0.591309 -0.210449
vt 0.612305 -0.260498
vt 0.612305 -0.231201
vt 0.577637 -0.245972
vt 0.541504 -0.260498
vt 0.541504 -0.231201
vt 0.562012 -0.281250
vt 0.562012 -0.210449
vt 0.591309 -0.281250
vt 0.591309 -0.210449
vt 0.612305 -0.260498
vt 0.612305 -0.231201
vt 0.577637 -0.245972
vt 0.541504 -0.231201
vt 0.541504 -0.260498
vt 0.562012 -0.281250
vt 0.562012 -0.210449
vt 0.591309 -0.281250
vt 0.591309 -0.210449
vt 0.612305 -0.260498
vt 0.612305 -0.231201
vt 0.409424 -0.414062
vt 0.407959 -0.421631
vt 0.415039 -0.415039
vt 0.403320 -0.413574
vt 0.411865 -0.425293
vt 0.421143 -0.416992
vt 0.406494 -0.424805
vt 0.415527 -0.431152
vt 0.427002 -0.419189
vt 0.419678 -0.437012
vt 0.408936 -0.430420
vt 0.411377 -0.437256
vt 0.413086 -0.443848
vt 0.403320 -0.426514
vt 0.403320 -0.432129
vt 0.403320 -0.439941
vt 0.403564 -0.447021
vt 0.393555 -0.443848
vt 0.395752 -0.437256
vt 0.387207 -0.436768
vt 0.397949 -0.430420
vt 0.391357 -0.431152
vt 0.380127 -0.419189
vt 0.385986 -0.416992
vt 0.400635 -0.425049
vt 0.395020 -0.425293
vt 0.392334 -0.415039
vt 0.398926 -0.421631
vt 0.397949 -0.414062
vt 0.419434 -0.409180
vt 0.425049 -0.407959
vt 0.417969 -0.401611
vt 0.413574 -0.409424
vt 0.422119 -0.397949
vt 0.431396 -0.406250
vt 0.416504 -0.398193
vt 0.425781 -0.392090
vt 0.437256 -0.403809
vt 0.429932 -0.386230
vt 0.419189 -0.392822
vt 0.421387 -0.385986
vt 0.423096 -0.379395
vt 0.413574 -0.396729
vt 0.413574 -0.391113
vt 0.413574 -0.383301
vt 0.413574 -0.376221
vt 0.403564 -0.379395
vt 0.405762 -0.385986
vt 0.397461 -0.386475
vt 0.408203 -0.392822
vt 0.401611 -0.392090
vt 0.390137 -0.404053
vt 0.395996 -0.406250
vt 0.410889 -0.398193
vt 0.405273 -0.397949
vt 0.402344 -0.408203
vt 0.409180 -0.401611
vt 0.407959 -0.409180
vt 0.398193 -0.149170
vt 0.402344 -0.146606
vt 0.397461 -0.146729
vt 0.400146 -0.150879
vt 0.398193 -0.144287
vt 0.402344 -0.151489
vt 0.400146 -0.142578
vt 0.404785 -0.150879
vt 0.402344 -0.141968
vt 0.406738 -0.149048
vt 0.404785 -0.142456
vt 0.407227 -0.146729
vt 0.406738 -0.144287
vt 0.314941 -0.466553
vt 0.307617 -0.447998
vt 0.311035 -0.466553
vt 0.317627 -0.481934
vt 0.312012 -0.447998
vt 0.307617 -0.368164
vt 0.321777 -0.481934
vt 0.321045 -0.486084
vt 0.318848 -0.466553
vt 0.312012 -0.368164
vt 0.315186 -0.336182
vt 0.316650 -0.447998
vt 0.320312 -0.336182
vt 0.324219 -0.310547
vt 0.316650 -0.368164
vt 0.321533 -0.447998
vt 0.326416 -0.310547
vt 0.326416 -0.308350
vt 0.321533 -0.368164
vt 0.328613 -0.310547
vt 0.322754 -0.466553
vt 0.332520 -0.336182
vt 0.337646 -0.336182
vt 0.326416 -0.336182
vt 0.340820 -0.368164
vt 0.345459 -0.368164
vt 0.345459 -0.447998
vt 0.326416 -0.368164
vt 0.340820 -0.447998
vt 0.331543 -0.368164
vt 0.336182 -0.368164
vt 0.336182 -0.447998
vt 0.331543 -0.447998
vt 0.326416 -0.447998
vt 0.334473 -0.466553
vt 0.330566 -0.466553
vt 0.326660 -0.466553
vt 0.326172 -0.481934
vt 0.330566 -0.481934
vt 0.338135 -0.466553
vt 0.342285 -0.466553
vt 0.334473 -0.481934
vt 0.330811 -0.486084
vt 0.325928 -0.486084
vt 0.325928 -0.489990
vt 0.321045 -0.486084
vt 0.325928 -0.486084
vt 0.330811 -0.486084
vt 0.321777 -0.481934
vt 0.317627 -0.481934
vt 0.330566 -0.481934
vt 0.334473 -0.481934
vt 0.326172 -0.481934
vt 0.314941 -0.466553
vt 0.311035 -0.466553
vt 0.307617 -0.447998
vt 0.312012 -0.447998
vt 0.307617 -0.368164
vt 0.318848 -0.466553
vt 0.312012 -0.368164
vt 0.315186 -0.336182
vt 0.316650 -0.447998
vt 0.322754 -0.466553
vt 0.321533 -0.447998
vt 0.316650 -0.368164
vt 0.320312 -0.336182
vt 0.324219 -0.310547
vt 0.321533 -0.368164
vt 0.326416 -0.310547
vt 0.328613 -0.310547
vt 0.326416 -0.336182
vt 0.332520 -0.336182
vt 0.337646 -0.336182
vt 0.326416 -0.368164
vt 0.340820 -0.368164
vt 0.345459 -0.368164
vt 0.345459 -0.447998
vt 0.331543 -0.368164
vt 0.336182 -0.368164
vt 0.340820 -0.447998
vt 0.336182 -0.447998
vt 0.331543 -0.447998
vt 0.326416 -0.447998
vt 0.334473 -0.466553
vt 0.326660 -0.466553
vt 0.330566 -0.466553
vt 0.338135 -0.466553
vt 0.342285 -0.466553
vt 0.087463 -0.927246
vt 0.076233 -0.919434
vt 0.073547 -0.926758
vt 0.064819 -0.911621
vt 0.084778 -0.919434
vt 0.096191 -0.911621
vt 0.072815 -0.911621
vt 0.088196 -0.911621
vt 0.076233 -0.904297
vt 0.073547 -0.896484
vt 0.080505 -0.911621
vt 0.084778 -0.903809
vt 0.087463 -0.896484
vt 0.009468 -0.931641
vt 0.007553 -0.927246
vt 0.009514 -0.925781
vt 0.011497 -0.927246
vt 0.007198 -0.932617
vt 0.004566 -0.933105
vt 0.011719 -0.932617
vt 0.014343 -0.933105
vt 0.006321 -0.940430
vt 0.002323 -0.946777
vt 0.009392 -0.940430
vt 0.006062 -0.947754
vt 0.005245 -0.952637
vt 0.012466 -0.940430
vt 0.016479 -0.946777
vt 0.009308 -0.948730
vt 0.009209 -0.954102
vt 0.013405 -0.953125
vt 0.012573 -0.947754
vt 0.009293 -0.995117
vt 0.012825 -0.993164
vt 0.009308 -0.996582
vt 0.005764 -0.993164
vt 0.012390 -0.990234
vt 0.014771 -0.985840
vt 0.006245 -0.989258
vt 0.003971 -0.985840
vt 0.012436 -0.976562
vt 0.014923 -0.976074
vt 0.009331 -0.976562
vt 0.012550 -0.963379
vt 0.013130 -0.959961
vt 0.006275 -0.976562
vt 0.004128 -0.973633
vt 0.009476 -0.958008
vt 0.009598 -0.956543
vt 0.006065 -0.959961
vt 0.006355 -0.963867
vt 0.013412 -0.953125
vt 0.009315 -0.948730
vt 0.009209 -0.954590
vt 0.005241 -0.952637
vt 0.012573 -0.947754
vt 0.016479 -0.946777
vt 0.006058 -0.947754
vt 0.002321 -0.946777
vt 0.012466 -0.940430
vt 0.014359 -0.933105
vt 0.009384 -0.940430
vt 0.011726 -0.932617
vt 0.011497 -0.927246
vt 0.006321 -0.940430
vt 0.004551 -0.933105
vt 0.009460 -0.931641
vt 0.009514 -0.925781
vt 0.007549 -0.927246
vt 0.007202 -0.932617
vt 0.006065 -0.959961
vt 0.009476 -0.958008
vt 0.009598 -0.956543
vt 0.013130 -0.959961
vt 0.006355 -0.963867
vt 0.004128 -0.973145
vt 0.012550 -0.963379
vt 0.014923 -0.976074
vt 0.006275 -0.976562
vt 0.003971 -0.985840
vt 0.009331 -0.976562
vt 0.006245 -0.989258
vt 0.005768 -0.993164
vt 0.012436 -0.976562
vt 0.014771 -0.985840
vt 0.009293 -0.995117
vt 0.009308 -0.996582
vt 0.012825 -0.993164
vt 0.012390 -0.990234
vt 0.307617 -0.447998
vt 0.314941 -0.466553
vt 0.311035 -0.466553
vt 0.317627 -0.481934
vt 0.312012 -0.447998
vt 0.307617 -0.368164
vt 0.321777 -0.481934
vt 0.321045 -0.486084
vt 0.318848 -0.466553
vt 0.312012 -0.368164
vt 0.315186 -0.336182
vt 0.316650 -0.447998
vt 0.320312 -0.336182
vt 0.324219 -0.310547
vt 0.316650 -0.368164
vt 0.321533 -0.447998
vt 0.322754 -0.466553
vt 0.321533 -0.368164
vt 0.326416 -0.447998
vt 0.326172 -0.481934
vt 0.326660 -0.466553
vt 0.330566 -0.466553
vt 0.326416 -0.368164
vt 0.325928 -0.486084
vt 0.325928 -0.489990
vt 0.330566 -0.481934
vt 0.330811 -0.486084
vt 0.334473 -0.481934
vt 0.331543 -0.447998
vt 0.334473 -0.466553
vt 0.338135 -0.466553
vt 0.342285 -0.466553
vt 0.345459 -0.447998
vt 0.340820 -0.447998
vt 0.336182 -0.447998
vt 0.331543 -0.368164
vt 0.336182 -0.368164
vt 0.340820 -0.368164
vt 0.345459 -0.368164
vt 0.337646 -0.336182
vt 0.332520 -0.336182
vt 0.328613 -0.310547
vt 0.326416 -0.336182
vt 0.326416 -0.310547
vt 0.326416 -0.308350
vt 0.324219 -0.310547
vt 0.326416 -0.310547
vt 0.328613 -0.310547
vt 0.320312 -0.336182
vt 0.315186 -0.336182
vt 0.332520 -0.336182
vt 0.337646 -0.336182
vt 0.326416 -0.336182
vt 0.312012 -0.368164
vt 0.307617 -0.368164
vt 0.321533 -0.368164
vt 0.312012 -0.447998
vt 0.307617 -0.447998
vt 0.316650 -0.368164
vt 0.316650 -0.447998
vt 0.314941 -0.466553
vt 0.311035 -0.466553
vt 0.317627 -0.481934
vt 0.318848 -0.466553
vt 0.321533 -0.447998
vt 0.321777 -0.481934
vt 0.321045 -0.486084
vt 0.322754 -0.466553
vt 0.326416 -0.447998
vt 0.325928 -0.486084
vt 0.330811 -0.486084
vt 0.326172 -0.481934
vt 0.330566 -0.481934
vt 0.334473 -0.481934
vt 0.326660 -0.466553
vt 0.330566 -0.466553
vt 0.326416 -0.368164
vt 0.331543 -0.447998
vt 0.331543 -0.368164
vt 0.334473 -0.466553
vt 0.336182 -0.447998
vt 0.336182 -0.368164
vt 0.340820 -0.368164
vt 0.345459 -0.368164
vt 0.345459 -0.447998
vt 0.340820 -0.447998
vt 0.338135 -0.466553
vt 0.342285 -0.466553
vt 0.355957 -0.229370
vt 0.358398 -0.231445
vt 0.358643 -0.230835
vt 0.365234 -0.230713
vt 0.355469 -0.229736
vt 0.354492 -0.226562
vt 0.365723 -0.231201
vt 0.365234 -0.220459
vt 0.365723 -0.219971
vt 0.353760 -0.226685
vt 0.355713 -0.222290
vt 0.356201 -0.222656
vt 0.358643 -0.219971
vt 0.358887 -0.220581
vt 0.367432 -0.218018
vt 0.368896 -0.231567
vt 0.368896 -0.219604
vt 0.383057 -0.217651
vt 0.381836 -0.231567
vt 0.369385 -0.231079
vt 0.369385 -0.220093
vt 0.381104 -0.231079
vt 0.381104 -0.219971
vt 0.381836 -0.219482
vt 0.081238 -0.809570
vt 0.100769 -0.810059
vt 0.099976 -0.809570
vt 0.099976 -0.796875
vt 0.080444 -0.810059
vt 0.081238 -0.796875
vt 0.100769 -0.796387
vt 0.080444 -0.796387
vt 0.079285 -0.811523
vt 0.105591 -0.803223
vt 0.105347 -0.811035
vt 0.105347 -0.795410
vt 0.079285 -0.794922
vt 0.100220 -0.793945
vt 0.096130 -0.772461
vt 0.100281 -0.812500
vt 0.096130 -0.833984
vt 0.080078 -0.812500
vt 0.075562 -0.831055
vt 0.073608 -0.832520
vt 0.099121 -0.812988
vt 0.080627 -0.813477
vt 0.076599 -0.830078
vt 0.093079 -0.832520
vt 0.092651 -0.831543
vt 0.091858 -0.834961
vt 0.083496 -0.849121
vt 0.084961 -0.852051
vt 0.070068 -0.839844
vt 0.071655 -0.839844
vt 0.074463 -0.833496
vt 0.090881 -0.835449
vt 0.083374 -0.848145
vt 0.074951 -0.833984
vt 0.072510 -0.839844
vt 0.080078 -0.793945
vt 0.075562 -0.775391
vt 0.073608 -0.774414
vt 0.099121 -0.793457
vt 0.080627 -0.793457
vt 0.076599 -0.776367
vt 0.093079 -0.773926
vt 0.092651 -0.774902
vt 0.091858 -0.771484
vt 0.083496 -0.757324
vt 0.084961 -0.754395
vt 0.070068 -0.766602
vt 0.071655 -0.766602
vt 0.074463 -0.772949
vt 0.090881 -0.770996
vt 0.083374 -0.758301
vt 0.074951 -0.772461
vt 0.072510 -0.767090
vn 0.4119 0.8769 0.2479
vn 0.4119 0.8769 -0.2479
vn 0.0000 0.8660 -0.5000
vn 0.0346 -0.4997 -0.8655
vn 0.0223 -0.5279 -0.8490
vn 0.0223 0.4713 0.8816
vn 0.0346 0.4997 0.8655
vn -1.0000 0.0000 0.0000
vn 0.0223 0.4713 -0.8816
vn 0.6065 0.6638 0.4375
vn 0.5901 0.6732 0.4456
vn 0.6052 0.6646 0.4382
vn 0.6240 0.6535 0.4285
vn 0.4678 0.3843 0.7959
vn 0.3240 0.4602 0.8266
vn 0.3736 0.4360 0.8187
vn 0.2738 0.4829 0.8318
vn 0.1273 0.4254 0.8960
vn 0.1269 0.4257 0.8959
vn 0.1159 0.4355 0.8927
vn 0.1382 0.4155 0.8990
vn 0.6052 0.6646 -0.4382
vn 0.6065 0.6638 -0.4375
vn 0.6240 0.6535 -0.4285
vn 0.5901 0.6732 -0.4456
vn 0.3736 0.4360 -0.8187
vn 0.3240 0.4602 -0.8266
vn 0.4678 0.3843 -0.7959
vn 0.2738 0.4829 -0.8318
vn 0.1273 0.4254 -0.8960
vn 0.1269 0.4257 -0.8959
vn 0.1382 0.4155 -0.8990
vn 0.1159 0.4355 -0.8927
vn 0.6776 0.7354 0.0000
vn 0.0000 1.0000 0.0000
vn 0.0000 -1.0000 0.0000
vn 0.0000 0.0000 -1.0000
vn 0.0000 0.0000 1.0000
vn 0.0223 -0.5279 0.8490
vn 0.0292 -0.5123 0.8583
vn 0.0251 -0.5214 0.8529
vn 0.0346 -0.4997 0.8655
vn 0.3661 0.4738 -0.8009
vn 0.3624 0.4702 -0.8047
vn 0.2799 0.3668 -0.8872
vn 0.1674 0.2292 -0.9589
vn 0.0322 0.0540 -0.9980
vn -0.0095 -0.0115 -0.9999
vn -0.0346 -0.0419 -0.9985
vn -0.0580 -0.0615 -0.9964
vn -0.0672 -0.0706 -0.9952
vn -0.0684 -0.0699 -0.9952
vn 0.3624 0.4702 0.8047
vn 0.6505 0.7186 0.2459
vn 0.2884 0.3622 0.8864
vn 0.4469 0.4907 0.7479
vn 0.0288 0.0329 0.9990
vn -0.0122 -0.0167 0.9998
vn -0.0346 -0.0419 0.9985
vn -0.0580 -0.0615 0.9964
vn -0.0672 -0.0706 0.9952
vn -0.0684 -0.0699 0.9952
vn 0.2675 0.9369 0.2250
vn 0.3251 0.9439 0.0571
vn 0.2871 0.9578 -0.0117
vn 0.3017 0.8643 -0.4024
vn 0.2613 0.8158 -0.5159
vn 0.2189 0.6262 -0.7483
vn 0.2286 0.3556 -0.9062
vn 0.2295 0.2122 -0.9499
vn 0.2358 -0.1602 -0.9585
vn 0.2975 0.0104 -0.9546
vn 0.2559 -0.3435 -0.9036
vn 0.2565 -0.6021 -0.7560
vn 0.3512 -0.8541 -0.3836
vn 0.3097 -0.8299 -0.4639
vn 0.3351 -0.9422 -0.0008
vn 0.3851 -0.8513 0.3564
vn 0.3211 -0.8699 0.3743
vn 0.3303 -0.6644 0.6704
vn 0.3734 -0.3509 0.8587
vn 0.3118 -0.3550 0.8813
vn 0.3158 0.0210 0.9486
vn 0.3648 0.3564 0.8601
vn 0.2921 0.3570 0.8872
vn 0.3042 0.6803 0.6668
vn 0.3436 0.7080 0.6170
vn 0.2729 0.8403 0.4684
vn 0.3511 -0.8541 -0.3836
vn 0.3097 -0.8299 -0.4640
vn 0.0517 0.0193 -0.9985
vn 0.1544 0.0538 -0.9865
vn 0.2893 0.0859 -0.9534
vn 0.5708 0.1706 -0.8032
vn 0.7259 0.1967 -0.6590
vn 0.9642 0.2652 0.0000
vn 0.9674 0.2531 0.0000
vn 0.7259 0.1967 0.6590
vn 0.5708 0.1706 0.8032
vn 0.2893 0.0859 0.9534
vn 0.1544 0.0538 0.9865
vn 0.0517 0.0193 0.9985
vn -0.7075 0.6120 0.3533
vn -0.6951 0.6883 0.2074
vn 0.0346 0.5374 -0.8426
vn 0.0346 0.4997 -0.8655
vn 0.3661 0.4737 0.8009
vn 0.2799 0.3668 0.8872
vn 0.1675 0.2292 0.9588
vn 0.0322 0.0540 0.9980
vn -0.0095 -0.0115 0.9999
vn 0.6505 0.7186 -0.2459
vn 0.2884 0.3622 -0.8864
vn 0.4469 0.4907 -0.7479
vn 0.0288 0.0329 -0.9990
vn -0.0122 -0.0167 -0.9998
vn 0.2675 0.9369 -0.2250
vn 0.2871 0.9578 0.0117
vn 0.3251 0.9439 -0.0571
vn 0.3017 0.8643 0.4024
vn 0.2613 0.8158 0.5159
vn 0.2189 0.6262 0.7483
vn 0.2286 0.3556 0.9062
vn 0.2295 0.2122 0.9499
vn 0.2358 -0.1602 0.9585
vn 0.2975 0.0104 0.9546
vn 0.2559 -0.3435 0.9036
vn 0.2565 -0.6021 0.7560
vn 0.3512 -0.8541 0.3836
vn 0.3097 -0.8299 0.4639
vn 0.3351 -0.9422 0.0008
vn 0.3851 -0.8513 -0.3564
vn 0.3211 -0.8699 -0.3743
vn 0.3303 -0.6644 -0.6704
vn 0.3734 -0.3509 -0.8587
vn 0.3118 -0.3550 -0.8813
vn 0.3158 0.0210 -0.9486
vn 0.3648 0.3564 -0.8601
vn 0.2921 0.3570 -0.8872
vn 0.3042 0.6803 -0.6668
vn 0.3436 0.7080 -0.6170
vn 0.2729 0.8403 -0.4684
vn 0.2565 -0.6021 0.7561
vn 0.3097 -0.8299 0.4640
vn 0.0400 0.4002 0.9155
vn 0.0486 0.3998 0.9153
vn 0.0572 0.4049 0.9126
vn 0.0335 0.3970 0.9172
vn 0.0192 0.3972 0.9175
vn 0.0192 0.3971 0.9175
vn 0.0193 0.3971 0.9175
vn 0.0486 0.3998 -0.9153
vn 0.0400 0.4002 -0.9155
vn 0.0572 0.4049 -0.9126
vn 0.0335 0.3970 -0.9172
vn 0.0192 0.3972 -0.9175
vn 0.0192 0.3971 -0.9175
vn 0.0193 0.3971 -0.9175
vn 0.2436 -0.1357 0.9603
vn 0.4857 -0.4361 0.7575
vn 0.4528 -0.3654 0.8133
vn 0.2245 -0.0867 0.9706
vn 0.1006 -0.0652 0.9928
vn 0.0145 -0.0783 0.9968
vn -0.0164 -0.2271 0.9737
vn -0.1122 -0.3087 0.9445
vn 0.0744 -0.2434 0.9670
vn -0.0471 -0.6826 0.7292
vn -0.1143 -0.3383 0.9340
vn 0.0354 -0.7070 0.7064
vn -0.0812 -0.9956 0.0469
vn -0.1407 -0.9883 0.0586
vn -0.0234 -0.9995 -0.0194
vn -0.1160 -0.7330 -0.6702
vn -0.0750 -0.6982 -0.7119
vn -0.0909 -0.2792 -0.9559
vn -0.1178 -0.3900 -0.9132
vn -0.1482 -0.4050 -0.9022
vn -0.0888 -0.1371 -0.9865
vn 0.2436 -0.1357 -0.9603
vn 0.4528 -0.3654 -0.8133
vn 0.4857 -0.4361 -0.7575
vn 0.2245 -0.0867 -0.9706
vn 0.1006 -0.0652 -0.9928
vn 0.0145 -0.0783 -0.9968
vn -0.0164 -0.2271 -0.9737
vn -0.1122 -0.3087 -0.9445
vn 0.0744 -0.2434 -0.9670
vn -0.0471 -0.6826 -0.7292
vn -0.1143 -0.3383 -0.9340
vn 0.0354 -0.7070 -0.7064
vn -0.0812 -0.9956 -0.0469
vn -0.1407 -0.9883 -0.0586
vn -0.0234 -0.9995 0.0194
vn -0.1160 -0.7330 0.6702
vn -0.0750 -0.6982 0.7119
vn -0.0909 -0.2792 0.9559
vn -0.1178 -0.3900 0.9132
vn -0.1482 -0.4050 0.9022
vn -0.0888 -0.1371 0.9865
vn -1.0000 -0.0004 0.0000
vn -1.0000 -0.0003 0.0000
vn -1.0000 -0.0026 0.0000
vn 0.3511 -0.8541 0.3836
vn -0.0017 -0.4496 0.8932
vn -0.0015 -0.4432 0.8964
vn -0.0010 -0.4290 0.9033
vn -0.0014 -0.2209 0.9753
vn -0.0015 -0.4395 0.8982
vn -0.0017 -0.3791 0.9254
vn -0.0010 -0.4186 0.9082
vn -0.0017 -0.4265 0.9044
vn -0.0020 -0.3667 0.9303
vn -0.0298 -0.3638 0.9310
vn -0.0010 -0.3669 0.9303
vn -0.0305 -0.3636 0.9310
vn -0.0771 -0.2156 0.9734
vn -0.0329 -0.1844 0.9823
vn -0.0685 -0.1055 0.9920
vn -0.0802 -0.2001 0.9765
vn -0.0234 0.1898 0.9815
vn -0.0009 0.2223 0.9750
vn -0.0004 0.6131 0.7899
vn -0.0735 -0.1009 0.9922
vn -0.0736 0.0486 0.9961
vn -0.0513 0.2013 0.9782
vn -0.0113 0.5982 0.8013
vn -0.0026 0.8511 0.5249
vn 0.0000 0.8510 0.5251
vn -0.0321 0.5965 0.8020
vn -0.0626 0.2152 0.9745
vn -0.0120 0.8360 0.5486
vn 0.0023 0.9512 0.3085
vn 0.0000 0.9516 0.3074
vn -0.0399 0.6025 0.7971
vn -0.0011 0.9517 0.3069
vn -0.0663 0.1656 0.9839
vn -0.0156 0.8234 0.5672
vn -0.0567 0.2704 0.9611
vn -0.0161 0.7891 0.6140
vn -0.0656 0.1452 0.9872
vn -0.0499 0.2226 0.9736
vn -0.0671 0.0927 0.9934
vn -0.0735 -0.0213 0.9970
vn -0.0475 0.1196 0.9917
vn -0.0397 0.2260 0.9733
vn -0.2318 0.5547 0.7991
vn -0.1810 -0.0009 0.9835
vn -0.2680 -0.2146 0.9392
vn -0.1411 0.3280 0.9341
vn -0.3142 0.3890 0.8660
vn -0.3781 0.7359 0.5617
vn -0.3948 0.8712 0.2917
vn -0.3867 0.8706 0.3040
vn -0.0079 0.9089 0.4170
vn -0.0203 0.7841 0.6202
vn -0.0035 0.9492 0.3145
vn -0.0120 0.9110 0.4121
vn -0.0145 0.7016 0.7124
vn -0.0068 0.8651 0.5015
vn -0.0008 1.0000 0.0000
vn -0.0031 1.0000 0.0000
vn 0.0010 1.0000 0.0000
vn -0.0068 0.8632 -0.5048
vn 0.0005 1.0000 0.0000
vn -0.0122 0.9110 -0.4122
vn -0.0146 0.6965 -0.7174
vn -0.0207 0.7841 -0.6202
vn -0.0079 0.9089 -0.4170
vn -0.0161 0.7891 -0.6140
vn -0.0035 0.9492 -0.3145
vn -0.0156 0.8234 -0.5672
vn -0.0399 0.6025 -0.7971
vn 0.0017 1.0000 0.0000
vn -0.0011 0.9517 -0.3069
vn 0.0034 1.0000 0.0000
vn 0.0023 0.9512 -0.3085
vn 0.0000 0.9516 -0.3074
vn -0.0120 0.8360 -0.5486
vn -0.0026 0.8511 -0.5249
vn 0.0000 0.8510 -0.5251
vn -0.0004 0.6131 -0.7899
vn -0.0321 0.5965 -0.8020
vn -0.0113 0.5982 -0.8013
vn -0.0233 0.1898 -0.9815
vn -0.0018 0.2217 -0.9751
vn -0.0513 0.2013 -0.9782
vn -0.0626 0.2152 -0.9745
vn -0.0663 0.1656 -0.9839
vn -0.0567 0.2704 -0.9611
vn -0.0735 -0.1009 -0.9922
vn -0.0656 0.1452 -0.9872
vn -0.0500 0.2227 -0.9736
vn -0.0399 0.2284 -0.9727
vn -0.0476 0.1207 -0.9915
vn -0.2318 0.5547 -0.7991
vn -0.0736 0.0486 -0.9961
vn -0.0671 0.0927 -0.9934
vn -0.0802 -0.2001 -0.9765
vn -0.0735 -0.0213 -0.9970
vn -0.0685 -0.1055 -0.9920
vn -0.0771 -0.2156 -0.9734
vn -0.0329 -0.1844 -0.9823
vn -0.0298 -0.3638 -0.9310
vn -0.2680 -0.2146 -0.9392
vn -0.1810 -0.0009 -0.9835
vn -0.0020 -0.3737 -0.9275
vn -0.0010 -0.3739 -0.9275
vn -0.1411 0.3280 -0.9341
vn -0.3142 0.3890 -0.8660
vn -0.3781 0.7359 -0.5617
vn -0.3948 0.8712 -0.2917
vn -0.3867 0.8706 -0.3040
vn -0.0027 -0.1902 -0.9817
vn -0.0016 -0.1939 -0.9810
vn -0.0018 -0.3855 -0.9227
vn -0.0020 -0.4247 -0.9053
vn -0.0018 -0.3860 -0.9225
vn -0.0010 -0.4248 -0.9052
vn -0.0025 -0.2125 -0.9771
vn -0.0018 -0.4352 -0.9003
vn -0.0024 -0.2203 -0.9754
vn -0.0018 -0.4357 -0.9001
vn -0.0018 -0.4496 -0.8932
vn -0.0010 -0.4352 -0.9003
vn -0.1791 0.6805 0.7105
vn -0.2139 0.9003 0.3791
vn -0.1818 0.6957 0.6949
vn -0.0592 0.0088 0.9982
vn -0.0536 -0.0222 0.9983
vn 0.0671 -0.6969 0.7140
vn 0.0699 -0.7125 0.6981
vn 0.1202 -0.9927 0.0000
vn 0.0671 -0.6969 -0.7140
vn 0.0699 -0.7125 -0.6981
vn -0.0536 -0.0222 -0.9983
vn -0.0592 0.0088 -0.9982
vn -0.1791 0.6805 -0.7105
vn -0.1818 0.6957 -0.6949
vn -0.2139 0.9003 -0.3791
vn -0.5826 0.2568 0.7711
vn -0.6506 0.5058 0.5665
vn -0.7928 0.6094 0.0000
vn -0.6843 0.7292 0.0000
vn -0.6506 0.5058 -0.5665
vn -0.5826 0.2568 -0.7711
vn -0.4718 -0.6477 0.5983
vn -0.4820 -0.3839 0.7876
vn -0.5824 -0.8129 0.0000
vn -0.4313 -0.9022 0.0000
vn -0.4718 -0.6477 -0.5983
vn -0.4820 -0.3839 -0.7876
vn -0.1783 0.6796 0.7115
vn -0.2151 0.9001 0.3787
vn -0.1816 0.6972 0.6935
vn -0.0549 0.0120 0.9984
vn -0.0482 -0.0239 0.9985
vn 0.0761 -0.6948 0.7151
vn 0.0795 -0.7127 0.6969
vn 0.1312 -0.9913 0.0000
vn 0.0761 -0.6948 -0.7151
vn 0.0795 -0.7127 -0.6969
vn -0.0482 -0.0239 -0.9985
vn -0.0549 0.0120 -0.9984
vn -0.1783 0.6796 -0.7115
vn -0.1816 0.6972 -0.6935
vn -0.2151 0.9001 -0.3787
vn -0.5961 0.2537 0.7618
vn -0.6637 0.4986 0.5575
vn -0.8033 0.5956 0.0000
vn -0.6970 0.7171 0.0000
vn -0.6637 0.4986 -0.5575
vn -0.5961 0.2537 -0.7617
vn -0.4848 -0.6417 0.5942
vn -0.4950 -0.3807 0.7810
vn -0.5954 -0.8034 0.0000
vn -0.4437 -0.8961 0.0000
vn -0.4848 -0.6417 -0.5942
vn -0.4950 -0.3807 -0.7810
vn -0.0548 0.0120 -0.9984
vn 0.1232 0.9924 -0.0008
vn 0.1211 0.9926 0.0000
vn 0.1232 0.9924 0.0008
vn 0.1255 0.9921 0.0000
vn 0.1293 0.9916 -0.0056
vn 0.1293 0.9916 0.0056
vn 0.3632 0.5354 0.7625
vn 0.2887 0.4567 0.8415
vn 0.3210 0.4380 0.8397
vn 0.4607 0.5701 0.6802
vn 0.4424 0.7762 0.4491
vn 0.5520 0.6511 0.5210
vn 0.4582 0.8786 0.1343
vn 0.5414 0.7562 0.3675
vn 0.6322 0.6271 0.4549
vn 0.5108 0.8449 0.1584
vn 0.4825 0.8759 0.0000
vn 0.5964 0.7277 0.3388
vn 0.7022 0.5423 0.4612
vn 0.4968 0.8678 0.0000
vn 0.5108 0.8449 -0.1584
vn 0.4582 0.8786 -0.1343
vn 0.6847 0.6324 0.3623
vn 0.7528 0.4725 0.4582
vn 0.7532 0.5651 0.3368
vn 0.7542 0.6566 0.0000
vn 0.5601 0.8284 0.0000
vn 0.6833 0.7301 0.0000
vn 0.6847 0.6324 -0.3623
vn 0.7532 0.5651 -0.3368
vn 0.7528 0.4725 -0.4582
vn 0.7022 0.5423 -0.4612
vn 0.5964 0.7276 -0.3388
vn 0.6322 0.6271 -0.4549
vn 0.5414 0.7562 -0.3675
vn 0.5520 0.6511 -0.5210
vn 0.4424 0.7762 -0.4491
vn 0.3632 0.5353 -0.7625
vn 0.4607 0.5701 -0.6802
vn 0.3210 0.4379 -0.8397
vn 0.2887 0.4565 -0.8415
vn -0.5961 0.2537 -0.7618
vn -0.5961 0.2537 0.7617
vn -0.0548 0.0120 0.9984
vn -0.0005 -0.8497 -0.5273
vn -0.0000 -0.7469 -0.6649
vn -0.0009 -0.7550 -0.6557
vn 0.0000 -0.8464 -0.5325
vn 0.0000 -0.9859 -0.1672
vn 0.0000 -0.9805 -0.1963
vn 0.0000 -0.9805 0.1963
vn 0.0000 -0.9557 0.2944
vn -0.0005 -0.8497 0.5273
vn -0.0000 -0.7433 0.6689
vn -0.0009 -0.7550 0.6557
vn 0.0000 -0.8450 0.5347
vn 0.0000 -0.9576 0.2879
vn 0.0000 -0.9914 0.1306
vn 0.0000 -0.9914 -0.1306
vn 0.0000 -0.9569 -0.2904
vn -0.0005 -0.8439 -0.5365
vn 0.0000 -0.9572 -0.2893
vn 0.0000 -0.7191 -0.6949
vn -0.0009 -0.7406 -0.6720
vn 0.0000 -0.8353 -0.5497
vn 0.0000 -0.9859 -0.1671
vn 0.0000 -0.9853 0.1707
vn 0.0000 -0.9557 0.2945
vn -0.0005 -0.8425 0.5387
vn 0.0000 -0.7154 0.6987
vn -0.0009 -0.7370 0.6758
vn 0.0000 -0.8339 0.5519
vn 0.0000 -0.9575 0.2884
vn 0.0000 -0.9570 -0.2899
vn -0.0005 -0.8327 -0.5537
vn 0.0000 -0.9572 -0.2892
vn -0.0416 -0.7057 -0.7073
vn -0.0010 -0.7123 -0.7018
vn -0.0442 -0.8308 -0.5547
vn -0.0476 -0.9795 -0.1957
vn 0.0000 -0.9853 0.1708
vn -0.1197 -0.8248 -0.5526
vn -0.1017 -0.6898 -0.7168
vn -0.1444 -0.7857 -0.6015
vn -0.0476 -0.9795 0.1957
vn -0.1493 -0.8518 -0.5020
vn -0.0004 -0.8312 0.5560
vn -0.1158 -0.6449 -0.7555
vn -0.0010 -0.7085 0.7056
vn -0.0417 -0.7056 0.7073
vn -0.0442 -0.8308 0.5547
vn -0.1197 -0.8248 0.5526
vn -0.1017 -0.6898 0.7168
vn -0.1444 -0.7857 0.6015
vn -0.1340 -0.9724 0.1911
vn -0.1493 -0.8518 0.5020
vn -0.1158 -0.6449 0.7555
vn -0.1330 -0.9911 0.0000
vn -0.1526 -0.9660 0.2084
vn -0.1226 -0.8004 0.5867
vn -0.2159 -0.8421 0.4942
vn -0.2174 -0.7032 0.6769
vn -0.1224 -0.9740 0.1905
vn -0.3518 -0.6094 0.7105
vn -0.3526 -0.7746 0.5249
vn -0.1485 -0.9889 0.0000
vn -0.1175 -0.9931 0.0000
vn -0.2266 -0.9740 0.0000
vn -0.3720 -0.9282 0.0000
vn -0.3526 -0.7746 -0.5249
vn -0.2174 -0.7032 -0.6769
vn -0.3518 -0.6094 -0.7105
vn -0.2159 -0.8421 -0.4942
vn -0.1224 -0.9740 -0.1905
vn -0.1226 -0.8004 -0.5867
vn -0.1526 -0.9660 -0.2084
vn -0.1340 -0.9724 -0.1911
vn 0.4632 -0.8396 -0.2837
vn 0.3413 -0.9188 -0.1982
vn 0.2887 -0.9437 -0.1612
vn 0.3208 -0.9279 -0.1900
vn 0.1057 -0.9938 -0.0334
vn 0.5734 -0.7246 -0.3824
vn 0.0789 -0.9967 -0.0182
vn -0.0014 -0.9992 0.0405
vn -0.0081 -0.9990 0.0434
vn 0.4016 -0.8814 -0.2486
vn 0.5167 -0.7493 -0.4142
vn 0.0908 -0.9956 -0.0242
vn -0.0164 -0.9994 0.0311
vn 0.3162 -0.8988 -0.3037
vn 0.3343 -0.6544 -0.6782
vn -0.0199 -0.9991 0.0370
vn 0.1403 -0.8578 -0.4943
vn -0.0220 -0.6497 -0.7598
vn -0.0566 -0.8728 -0.4847
vn -0.0363 -0.9993 0.0023
vn 0.0011 -0.9991 -0.0432
vn -0.0205 -0.9988 0.0448
vn -0.0214 -0.9987 0.0452
vn 0.0477 -0.9986 0.0215
vn -0.0272 -0.9985 0.0471
vn -0.0163 -0.9990 0.0424
vn 0.3413 -0.9188 0.1982
vn 0.4632 -0.8396 0.2837
vn 0.2887 -0.9437 0.1612
vn 0.3208 -0.9279 0.1900
vn 0.1057 -0.9938 0.0334
vn 0.5734 -0.7246 0.3824
vn 0.0789 -0.9967 0.0182
vn -0.0014 -0.9992 -0.0405
vn -0.0081 -0.9990 -0.0434
vn 0.4016 -0.8814 0.2486
vn 0.5167 -0.7493 0.4142
vn 0.0908 -0.9956 0.0242
vn -0.0164 -0.9994 -0.0311
vn 0.3162 -0.8988 0.3037
vn 0.3343 -0.6544 0.6782
vn -0.0199 -0.9991 -0.0370
vn 0.1403 -0.8578 0.4943
vn -0.0220 -0.6497 0.7598
vn 0.0011 -0.9991 0.0432
vn -0.0566 -0.8728 0.4847
vn -0.0363 -0.9993 -0.0023
vn -0.0205 -0.9988 -0.0448
vn -0.0214 -0.9987 -0.0452
vn -0.0082 -0.9997 -0.0221
vn -0.0272 -0.9985 -0.0471
vn -0.0163 -0.9990 -0.0424
vn 0.2837 0.9109 -0.2994
vn 0.2651 0.8526 -0.4503
vn 0.0803 0.5676 -0.8194
vn 0.0675 0.3516 -0.9337
vn 0.0095 -0.0019 -0.9999
vn 0.0066 0.8333 -0.5527
vn -0.0508 -0.0787 -0.9956
vn -0.0906 -0.3453 -0.9341
vn -0.0746 -0.0636 -0.9952
vn -0.0749 0.6217 -0.7796
vn -0.0793 0.9235 -0.3753
vn 0.0333 0.5071 -0.8612
vn 0.2708 0.8708 0.4104
vn 0.2878 0.9239 0.2520
vn 0.0840 0.5940 0.8000
vn 0.0695 0.3701 0.9264
vn 0.0116 0.0121 0.9998
vn 0.0076 0.8435 0.5370
vn -0.0512 -0.0645 0.9966
vn -0.0819 -0.3035 0.9493
vn -0.0759 -0.0462 0.9960
vn -0.0797 0.6678 0.7400
vn -0.0827 0.9630 0.2563
vn 0.0341 0.5130 0.8577
vn -0.3485 0.1312 -0.9281
vn -0.1486 -0.0165 -0.9887
vn -0.3424 -0.1393 -0.9291
vn -0.3805 -0.0008 -0.9247
vn -0.5861 -0.3100 -0.7485
vn -0.5651 0.3157 -0.7622
vn -0.1469 -0.9320 0.3312
vn -0.1294 -0.9602 0.2473
vn -0.1938 -0.9382 0.2867
vn -0.0757 -0.7393 0.6691
vn -0.0819 -0.9263 0.3677
vn -0.0837 -0.9456 0.3142
vn -0.1313 -0.8467 0.5155
vn -0.0354 -0.8351 0.5489
vn -0.0817 -0.8355 0.5433
vn 0.0182 -0.8805 0.4736
vn -0.2145 -0.9767 -0.0077
vn 0.0120 -0.9999 0.0072
vn -0.0964 -0.9666 -0.2373
vn -0.1997 -0.6909 -0.6948
vn -0.0089 -0.8935 -0.4490
vn -0.1133 -0.6083 -0.7856
vn -0.0254 -0.6084 -0.7932
vn -0.1901 0.0032 -0.9817
vn -0.0474 -0.3108 -0.9493
vn -0.1372 0.0272 -0.9901
vn -0.0659 0.0019 -0.9978
vn -0.2335 0.6664 -0.7080
vn -0.0847 0.3601 -0.9290
vn -0.1798 0.7199 -0.6703
vn -0.0793 0.7012 -0.7085
vn -0.3029 0.9527 -0.0232
vn -0.0868 0.9274 -0.3638
vn -0.1938 0.9809 0.0148
vn -0.0668 0.9977 -0.0083
vn -0.3062 0.9231 0.2327
vn -0.0496 0.9681 0.2455
vn -0.2145 0.9765 0.0187
vn -0.0525 0.9985 -0.0125
vn -0.0555 0.9722 -0.2273
vn -0.3730 0.9278 0.0048
vn -0.3556 0.8916 0.2801
vn -0.5955 0.8027 0.0316
vn -0.3214 0.9107 -0.2593
vn -0.3014 0.9286 -0.2163
vn -0.1981 0.9801 0.0076
vn -0.0699 0.9975 0.0051
vn -0.2932 0.9557 0.0275
vn -0.0908 0.9185 0.3847
vn -0.1802 0.7211 0.6690
vn -0.0772 0.6981 0.7118
vn -0.2244 0.6718 0.7059
vn -0.0848 0.3944 0.9150
vn -0.1374 0.0535 0.9890
vn -0.0647 0.0023 0.9979
vn -0.1969 0.0085 0.9804
vn -0.0556 -0.2352 0.9703
vn -0.1194 -0.6079 0.7850
vn -0.0439 -0.5893 0.8067
vn -0.2085 -0.6934 0.6897
vn -0.0188 -0.9149 0.4031
vn -0.1017 -0.9719 0.2124
vn -0.2154 -0.9765 0.0085
vn 0.0016 -1.0000 -0.0029
vn -0.0896 -0.8358 -0.5416
vn 0.0078 -0.8813 -0.4725
vn -0.1411 -0.8597 -0.4908
vn -0.0397 -0.8363 -0.5467
vn -0.0816 -0.7502 -0.6561
vn -0.0841 -0.9457 -0.3139
vn -0.0820 -0.9274 -0.3649
vn -0.1556 -0.9445 -0.2893
vn -0.1381 -0.9677 -0.2110
vn -0.2040 -0.9484 -0.2427
vn -0.3511 0.1412 0.9256
vn -0.3524 -0.1187 0.9283
vn -0.1307 0.0061 0.9914
vn -0.4149 0.0104 0.9098
vn -0.6205 -0.3001 0.7245
vn -0.5734 0.3135 0.7569
vn -0.0042 0.8327 -0.5537
vn -0.0611 -0.0817 -0.9948
vn -0.0945 -0.3493 -0.9322
vn -0.0781 -0.0580 -0.9952
vn -0.0797 0.5859 -0.8064
vn -0.0958 0.8805 -0.4643
vn 0.0257 0.5100 -0.8598
vn -0.0025 0.8432 0.5376
vn -0.0608 -0.0669 0.9959
vn -0.0851 -0.3071 0.9478
vn -0.0782 -0.0387 0.9962
vn -0.0847 0.6300 0.7720
vn -0.1012 0.9293 0.3551
vn 0.0270 0.5157 0.8563
vn -0.0836 -0.9456 0.3142
vn 0.4485 -0.7455 -0.4929
vn 0.5152 -0.7252 -0.4567
vn 0.4276 -0.8215 -0.3773
vn 0.2208 -0.8755 -0.4297
vn 0.1589 -0.9777 -0.1369
vn 0.1071 -0.7864 -0.6083
vn 0.0673 -0.9951 -0.0729
vn -0.0520 -0.9559 -0.2890
vn 0.0140 -0.8623 -0.5061
vn -0.0615 -0.9981 -0.0029
vn -0.1046 -0.9928 -0.0585
vn -0.1049 -0.9944 0.0089
vn 0.4135 0.8242 -0.3867
vn 0.4371 0.7503 -0.4959
vn 0.3380 0.8853 -0.3191
vn 0.2208 0.8749 -0.4310
vn 0.1107 0.9867 -0.1190
vn 0.1110 0.7847 -0.6099
vn 0.0139 0.9989 -0.0449
vn -0.0679 0.9468 -0.3145
vn 0.0024 0.8304 -0.5571
vn -0.0723 0.9974 0.0000
vn -0.1371 0.9884 -0.0644
vn -0.1241 0.9922 0.0137
vn 0.5152 -0.7252 0.4567
vn 0.4485 -0.7455 0.4929
vn 0.4276 -0.8215 0.3773
vn 0.2208 -0.8755 0.4297
vn 0.1589 -0.9777 0.1369
vn 0.1071 -0.7864 0.6083
vn 0.0673 -0.9951 0.0729
vn -0.0520 -0.9559 0.2890
vn 0.0140 -0.8623 0.5061
vn -0.0615 -0.9981 0.0029
vn -0.1046 -0.9928 0.0585
vn -0.1049 -0.9944 -0.0089
vn 0.4371 0.7503 0.4959
vn 0.4135 0.8242 0.3867
vn 0.3380 0.8853 0.3191
vn 0.2208 0.8749 0.4310
vn 0.1107 0.9867 0.1190
vn 0.1110 0.7847 0.6099
vn 0.0139 0.9989 0.0449
vn -0.0679 0.9468 0.3145
vn 0.0024 0.8304 0.5571
vn -0.1371 0.9884 0.0644
vn -0.1241 0.9922 -0.0137
vn -0.2317 -0.9421 -0.2424
vn -0.0729 -0.8465 -0.5274
vn -0.0703 -0.9660 -0.2486
vn -0.2544 -0.8215 -0.5103
vn -0.0707 -0.4560 -0.8871
vn -0.7027 -0.6599 -0.2659
vn -0.2386 -0.4676 -0.8511
vn -0.0505 -0.0201 -0.9985
vn -0.7367 -0.4693 -0.4868
vn -0.9483 -0.2845 -0.1403
vn -0.2311 -0.0041 -0.9729
vn -0.0638 0.4783 -0.8758
vn -0.7212 -0.0054 -0.6927
vn -0.9492 -0.1384 -0.2825
vn -0.2498 0.4996 -0.8294
vn -0.0731 0.8599 -0.5051
vn -0.9502 0.1313 -0.2827
vn -0.7366 0.4691 -0.4871
vn -0.2540 0.8344 -0.4892
vn -0.2396 0.9709 0.0044
vn -0.0728 0.9973 0.0045
vn -0.7298 0.6837 0.0027
vn -0.9492 0.2843 -0.1349
vn -0.0729 0.8594 0.5061
vn -0.2531 0.8342 0.4899
vn -0.9497 0.2821 0.1355
vn -0.7364 0.4690 0.4876
vn -0.2497 0.5046 0.8264
vn -0.0637 0.4846 0.8724
vn -0.9501 0.1313 0.2827
vn -0.7206 -0.0052 0.6933
vn -0.2308 -0.0044 0.9730
vn -0.0503 -0.0199 0.9985
vn -0.2385 -0.4722 0.8486
vn -0.0704 -0.4618 0.8842
vn -0.9492 -0.1384 0.2825
vn -0.7365 -0.4685 0.4879
vn -0.2533 -0.8202 0.5129
vn -0.0729 -0.8448 0.5300
vn -0.9490 -0.2815 0.1416
vn -0.7047 -0.6550 0.2727
vn -0.2326 -0.9391 0.2527
vn -0.0705 -0.9632 0.2592
vn -0.0505 -0.0213 -0.9985
vn -0.2314 -0.0043 -0.9728
vn -0.0661 0.4814 -0.8740
vn -0.2506 0.4997 -0.8291
vn -0.0744 0.8612 -0.5028
vn -0.0716 0.8581 0.5085
vn -0.2490 0.5045 0.8267
vn -0.0615 0.4815 0.8743
vn -0.9502 0.1313 0.2827
vn -0.2305 -0.0041 0.9731
vn -0.0503 -0.0186 0.9985
vn -0.9490 -0.2816 0.1416
vn 0.2585 0.2110 0.9427
vn 0.3703 0.3855 0.8451
vn 0.1984 0.1648 0.9662
vn 0.1675 0.3920 0.9046
vn 0.0780 0.5947 0.8002
vn 0.0243 0.0370 0.9990
vn 0.0128 0.2354 0.9718
vn 0.0130 0.4297 0.9029
vn -0.0518 0.0038 0.9986
vn -0.0353 0.2403 0.9700
vn -0.0407 0.4713 0.8810
vn -0.0916 -0.0094 0.9957
vn -0.0627 0.0311 0.9975
vn 0.3703 0.3855 -0.8451
vn 0.2585 0.2110 -0.9427
vn 0.1984 0.1648 -0.9662
vn 0.1675 0.3920 -0.9046
vn 0.0243 0.0370 -0.9990
vn 0.0780 0.5947 -0.8002
vn 0.0128 0.2354 -0.9718
vn -0.0518 0.0038 -0.9986
vn 0.0130 0.4297 -0.9029
vn -0.0353 0.2403 -0.9700
vn -0.0916 -0.0094 -0.9957
vn -0.0407 0.4713 -0.8810
vn -0.0627 0.0311 -0.9975
vn 0.6824 0.2306 0.6936
vn 0.7749 -0.0037 0.6321
vn 0.7684 0.2447 0.5913
vn 0.6843 -0.0062 0.7291
vn 0.7520 -0.2195 0.6215
vn 0.5595 0.2184 0.7995
vn 0.6621 -0.2304 0.7131
vn 0.5644 -0.0226 0.8251
vn 0.5499 -0.2521 0.7962
vn 0.4447 0.0031 0.8956
vn 0.4448 0.1787 0.8776
vn 0.4634 -0.2312 0.8555
vn 0.4602 -0.3002 0.8355
vn 0.3101 -0.0100 0.9507
vn 0.3392 0.0849 0.9369
vn 0.3246 -0.2946 0.8988
vn 0.3297 -0.4637 0.8224
vn 0.2082 -0.0318 0.9775
vn 0.2448 0.0224 0.9693
vn 0.2318 -0.3154 0.9202
vn 0.2434 -0.5032 0.8292
vn 0.1454 -0.0526 0.9880
vn 0.1651 0.1276 0.9780
vn 0.1744 -0.3170 0.9322
vn 0.1898 -0.5246 0.8299
vn 0.1142 -0.3198 0.9406
vn 0.1265 -0.5681 0.8132
vn 0.0679 0.0008 0.9977
vn 0.0610 -0.2531 0.9655
vn 0.1087 -0.4474 0.8877
vn 0.0224 0.2323 0.9724
vn 0.0768 0.1955 0.9777
vn 0.0394 0.2342 0.9714
vn 0.0313 0.5908 0.8061
vn 0.0289 0.6106 0.7914
vn 0.0171 0.8492 0.5277
vn 0.0339 0.8463 0.5316
vn 0.0176 0.9522 0.3050
vn 0.0775 0.8109 0.5800
vn 0.0478 0.9609 0.2727
vn 0.0942 0.8769 0.4713
vn 0.1841 0.8469 0.4987
vn 0.0236 0.9997 0.0000
vn 0.2762 0.8896 0.3637
vn 0.3400 0.8436 0.4155
vn 0.1150 0.9644 0.2381
vn 0.0551 0.9985 0.0000
vn 0.0478 0.9609 -0.2727
vn 0.0176 0.9522 -0.3050
vn 0.1297 0.9915 0.0000
vn 0.0339 0.8463 -0.5316
vn 0.0171 0.8492 -0.5277
vn 0.1150 0.9644 -0.2381
vn 0.0942 0.8769 -0.4713
vn 0.0775 0.8109 -0.5800
vn 0.1841 0.8469 -0.4987
vn 0.0313 0.5908 -0.8061
vn 0.0289 0.6106 -0.7914
vn 0.2762 0.8896 -0.3637
vn 0.3400 0.8436 -0.4155
vn 0.0224 0.2323 -0.9724
vn 0.2929 0.9366 -0.1921
vn 0.3982 0.9069 -0.1377
vn 0.2658 0.9640 0.0000
vn 0.2929 0.9366 0.1921
vn 0.3982 0.9069 0.1377
vn 0.4020 0.9156 0.0000
vn 0.4028 0.8056 0.4345
vn 0.4785 0.8695 0.1223
vn 0.4785 0.8695 -0.1223
vn 0.2996 0.9085 0.2912
vn 0.4755 0.8045 0.3560
vn 0.6567 0.7387 -0.1516
vn -0.3843 0.8315 0.4011
vn 0.7192 0.1679 0.6741
vn 0.2962 0.9085 -0.2947
vn 0.4203 0.8126 -0.4036
vn 0.4755 0.8045 -0.3558
vn 0.4293 0.7643 0.4812
vn -0.3741 0.8221 -0.4291
vn 0.7151 0.1693 -0.6782
vn 0.0679 0.0008 -0.9977
vn 0.0610 -0.2531 -0.9655
vn 0.1265 -0.5681 -0.8132
vn 0.1087 -0.4474 -0.8877
vn 0.1142 -0.3198 -0.9406
vn 0.1898 -0.5246 -0.8299
vn 0.1744 -0.3170 -0.9322
vn 0.2434 -0.5032 -0.8292
vn 0.0394 0.2342 -0.9714
vn 0.2318 -0.3154 -0.9202
vn 0.3297 -0.4637 -0.8224
vn 0.1454 -0.0526 -0.9880
vn 0.3246 -0.2946 -0.8988
vn 0.4602 -0.3002 -0.8355
vn 0.2082 -0.0318 -0.9775
vn 0.4634 -0.2312 -0.8555
vn 0.5499 -0.2521 -0.7962
vn 0.3101 -0.0100 -0.9507
vn 0.2448 0.0224 -0.9693
vn 0.3392 0.0849 -0.9369
vn 0.1651 0.1276 -0.9780
vn 0.4448 0.1787 -0.8776
vn 0.4447 0.0031 -0.8956
vn 0.5595 0.2184 -0.7995
vn 0.5644 -0.0226 -0.8251
vn 0.6621 -0.2304 -0.7131
vn 0.6843 -0.0062 -0.7291
vn 0.7520 -0.2195 -0.6215
vn 0.6824 0.2306 -0.6936
vn 0.7749 -0.0037 -0.6321
vn 0.7684 0.2447 -0.5913
vn 0.0768 0.1955 -0.9777
vn 0.1521 0.4889 -0.8590
vn 0.0735 0.5248 -0.8480
vn 0.1845 0.4715 -0.8623
vn 0.0840 0.4142 -0.9063
vn 0.0731 0.3498 -0.9340
vn 0.2675 0.2982 -0.9162
vn -0.3062 -0.0885 -0.9478
vn -0.3515 0.7771 -0.5220
vn 0.5465 -0.1339 -0.8267
vn 0.5059 0.7443 -0.4360
vn -0.0476 0.4761 -0.8781
vn 0.0985 0.6031 -0.7915
vn -0.0561 0.3080 -0.9497
vn -0.2760 0.6698 -0.6893
vn -0.3168 -0.0130 -0.9484
vn 0.1339 0.8279 -0.5446
vn 0.3987 0.7147 -0.5747
vn 0.1105 0.2089 -0.9716
vn 0.1806 -0.0793 -0.9803
vn 0.4442 0.0081 -0.8959
vn 0.2109 0.5426 -0.8131
vn 0.5628 0.3569 -0.7456
vn 0.2262 0.2543 -0.9402
vn 0.2373 0.4031 -0.8838
vn 0.1239 -0.8421 0.5249
vn 0.1512 -0.7243 0.6727
vn 0.1266 -0.7489 0.6504
vn 0.1492 -0.8036 0.5761
vn 0.1946 -0.7167 0.6697
vn 0.0976 -0.9729 0.2097
vn 0.2074 -0.7993 0.5639
vn 0.2743 -0.7375 0.6171
vn 0.1371 -0.9601 0.2438
vn 0.0976 -0.9729 -0.2097
vn 0.2837 -0.8124 0.5095
vn 0.3570 -0.7174 0.5982
vn 0.2208 -0.9449 0.2417
vn 0.3614 -0.7969 0.4841
vn 0.4851 -0.6614 0.5720
vn 0.2907 -0.9299 0.2251
vn 0.2156 -0.9765 0.0000
vn 0.1696 -0.9855 0.0000
vn 0.1371 -0.9601 -0.2438
vn 0.4726 -0.7544 0.4555
vn 0.5869 -0.5863 0.5584
vn 0.3621 -0.9045 0.2250
vn 0.2739 -0.9617 0.0000
vn 0.4448 -0.8712 0.2078
vn 0.3498 -0.9368 0.0002
vn 0.5744 -0.7330 0.3644
vn 0.4357 -0.9001 0.0012
vn 0.3618 -0.9046 -0.2252
vn 0.6971 -0.6247 0.3517
vn 0.6756 -0.5381 0.5040
vn 0.7623 -0.4770 0.4374
vn 0.7713 -0.5604 0.3016
vn 0.6930 -0.7210 0.0000
vn 0.7691 -0.6391 0.0000
vn 0.7713 -0.5604 -0.3016
vn 0.5332 -0.8460 0.0000
vn 0.6971 -0.6247 -0.3517
vn 0.7623 -0.4770 -0.4374
vn 0.6756 -0.5381 -0.5040
vn 0.5869 -0.5863 -0.5584
vn 0.5746 -0.7328 -0.3643
vn 0.4452 -0.8707 -0.2090
vn 0.4725 -0.7534 -0.4572
vn 0.4851 -0.6614 -0.5720
vn 0.3614 -0.7969 -0.4841
vn 0.3570 -0.7174 -0.5982
vn 0.2907 -0.9299 -0.2251
vn 0.2836 -0.8124 -0.5095
vn 0.2743 -0.7375 -0.6171
vn 0.2208 -0.9449 -0.2417
vn 0.2074 -0.7993 -0.5639
vn 0.1946 -0.7167 -0.6696
vn 0.1492 -0.8036 -0.5761
vn 0.1512 -0.7243 -0.6727
vn 0.1239 -0.8421 -0.5249
vn 0.1266 -0.7489 -0.6504
vn 0.2837 0.9109 0.2994
vn 0.0803 0.5676 0.8194
vn 0.2651 0.8526 0.4503
vn 0.0675 0.3516 0.9337
vn 0.0095 -0.0019 0.9999
vn 0.0066 0.8333 0.5527
vn -0.0508 -0.0787 0.9956
vn -0.0906 -0.3453 0.9341
vn -0.0746 -0.0636 0.9952
vn -0.0749 0.6217 0.7796
vn -0.0793 0.9235 0.3753
vn 0.0333 0.5071 0.8612
vn 0.2708 0.8708 -0.4104
vn 0.0840 0.5940 -0.8000
vn 0.2877 0.9239 -0.2520
vn 0.0695 0.3701 -0.9264
vn 0.0116 0.0121 -0.9998
vn 0.0076 0.8435 -0.5370
vn -0.0512 -0.0645 -0.9966
vn -0.0819 -0.3035 -0.9493
vn -0.0759 -0.0462 -0.9960
vn -0.0797 0.6678 -0.7400
vn -0.0827 0.9630 -0.2563
vn 0.0341 0.5130 -0.8577
vn -0.3485 0.1312 0.9281
vn -0.3424 -0.1393 0.9291
vn -0.1486 -0.0165 0.9887
vn -0.3805 -0.0008 0.9247
vn -0.5861 -0.3100 0.7485
vn -0.5651 0.3157 0.7622
vn -0.1469 -0.9320 -0.3312
vn -0.1938 -0.9382 -0.2867
vn -0.1294 -0.9602 -0.2473
vn -0.0757 -0.7393 -0.6691
vn -0.0819 -0.9263 -0.3677
vn -0.0837 -0.9456 -0.3142
vn -0.1313 -0.8467 -0.5155
vn -0.0354 -0.8351 -0.5489
vn -0.0817 -0.8355 -0.5433
vn 0.0182 -0.8805 -0.4736
vn -0.2145 -0.9767 0.0077
vn 0.0120 -0.9999 -0.0072
vn -0.0964 -0.9666 0.2373
vn -0.1997 -0.6909 0.6948
vn -0.0089 -0.8935 0.4490
vn -0.1133 -0.6083 0.7856
vn -0.0254 -0.6084 0.7932
vn -0.1901 0.0032 0.9817
vn -0.0474 -0.3108 0.9493
vn -0.1372 0.0272 0.9901
vn -0.0659 0.0019 0.9978
vn -0.2335 0.6664 0.7080
vn -0.0847 0.3601 0.9290
vn -0.1798 0.7199 0.6703
vn -0.0793 0.7012 0.7085
vn -0.3029 0.9527 0.0232
vn -0.0868 0.9274 0.3638
vn -0.1938 0.9809 -0.0148
vn -0.0668 0.9977 0.0083
vn -0.3062 0.9231 -0.2327
vn -0.0496 0.9681 -0.2455
vn -0.2145 0.9765 -0.0187
vn -0.0525 0.9985 0.0125
vn -0.0555 0.9722 0.2273
vn -0.3730 0.9278 -0.0048
vn -0.3556 0.8916 -0.2801
vn -0.5955 0.8027 -0.0316
vn -0.3214 0.9107 0.2593
vn -0.3014 0.9286 0.2163
vn -0.1981 0.9801 -0.0076
vn -0.0699 0.9975 -0.0051
vn -0.2932 0.9557 -0.0275
vn -0.0908 0.9185 -0.3847
vn -0.1802 0.7211 -0.6690
vn -0.0772 0.6981 -0.7118
vn -0.2244 0.6718 -0.7059
vn -0.0848 0.3944 -0.9150
vn -0.1374 0.0535 -0.9890
vn -0.0647 0.0023 -0.9979
vn -0.1969 0.0085 -0.9804
vn -0.0556 -0.2352 -0.9703
vn -0.1194 -0.6079 -0.7850
vn -0.0439 -0.5893 -0.8067
vn -0.2085 -0.6934 -0.6897
vn -0.0188 -0.9149 -0.4031
vn -0.1017 -0.9719 -0.2124
vn -0.2154 -0.9765 -0.0085
vn 0.0016 -1.0000 0.0029
vn -0.0896 -0.8358 0.5416
vn 0.0078 -0.8813 0.4725
vn -0.1411 -0.8597 0.4908
vn -0.0397 -0.8363 0.5467
vn -0.0816 -0.7502 0.6561
vn -0.0841 -0.9457 0.3139
vn -0.0820 -0.9274 0.3649
vn -0.1556 -0.9445 0.2893
vn -0.1381 -0.9677 0.2110
vn -0.2040 -0.9484 0.2427
vn -0.3511 0.1412 -0.9256
vn -0.1307 0.0061 -0.9914
vn -0.3524 -0.1187 -0.9283
vn -0.4149 0.0104 -0.9098
vn -0.6205 -0.3001 -0.7245
vn -0.5734 0.3135 -0.7569
vn -0.0046 0.8327 0.5537
vn -0.0610 -0.0811 0.9948
vn -0.0944 -0.3492 0.9322
vn -0.0780 -0.0580 0.9952
vn -0.0801 0.5847 0.8072
vn -0.0964 0.8787 0.4676
vn 0.0254 0.5101 0.8597
vn 0.2878 0.9239 -0.2520
vn -0.0030 0.8432 -0.5376
vn -0.0608 -0.0663 -0.9959
vn -0.0851 -0.3070 -0.9479
vn -0.0781 -0.0386 -0.9962
vn -0.0851 0.6287 -0.7729
vn -0.1018 0.9278 -0.3588
vn 0.0267 0.5159 -0.8562
vn 0.1684 -0.9825 0.0798
vn 0.1648 -0.9831 0.0798
vn 0.4143 -0.9083 0.0575
vn 0.2038 -0.9416 0.2681
vn 0.2182 -0.9695 0.1111
vn 0.3937 -0.8944 -0.2123
vn 0.7663 -0.6424 -0.0107
vn 1.0000 0.0000 0.0000
vn 0.7967 -0.6001 -0.0705
vn 0.3261 -0.9223 -0.2075
vn 0.4058 -0.8466 -0.3444
vn 0.4296 -0.8433 -0.3229
vn 0.1684 -0.9825 -0.0798
vn 0.4143 -0.9083 -0.0575
vn 0.1648 -0.9831 -0.0798
vn 0.2038 -0.9416 -0.2681
vn 0.2182 -0.9695 -0.1111
vn 0.3937 -0.8944 0.2123
vn 0.7663 -0.6424 0.0107
vn 0.7967 -0.6001 0.0705
vn 0.3261 -0.9223 0.2075
vn 0.4058 -0.8466 0.3444
vn 0.4296 -0.8433 0.3229
vn -1.0000 -0.0010 0.0000
vn -1.0000 -0.0010 -0.0016
vn -1.0000 -0.0006 -0.0026
vn -1.0000 -0.0009 -0.0010
vn -1.0000 -0.0007 0.0026
vn -1.0000 -0.0010 0.0016
vn -1.0000 -0.0009 0.0010
vn -1.0000 -0.0009 0.0000
vn -1.0000 -0.0001 0.0000
vn 0.6313 -0.6905 -0.3532
vn 0.6343 -0.6779 -0.3715
vn 0.5054 -0.7324 -0.4562
vn 0.3589 -0.7596 -0.5424
vn 0.5459 -0.7082 -0.4475
vn 0.5810 -0.7624 -0.2848
vn 0.1499 -0.8328 -0.5328
vn 0.1968 -0.9293 -0.3124
vn 0.1018 -0.9456 -0.3090
vn 0.0861 -0.8435 -0.5302
vn 0.3506 -0.8524 -0.3879
vn 0.1262 -0.8713 -0.4741
vn 0.0766 -0.8805 -0.4678
vn 0.0802 -0.9967 -0.0103
vn 0.3683 -0.9296 -0.0121
vn 0.5606 -0.8280 -0.0104
vn 0.5852 -0.7539 0.2986
vn 0.1290 -0.9916 -0.0110
vn 0.3844 -0.8583 0.3398
vn 0.5587 -0.5785 0.5943
vn 0.1268 -0.9222 0.3652
vn 0.0769 -0.9268 0.3675
vn 0.3608 -0.6549 0.6640
vn 0.1172 -0.7029 0.7015
vn 0.0674 -0.7082 0.7027
vn 0.0575 -0.3699 0.9272
vn 0.1089 -0.3621 0.9257
vn 0.0444 -0.0124 0.9989
vn 0.3677 -0.3258 0.8710
vn 0.5687 -0.2781 0.7741
vn 0.0982 -0.0083 0.9951
vn 0.0317 0.3795 0.9246
vn 0.3406 0.0023 0.9402
vn 0.5313 0.0104 0.8471
vn 0.5478 0.3323 0.7678
vn 0.3430 0.3663 0.8649
vn 0.5156 0.6177 0.5937
vn 0.0865 0.3815 0.9203
vn 0.0192 0.7062 0.7077
vn 0.3204 0.6775 0.6620
vn 0.0711 0.7068 0.7038
vn 0.0128 0.9207 0.3899
vn 0.3267 0.8737 0.3605
vn 0.5317 0.7844 0.3195
vn 0.0683 0.9199 0.3862
vn 0.0104 0.9999 -0.0016
vn 0.3101 0.9507 -0.0020
vn 0.5014 0.8652 -0.0017
vn 0.0651 0.9979 -0.0018
vn 0.5276 0.7965 -0.2954
vn 0.0712 0.8827 -0.4643
vn 0.0151 0.8861 -0.4631
vn 0.0268 0.8401 -0.5417
vn 0.2999 0.8770 -0.3754
vn 0.0934 0.8385 -0.5369
vn 0.0369 0.9992 -0.0129
vn 0.2824 0.7815 -0.5562
vn 0.5022 0.7580 -0.4160
vn 0.1405 0.9901 0.0007
vn 0.5148 0.8573 0.0000
vn 0.5896 0.7219 -0.3621
vn 0.6216 0.7833 0.0000
vn 0.5896 0.7219 0.3621
vn 0.5022 0.7580 0.4160
vn 0.0945 0.8388 0.5362
vn 0.0272 0.8468 0.5312
vn 0.2825 0.7815 0.5562
vn 0.5276 0.7965 0.2954
vn 0.0712 0.8827 0.4643
vn 0.0151 0.8861 0.4631
vn 0.2999 0.8770 0.3754
vn 0.0104 0.9999 0.0016
vn 0.3101 0.9507 0.0020
vn 0.5014 0.8652 0.0017
vn 0.5317 0.7844 -0.3195
vn 0.0651 0.9979 0.0018
vn 0.3266 0.8737 -0.3605
vn 0.5156 0.6177 -0.5937
vn 0.0683 0.9199 -0.3862
vn 0.0128 0.9207 -0.3899
vn 0.3205 0.6775 -0.6620
vn 0.0711 0.7068 -0.7038
vn 0.0192 0.7062 -0.7077
vn 0.3430 0.3663 -0.8650
vn 0.0865 0.3815 -0.9203
vn 0.0317 0.3795 -0.9246
vn 0.5478 0.3323 -0.7678
vn 0.0982 -0.0083 -0.9951
vn 0.0444 -0.0124 -0.9989
vn 0.3406 0.0023 -0.9402
vn 0.5313 0.0104 -0.8471
vn 0.5687 -0.2781 -0.7741
vn 0.3677 -0.3258 -0.8710
vn 0.5587 -0.5785 -0.5942
vn 0.1089 -0.3621 -0.9257
vn 0.0575 -0.3699 -0.9272
vn 0.3609 -0.6549 -0.6640
vn 0.1172 -0.7029 -0.7015
vn 0.0674 -0.7082 -0.7027
vn 0.0769 -0.9268 -0.3675
vn 0.1268 -0.9222 -0.3652
vn 0.0802 -0.9967 0.0103
vn 0.3844 -0.8583 -0.3398
vn 0.5852 -0.7539 -0.2986
vn 0.1290 -0.9916 0.0110
vn 0.3683 -0.9296 0.0121
vn 0.5606 -0.8280 0.0104
vn 0.5810 -0.7624 0.2848
vn 0.1262 -0.8713 0.4741
vn 0.0766 -0.8805 0.4678
vn 0.0861 -0.8435 0.5302
vn 0.3506 -0.8524 0.3879
vn 0.1499 -0.8328 0.5328
vn 0.1018 -0.9456 0.3090
vn 0.1968 -0.9293 0.3124
vn 0.5054 -0.7324 0.4562
vn 0.3589 -0.7596 0.5424
vn 0.5459 -0.7082 0.4475
vn 0.6343 -0.6779 0.3715
vn 0.6313 -0.6905 0.3532
vn 0.3205 0.6775 0.6620
vn 0.5317 0.7843 0.3195
vn 0.5276 0.7964 -0.2954
vn 0.2825 0.7815 -0.5562
vn 0.5023 0.7580 -0.4160
vn 0.5896 0.7220 0.3621
vn 0.5023 0.7580 0.4160
vn 0.5317 0.7843 -0.3195
vn 0.3267 0.8737 -0.3605
vn 0.3204 0.6775 -0.6620
vn 0.5477 0.3323 -0.7678
vn 0.5587 -0.5785 -0.5943
vn 0.0575 -0.3699 -0.9273
vn 0.3608 -0.6549 -0.6640
vn 0.5811 -0.7624 0.2848
vn 0.6312 -0.6905 0.3532
vn 0.0268 0.8401 0.5417
vn 0.0934 0.8385 0.5369
vn 0.0369 0.9992 0.0129
vn 0.2824 0.7815 0.5562
vn 0.1405 0.9901 -0.0007
vn 0.0945 0.8388 -0.5362
vn 0.0272 0.8468 -0.5312
vn 0.0651 0.9979 -0.0017
vn 0.3266 0.8737 0.3605
vn 0.3430 0.3663 0.8650
vn 0.3430 0.3663 -0.8649
vn 0.5896 0.7220 -0.3621
vn 0.6312 -0.6905 -0.3532
vn -1.0000 -0.0002 0.0000
vn -1.0000 -0.0004 0.0001
vn -1.0000 -0.0004 -0.0001
vn -0.0118 0.4664 0.8845
vn -0.0524 0.2322 0.9712
vn -0.0402 0.0240 0.9989
vn 0.0021 0.8950 0.4460
vn -0.0336 -0.1263 0.9914
vn 0.1636 0.5291 0.8326
vn 0.2741 0.9297 0.2460
vn 0.0012 -0.5538 0.8327
vn -0.0330 -0.3324 0.9425
vn 0.0024 -0.9076 0.4198
vn 0.5168 0.5170 0.6823
vn 0.7982 0.2513 0.5474
vn 0.1521 -0.5906 0.7925
vn 0.3136 -0.9018 0.2972
vn 0.5198 -0.5324 0.6681
vn 0.7842 -0.3101 0.5374
vn -0.0411 0.0120 -0.9991
vn -0.0446 0.1142 -0.9924
vn -0.0100 0.4696 -0.8828
vn -0.0366 -0.1062 -0.9937
vn 0.0019 0.8996 -0.4366
vn 0.0018 -0.5555 -0.8314
vn -0.0321 -0.3478 -0.9370
vn 0.0022 -0.9093 -0.4161
vn 0.1625 0.5310 -0.8316
vn 0.2781 0.9293 -0.2427
vn 0.1516 -0.5912 -0.7921
vn 0.3132 -0.9020 -0.2970
vn 0.5224 0.5155 -0.6791
vn 0.7990 0.2660 -0.5393
vn 0.5233 -0.5300 -0.6673
vn 0.7876 -0.2811 -0.5484
vn 0.6839 0.5186 -0.5131
vn 0.6175 0.6254 -0.4770
vn 0.6069 0.6399 -0.4714
vn 0.4188 0.8397 -0.3457
vn 0.4756 0.7837 -0.3993
vn 0.2246 0.9509 -0.2128
vn 0.2592 0.9335 -0.2477
vn 0.5463 0.6263 -0.5561
vn 0.3200 0.9022 -0.2891
vn 0.1015 0.9862 -0.1307
vn -0.0204 0.9982 -0.0554
vn -0.0540 0.9980 -0.0340
vn -0.0820 0.9965 -0.0143
vn -0.1178 0.9929 0.0132
vn 0.2875 0.8594 -0.4228
vn 0.2153 0.6767 -0.7040
vn -0.0634 0.9977 -0.0222
vn -0.1676 0.9845 0.0516
vn -0.2194 0.9725 0.0777
vn -0.2116 0.9745 0.0741
vn -0.1793 0.9817 0.0630
vn -0.1665 0.9855 0.0334
vn -0.1944 0.9801 0.0399
vn -0.1980 0.9795 0.0375
vn -0.0310 0.9945 -0.0996
vn -0.0682 0.9971 -0.0327
vn 0.0717 0.8390 -0.5393
vn -0.0269 0.7368 -0.6756
vn -0.0756 0.8910 -0.4476
vn 0.6175 0.6254 0.4770
vn 0.6839 0.5186 0.5131
vn 0.6069 0.6399 0.4714
vn 0.4188 0.8397 0.3457
vn 0.4756 0.7837 0.3993
vn 0.2246 0.9509 0.2128
vn 0.2592 0.9335 0.2477
vn 0.5463 0.6263 0.5561
vn 0.3200 0.9022 0.2891
vn 0.1015 0.9862 0.1307
vn -0.0204 0.9982 0.0554
vn -0.0540 0.9980 0.0340
vn -0.0820 0.9965 0.0143
vn -0.1178 0.9929 -0.0132
vn 0.2875 0.8594 0.4228
vn 0.2153 0.6767 0.7040
vn -0.0634 0.9977 0.0222
vn -0.1676 0.9845 -0.0516
vn -0.2194 0.9725 -0.0777
vn -0.2116 0.9745 -0.0741
vn -0.1793 0.9817 -0.0630
vn -0.1665 0.9855 -0.0334
vn -0.1944 0.9801 -0.0399
vn -0.1980 0.9795 -0.0375
vn -0.0310 0.9945 0.0996
vn -0.0682 0.9971 0.0327
vn 0.0717 0.8390 0.5393
vn -0.0269 0.7368 0.6756
vn -0.0756 0.8910 0.4476
vn 0.9020 -0.0727 -0.4255
vn 0.9199 -0.1000 -0.3791
vn 0.6751 -0.0815 -0.7331
vn 0.9964 -0.0838 0.0082
vn 0.7073 -0.1660 -0.6871
vn 0.3143 -0.0999 -0.9440
vn 0.9460 -0.2065 -0.2497
vn 0.3903 -0.2380 -0.8894
vn 0.1651 -0.1033 -0.9808
vn 0.2618 -0.2970 -0.9183
vn 0.7849 -0.4327 -0.4436
vn 0.5396 -0.5980 -0.5926
vn 0.4326 -0.6951 -0.5741
vn 0.9545 -0.2981 0.0039
vn 0.8258 -0.5639 0.0030
vn 0.6348 -0.7727 -0.0009
vn 0.5376 -0.8432 -0.0067
vn 0.4633 -0.6640 0.5869
vn 0.5567 -0.5879 0.5869
vn 0.2767 -0.2784 0.9197
vn 0.7854 -0.4335 0.4418
vn 0.3895 -0.2351 0.8905
vn 0.1635 -0.0857 0.9828
vn 0.3137 -0.0801 0.9461
vn 0.9460 -0.2068 0.2495
vn 0.7052 -0.1615 0.6904
vn 0.6772 -0.0608 0.7333
vn 0.9187 -0.0983 0.3825
vn 0.8995 -0.0577 0.4330
vn 0.9020 -0.0727 0.4255
vn 0.6751 -0.0815 0.7331
vn 0.9199 -0.1000 0.3791
vn 0.9964 -0.0838 -0.0082
vn 0.7073 -0.1660 0.6871
vn 0.3143 -0.0999 0.9440
vn 0.9460 -0.2065 0.2497
vn 0.3903 -0.2380 0.8894
vn 0.1651 -0.1033 0.9808
vn 0.2618 -0.2970 0.9183
vn 0.7849 -0.4326 0.4436
vn 0.5396 -0.5980 0.5926
vn 0.4326 -0.6951 0.5741
vn 0.9545 -0.2981 -0.0039
vn 0.8258 -0.5639 -0.0030
vn 0.6348 -0.7727 0.0009
vn 0.5376 -0.8432 0.0067
vn 0.4633 -0.6640 -0.5869
vn 0.5567 -0.5879 -0.5869
vn 0.2767 -0.2784 -0.9197
vn 0.7854 -0.4335 -0.4418
vn 0.3895 -0.2351 -0.8905
vn 0.1635 -0.0857 -0.9828
vn 0.3137 -0.0801 -0.9461
vn 0.9460 -0.2068 -0.2495
vn 0.7052 -0.1615 -0.6904
vn 0.6772 -0.0608 -0.7333
vn 0.9187 -0.0983 -0.3825
vn 0.8995 -0.0577 -0.4330
vn 0.9318 0.3103 0.1881
vn 1.0000 -0.0052 0.0000
vn 0.9302 0.3671 0.0000
vn 0.9388 0.1877 0.2888
vn 0.9318 0.3103 -0.1881
vn 0.9498 0.0073 0.3126
vn 0.9388 0.1877 -0.2888
vn 0.9404 -0.1885 0.2830
vn 0.9498 0.0073 -0.3126
vn 0.9274 -0.3291 0.1777
vn 0.9404 -0.1885 -0.2830
vn 0.9247 -0.3805 0.0000
vn 0.9274 -0.3291 -0.1777
vn 0.2111 -0.9022 0.3760
vn 0.0870 -0.9770 0.1947
vn 0.2076 -0.9592 0.1919
vn 0.3789 -0.8592 0.3438
vn 0.0851 -0.9197 0.3832
vn -0.0498 -0.9670 0.2498
vn 0.4234 -0.6351 0.6460
vn 0.5944 -0.6275 0.5029
vn 0.2053 -0.6893 0.6947
vn -0.0546 -0.8850 0.4623
vn -0.1634 -0.8737 0.4581
vn 0.0749 -0.7026 0.7076
vn -0.1630 -0.6453 0.7463
vn -0.3155 -0.6875 0.6540
vn -0.0603 -0.6183 0.7836
vn 0.0616 -0.3789 0.9234
vn -0.4344 -0.0123 0.9006
vn -0.9997 -0.0241 0.0000
vn -0.0657 -0.3105 0.9483
vn -0.3527 0.6721 0.6510
vn 0.1997 -0.3704 0.9071
vn -0.1954 0.6276 0.7536
vn -0.2064 0.8764 0.4350
vn -0.1548 -0.0265 0.9876
vn -0.0892 0.8824 0.4621
vn -0.0905 0.9637 0.2510
vn 0.0454 0.9796 0.1955
vn -0.0693 -0.0010 0.9976
vn 0.0447 0.9224 0.3836
vn -0.0746 0.3070 0.9488
vn -0.0800 0.6161 0.7836
vn 0.0425 0.7055 0.7074
vn 0.0435 0.3822 0.9231
vn 0.0501 0.0017 0.9987
vn 0.1755 0.6986 0.6936
vn 0.1835 0.3805 0.9064
vn 0.1903 0.0052 0.9817
vn 0.3829 0.0101 0.9237
vn 0.3943 0.6550 0.6445
vn 0.1721 0.9108 0.3752
vn 0.1661 0.9673 0.1914
vn 0.3404 0.8756 0.3425
vn 0.5646 0.6561 0.5007
vn 0.6699 0.0173 0.7422
vn 0.9997 0.0238 0.0000
vn 0.5944 -0.6275 -0.5029
vn 0.6699 0.0173 -0.7422
vn 0.5646 0.6561 -0.5007
vn 0.4234 -0.6351 -0.6460
vn 0.3789 -0.8592 -0.3438
vn 0.3943 0.6550 -0.6445
vn 0.3404 0.8756 -0.3425
vn 0.3829 0.0101 -0.9237
vn 0.2111 -0.9022 -0.3760
vn 0.2076 -0.9592 -0.1919
vn 0.0870 -0.9770 -0.1947
vn 0.0851 -0.9197 -0.3832
vn -0.0498 -0.9670 -0.2498
vn 0.2053 -0.6894 -0.6947
vn -0.0532 -0.8855 -0.4615
vn -0.1639 -0.8840 -0.4377
vn 0.0749 -0.7026 -0.7076
vn 0.1997 -0.3704 -0.9071
vn 0.0616 -0.3789 -0.9234
vn -0.0567 -0.6187 -0.7836
vn -0.1646 -0.6350 -0.7547
vn -0.3195 -0.6883 -0.6512
vn -0.0636 -0.3092 -0.9489
vn -0.4341 -0.0087 -0.9008
vn -0.3480 0.6714 -0.6543
vn -0.1558 0.0193 -0.9876
vn -0.1937 0.6355 -0.7474
vn -0.2054 0.8634 -0.4608
vn -0.0695 -0.0010 -0.9976
vn -0.0908 0.8817 -0.4629
vn -0.0905 0.9637 -0.2510
vn 0.0454 0.9796 -0.1955
vn -0.0771 0.3082 -0.9482
vn -0.0840 0.6155 -0.7836
vn 0.0447 0.9224 -0.3836
vn 0.0425 0.7055 -0.7074
vn 0.0435 0.3822 -0.9231
vn 0.0501 0.0017 -0.9987
vn 0.1755 0.6986 -0.6936
vn 0.1903 0.0052 -0.9817
vn 0.1835 0.3805 -0.9064
vn 0.1721 0.9108 -0.3752
vn 0.1661 0.9673 -0.1914
vn -0.4857 0.7543 -0.4416
vn -0.6170 0.6555 0.4354
vn -0.4857 0.7543 0.4416
vn -0.3416 0.0000 0.9398
vn -0.6170 0.6555 -0.4354
vn -0.3416 0.0000 -0.9398
vn -0.5420 0.0000 0.8404
vn -0.5420 0.0000 -0.8404
vn -0.6170 -0.6555 0.4354
vn -0.4858 -0.7543 0.4415
vn -0.6170 -0.6555 -0.4354
vn -0.4858 -0.7543 -0.4415
vn 0.2913 -0.0027 0.9566
vn 0.3485 -0.4910 0.7984
vn 0.3916 0.0178 0.9199
vn 0.3412 0.5084 0.7906
vn 0.2138 -0.6752 0.7060
vn 0.1608 -0.9252 0.3437
vn 0.2081 0.6664 0.7159
vn 0.1434 0.9263 0.3485
vn 0.0816 -0.7018 0.7077
vn -0.0353 -0.9412 0.3361
vn 0.0382 -0.0083 0.9992
vn -0.2721 -0.6324 0.7253
vn -0.5893 -0.5128 0.6242
vn 0.0606 0.7053 0.7063
vn -0.0600 0.9555 0.2887
vn -0.4700 0.0001 0.8827
vn -0.7101 0.0417 0.7028
vn -0.5840 0.5690 0.5789
vn -0.3005 0.6336 0.7129
vn 0.4218 0.0104 0.9066
vn 0.2734 -0.5324 0.8011
vn 0.5818 0.0065 0.8133
vn 0.2578 0.5380 0.8025
vn 0.1205 -0.4483 0.8857
vn 0.0406 -0.5640 0.8247
vn 0.1069 0.4460 0.8886
vn 0.0344 0.6114 0.7905
vn -0.0009 -0.4382 0.8989
vn -0.0165 -0.6317 0.7750
vn 0.0016 0.0026 1.0000
vn -0.1519 -0.6245 0.7661
vn -0.4084 -0.7800 0.4741
vn -0.0042 0.4765 0.8791
vn -0.0265 0.6938 0.7196
vn -0.6436 0.0118 0.7653
vn -0.8922 -0.0206 0.4511
vn -0.4249 0.7825 0.4552
vn -0.1580 0.6175 0.7705
vn -0.5840 0.5690 -0.5789
vn -0.4700 0.0001 -0.8827
vn -0.7101 0.0417 -0.7028
vn -0.5893 -0.5128 -0.6242
vn -0.3005 0.6336 -0.7129
vn -0.0600 0.9555 -0.2887
vn -0.2721 -0.6324 -0.7253
vn -0.0353 -0.9412 -0.3361
vn 0.0606 0.7053 -0.7063
vn 0.1434 0.9263 -0.3485
vn 0.0382 -0.0083 -0.9992
vn 0.2081 0.6664 -0.7159
vn 0.3412 0.5084 -0.7906
vn 0.0816 -0.7018 -0.7077
vn 0.1608 -0.9252 -0.3437
vn 0.2913 -0.0027 -0.9566
vn 0.3916 0.0178 -0.9199
vn 0.3485 -0.4910 -0.7984
vn 0.2138 -0.6752 -0.7060
vn -0.4226 0.7875 -0.4485
vn -0.6407 0.0155 -0.7676
vn -0.8880 -0.0085 -0.4598
vn -0.4062 -0.7776 -0.4799
vn -0.1605 0.6187 -0.7690
vn -0.0258 0.6856 -0.7275
vn -0.1521 -0.6224 -0.7678
vn -0.0155 -0.6084 -0.7935
vn -0.0024 0.4727 -0.8812
vn 0.0333 0.6161 -0.7869
vn 0.0016 0.0026 -1.0000
vn 0.1025 0.4446 -0.8898
vn 0.2513 0.5259 -0.8126
vn -0.0004 -0.4250 -0.9052
vn 0.0403 -0.5431 -0.8386
vn 0.4190 0.0104 -0.9079
vn 0.5795 0.0066 -0.8149
vn 0.2666 -0.5155 -0.8143
vn 0.1175 -0.4364 -0.8920
vn 0.2053 -0.6893 -0.6947
vn -0.0546 -0.8850 -0.4623
vn -0.1634 -0.8737 -0.4581
vn -0.1630 -0.6453 -0.7463
vn -0.3155 -0.6875 -0.6540
vn -0.0603 -0.6183 -0.7836
vn -0.0657 -0.3105 -0.9483
vn -0.0693 -0.0010 -0.9976
vn -0.0746 0.3070 -0.9488
vn -0.0800 0.6161 -0.7836
vn -0.0892 0.8824 -0.4621
vn -0.2064 0.8764 -0.4350
vn -0.1954 0.6276 -0.7536
vn -0.3527 0.6721 -0.6510
vn -0.1548 -0.0265 -0.9876
vn -0.4344 -0.0123 -0.9006
vn -0.3195 -0.6883 0.6512
vn -0.4341 -0.0087 0.9008
vn -0.3480 0.6714 0.6543
vn -0.1646 -0.6350 0.7547
vn -0.1639 -0.8840 0.4377
vn -0.1937 0.6355 0.7474
vn -0.2054 0.8634 0.4608
vn -0.1558 0.0193 0.9876
vn -0.0532 -0.8855 0.4615
vn -0.0636 -0.3092 0.9489
vn -0.0567 -0.6187 0.7836
vn 0.2053 -0.6894 0.6947
vn -0.0695 -0.0010 0.9976
vn -0.0771 0.3082 0.9482
vn -0.0840 0.6155 0.7836
vn -0.0908 0.8817 0.4629
vn 0.3987 0.7147 0.5747
vn 0.0985 0.6031 0.7915
vn 0.1339 0.8279 0.5446
vn -0.2760 0.6698 0.6893
vn 0.2109 0.5426 0.8131
vn 0.5628 0.3569 0.7456
vn -0.0476 0.4761 0.8781
vn -0.3168 -0.0130 0.9484
vn -0.0561 0.3080 0.9497
vn 0.2373 0.4031 0.8838
vn 0.2262 0.2543 0.9402
vn 0.4442 0.0081 0.8959
vn 0.1105 0.2089 0.9716
vn 0.1806 -0.0793 0.9803
vn 0.0840 0.4142 0.9063
vn 0.1521 0.4889 0.8590
vn 0.2675 0.2982 0.9162
vn 0.1845 0.4715 0.8623
vn 0.0735 0.5248 0.8480
vn 0.5059 0.7443 0.4360
vn 0.5465 -0.1338 0.8267
vn -0.3516 0.7771 0.5220
vn -0.3062 -0.0885 0.9478
vn 0.0731 0.3498 0.9340
vn 0.6815 0.2828 -0.6749
vn 0.5565 0.8222 -0.1195
vn 0.2332 0.6976 -0.6775
vn 0.2332 0.6976 0.6775
vn 0.6882 0.7248 0.0317
vn 0.6816 0.2828 0.6749
vn 0.5564 0.8222 0.1195
vn 0.6882 0.7248 -0.0317
vn 0.5781 0.7577 0.3029
vn 0.6549 0.7556 0.0000
vn 0.6480 0.7389 0.1844
vn 0.6480 0.7389 -0.1844
vn 0.5781 0.7577 -0.3029
vn 0.5354 0.6999 -0.4726
vn 0.5149 0.5778 -0.6332
vn 0.5354 0.6999 0.4726
vn 0.5149 0.5778 0.6332
vn 0.6274 0.5309 0.5697
vn 0.6777 0.6148 0.4033
vn 0.4851 0.5677 0.6651
vn 0.2143 0.7679 0.6036
vn 0.5476 0.1491 0.8233
vn 0.8950 0.3837 0.2273
vn 0.5860 0.7274 0.3570
vn 0.4259 0.8988 -0.1037
vn 0.2342 0.5173 0.8231
vn 0.4701 0.5145 0.7171
vn 0.3482 0.4763 0.8074
vn 0.4814 0.3733 0.7930
vn 0.5561 0.2795 0.7826
vn 0.3135 0.2682 0.9109
vn -0.2338 0.6430 0.7293
vn 0.5512 0.7582 0.3482
vn -0.0718 -0.1873 0.9796
vn 0.7577 0.0494 0.6507
vn 0.6274 0.5308 -0.5697
vn 0.6777 0.6148 -0.4033
vn 0.4851 0.5677 -0.6651
vn 0.2143 0.7679 -0.6036
vn 0.5476 0.1490 -0.8233
vn 0.8950 0.3837 -0.2273
vn 0.5860 0.7274 -0.3570
vn 0.4259 0.8988 0.1037
vn 0.2342 0.5173 -0.8231
vn 0.4864 0.5328 -0.6925
vn 0.3482 0.4763 -0.8074
vn 0.4814 0.3733 -0.7930
vn 0.5771 0.2572 -0.7750
vn 0.3095 0.2656 -0.9130
vn -0.2329 0.6471 -0.7259
vn 0.6250 0.7473 -0.2255
vn -0.0785 -0.1861 -0.9794
vn 0.7763 -0.0460 -0.6287
usemtl b52h-airframe
s 1
f 1/1/1 2/2/1 3/3/1
f 4/4/2 5/5/2 6/6/2
f 7/7/3 8/8/3 9/9/3
f 10/10/4 11/11/4 12/12/4
f 13/13/5 14/14/5 15/15/5
f 16/16/6 17/17/6 18/18/6
f 19/19/7 20/20/7 21/21/7
f 22/22/8 23/23/8 24/24/8
f 25/25/9 26/26/9 27/27/9
f 28/28/10 29/29/11 30/30/12
f 30/30/12 31/31/13 28/28/10
f 32/32/14 33/33/15 34/34/16
f 34/34/16 33/33/15 35/35/17
f 36/36/18 37/37/19 38/38/20
f 37/37/19 36/36/18 39/39/21
f 40/40/22 41/41/23 42/42/24
f 41/41/23 40/40/22 43/43/25
f 44/44/26 45/45/27 46/46/28
f 45/45/27 44/44/26 47/47/29
f 48/48/30 49/49/31 50/50/32
f 49/49/31 48/48/30 51/51/33
f 52/52/34 53/53/34 54/54/34
f 53/53/34 55/55/34 54/54/34
f 56/56/35 57/57/35 58/58/35
f 57/57/35 56/56/35 59/59/35
f 60/60/8 61/61/8 62/62/8
f 61/61/8 60/60/8 63/63/8
f 64/64/36 65/65/36 66/66/36
f 65/65/36 64/64/36 67/67/36
f 68/68/37 69/69/37 70/70/37
f 69/69/37 68/68/37 71/71/37
f 72/72/38 73/73/38 74/74/38
f 74/74/38 73/73/38 75/75/38
f 76/76/39 77/77/40 78/78/41
f 78/78/41 77/77/40 79/79/42
f 80/80/43 81/81/44 82/82/45
f 82/82/45 83/83/46 80/80/43
f 84/84/47 83/83/46 82/82/45
f 85/85/48 83/83/46 84/84/47
f 84/84/47 86/86/49 85/85/48
f 87/87/50 85/85/48 86/86/49
f 87/87/50 86/86/49 88/88/51
f 89/89/52 87/87/50 88/88/51
f 90/90/53 91/91/54 92/92/55
f 93/93/56 92/92/55 91/91/54
f 93/93/56 94/94/57 92/92/55
f 94/94/57 93/93/56 95/95/58
f 96/96/59 94/94/57 95/95/58
f 97/97/60 96/96/59 95/95/58
f 98/98/61 96/96/59 97/97/60
f 97/97/60 99/99/62 98/98/61
f 100/100/63 101/101/64 102/102/65
f 101/101/64 103/103/66 102/102/65
f 102/102/65 103/103/66 104/104/67
f 104/104/67 103/103/66 105/105/68
f 103/103/66 106/106/69 105/105/68
f 107/107/70 105/105/68 106/106/69
f 108/108/71 107/107/70 106/106/69
f 108/108/71 109/109/72 107/107/70
f 110/110/73 108/108/71 106/106/69
f 108/108/71 110/110/73 111/111/74
f 110/110/73 112/112/75 111/111/74
f 112/112/75 113/113/76 111/111/74
f 114/114/77 113/113/76 112/112/75
f 112/112/75 115/115/78 114/114/77
f 115/115/78 116/116/79 114/114/77
f 116/116/79 115/115/78 117/117/80
f 115/115/78 118/118/81 117/117/80
f 117/117/80 118/118/81 119/119/82
f 119/119/82 118/118/81 120/120/83
f 118/118/81 121/121/84 120/120/83
f 120/120/83 121/121/84 122/122/85
f 123/123/86 122/122/85 121/121/84
f 121/121/84 124/124/87 123/123/86
f 124/124/87 125/125/88 123/123/86
f 126/126/63 127/127/64 128/128/65
f 127/127/64 129/129/66 128/128/65
f 128/128/65 129/129/66 130/130/67
f 130/130/67 129/129/66 131/131/68
f 129/129/66 132/132/69 131/131/68
f 133/133/70 131/131/68 132/132/69
f 134/134/71 133/133/70 132/132/69
f 134/134/71 135/135/72 133/133/70
f 136/136/73 134/134/71 132/132/69
f 134/134/71 136/136/73 137/137/74
f 136/136/73 138/138/89 137/137/74
f 138/138/89 139/139/90 137/137/74
f 140/140/77 139/139/90 138/138/89
f 138/138/89 141/141/78 140/140/77
f 141/141/78 142/142/79 140/140/77
f 142/142/79 141/141/78 143/143/80
f 141/141/78 144/144/81 143/143/80
f 143/143/80 144/144/81 145/145/82
f 145/145/82 144/144/81 146/146/83
f 144/144/81 147/147/84 146/146/83
f 146/146/83 147/147/84 148/148/85
f 149/149/86 148/148/85 147/147/84
f 147/147/84 150/150/87 149/149/86
f 150/150/87 151/151/88 149/149/86
f 152/152/91 153/153/92 154/154/93
f 155/155/94 154/154/93 153/153/92
f 155/155/94 156/156/95 154/154/93
f 155/155/94 157/157/96 156/156/95
f 157/157/96 158/158/97 156/156/95
f 157/157/96 159/159/98 158/158/97
f 157/157/96 160/160/99 159/159/98
f 159/159/98 160/160/99 161/161/100
f 162/162/101 161/161/100 160/160/99
f 163/163/102 161/161/100 162/162/101
f 164/164/8 165/165/103 166/166/104
f 166/166/104 165/165/103 167/167/105
f 168/168/106 166/166/104 167/167/105
f 169/169/53 170/170/107 171/171/108
f 172/172/109 171/171/108 170/170/107
f 173/173/110 171/171/108 172/172/109
f 174/174/111 173/173/110 172/172/109
f 175/175/59 173/173/110 174/174/111
f 174/174/111 176/176/60 175/175/59
f 176/176/60 177/177/61 175/175/59
f 178/178/62 177/177/61 176/176/60
f 179/179/112 180/180/44 181/181/113
f 179/179/112 181/181/113 182/182/114
f 182/182/114 181/181/113 183/183/115
f 183/183/115 184/184/116 182/182/114
f 184/184/116 183/183/115 185/185/49
f 186/186/50 184/184/116 185/185/49
f 187/187/51 186/186/50 185/185/49
f 188/188/52 186/186/50 187/187/51
f 189/189/63 190/190/64 191/191/65
f 191/191/65 190/190/64 192/192/66
f 191/191/65 192/192/66 193/193/67
f 193/193/67 192/192/66 194/194/68
f 194/194/68 192/192/66 195/195/69
f 196/196/70 194/194/68 195/195/69
f 196/196/70 195/195/69 197/197/71
f 197/197/71 198/198/72 196/196/70
f 197/197/71 195/195/69 199/199/73
f 197/197/71 199/199/73 200/200/74
f 199/199/73 201/201/75 200/200/74
f 200/200/74 201/201/75 202/202/76
f 203/203/77 202/202/76 201/201/75
f 201/201/75 204/204/78 203/203/77
f 203/203/77 204/204/78 205/205/79
f 205/205/79 204/204/78 206/206/80
f 206/206/80 204/204/78 207/207/81
f 206/206/80 207/207/81 208/208/82
f 208/208/82 207/207/81 209/209/83
f 209/209/83 207/207/81 210/210/84
f 209/209/83 210/210/84 211/211/85
f 212/212/86 211/211/85 210/210/84
f 210/210/84 213/213/87 212/212/86
f 212/212/86 213/213/87 214/214/88
f 215/215/63 216/216/64 217/217/65
f 217/217/65 216/216/64 218/218/66
f 217/217/65 218/218/66 219/219/67
f 219/219/67 218/218/66 220/220/68
f 220/220/68 218/218/66 221/221/69
f 222/222/70 220/220/68 221/221/69
f 222/222/70 221/221/69 223/223/71
f 223/223/71 224/224/72 222/222/70
f 223/223/71 221/221/69 225/225/73
f 223/223/71 225/225/73 226/226/74
f 225/225/73 227/227/75 226/226/74
f 226/226/74 227/227/75 228/228/90
f 229/229/77 228/228/90 227/227/75
f 227/227/75 230/230/78 229/229/77
f 229/229/77 230/230/78 231/231/79
f 231/231/79 230/230/78 232/232/80
f 232/232/80 230/230/78 233/233/81
f 232/232/80 233/233/81 234/234/82
f 234/234/82 233/233/81 235/235/83
f 235/235/83 233/233/81 236/236/84
f 235/235/83 236/236/84 237/237/85
f 238/238/86 237/237/85 236/236/84
f 236/236/84 239/239/87 238/238/86
f 238/238/86 239/239/87 240/240/88
f 241/241/117 242/242/118 243/243/119
f 242/242/118 244/244/120 243/243/119
f 242/242/118 245/245/121 244/244/120
f 245/245/121 246/246/122 244/244/120
f 246/246/122 247/247/123 244/244/120
f 248/248/124 247/247/123 246/246/122
f 248/248/124 249/249/125 247/247/123
f 249/249/125 248/248/124 250/250/126
f 249/249/125 251/251/127 247/247/123
f 249/249/125 252/252/128 251/251/127
f 251/251/127 252/252/128 253/253/129
f 252/252/128 254/254/130 253/253/129
f 255/255/131 253/253/129 254/254/130
f 253/253/129 255/255/131 256/256/132
f 255/255/131 257/257/133 256/256/132
f 257/257/133 258/258/134 256/256/132
f 258/258/134 259/259/135 256/256/132
f 258/258/134 260/260/136 259/259/135
f 260/260/136 261/261/137 259/259/135
f 261/261/137 262/262/138 259/259/135
f 261/261/137 263/263/139 262/262/138
f 264/264/140 262/262/138 263/263/139
f 262/262/138 264/264/140 265/265/141
f 264/264/140 266/266/142 265/265/141
f 267/267/117 268/268/118 269/269/119
f 268/268/118 270/270/120 269/269/119
f 268/268/118 271/271/121 270/270/120
f 271/271/121 272/272/122 270/270/120
f 272/272/122 273/273/123 270/270/120
f 274/274/124 273/273/123 272/272/122
f 274/274/124 275/275/125 273/273/123
f 275/275/125 274/274/124 276/276/126
f 275/275/125 277/277/127 273/273/123
f 275/275/125 278/278/143 277/277/127
f 277/277/127 278/278/143 279/279/129
f 278/278/143 280/280/144 279/279/129
f 281/281/131 279/279/129 280/280/144
f 279/279/129 281/281/131 282/282/132
f 281/281/131 283/283/133 282/282/132
f 283/283/133 284/284/134 282/282/132
f 284/284/134 285/285/135 282/282/132
f 284/284/134 286/286/136 285/285/135
f 286/286/136 287/287/137 285/285/135
f 287/287/137 288/288/138 285/285/135
f 287/287/137 289/289/139 288/288/138
f 290/290/140 288/288/138 289/289/139
f 288/288/138 290/290/140 291/291/141
f 290/290/140 292/292/142 291/291/141
f 293/293/145 294/294/146 295/295/147
f 294/294/146 293/293/145 296/296/148
f 297/297/149 296/296/148 293/293/145
f 296/296/148 297/297/149 298/298/150
f 298/298/150 297/297/149 299/299/151
f 300/300/152 301/301/153 302/302/154
f 303/303/155 301/301/153 300/300/152
f 303/303/155 304/304/156 301/301/153
f 304/304/156 303/303/155 305/305/157
f 304/304/156 305/305/157 306/306/158
f 307/307/159 308/308/160 309/309/161
f 310/310/162 307/307/159 309/309/161
f 307/307/159 310/310/162 311/311/163
f 310/310/162 312/312/164 311/311/163
f 312/312/164 313/313/165 311/311/163
f 314/314/166 313/313/165 312/312/164
f 313/313/165 315/315/167 311/311/163
f 316/316/168 313/313/165 314/314/166
f 313/313/165 316/316/168 315/315/167
f 317/317/169 316/316/168 314/314/166
f 316/316/168 318/318/170 315/315/167
f 318/318/170 316/316/168 319/319/171
f 320/320/172 319/319/171 316/316/168
f 321/321/173 318/318/170 319/319/171
f 319/319/171 320/320/172 322/322/174
f 321/321/173 319/319/171 322/322/174
f 323/323/175 321/321/173 322/322/174
f 324/324/176 323/323/175 322/322/174
f 322/322/174 325/325/177 324/324/176
f 326/326/178 325/325/177 322/322/174
f 325/325/177 327/327/179 324/324/176
f 328/328/180 329/329/181 330/330/182
f 331/331/183 329/329/181 328/328/180
f 328/328/180 332/332/184 331/331/183
f 331/331/183 332/332/184 333/333/185
f 333/333/185 332/332/184 334/334/186
f 335/335/187 333/333/185 334/334/186
f 334/334/186 332/332/184 336/336/188
f 337/337/189 335/335/187 334/334/186
f 334/334/186 336/336/188 337/337/189
f 338/338/190 335/335/187 337/337/189
f 337/337/189 336/336/188 339/339/191
f 339/339/191 340/340/192 337/337/189
f 341/341/193 337/337/189 340/340/192
f 342/342/194 340/340/192 339/339/191
f 340/340/192 343/343/195 341/341/193
f 342/342/194 343/343/195 340/340/192
f 344/344/196 343/343/195 342/342/194
f 345/345/197 343/343/195 344/344/196
f 343/343/195 345/345/197 346/346/198
f 347/347/199 343/343/195 346/346/198
f 346/346/198 345/345/197 348/348/200
f 349/349/8 350/350/8 351/351/8
f 352/352/8 350/350/8 349/349/8
f 350/350/8 352/352/8 353/353/8
f 352/352/8 354/354/8 353/353/8
f 354/354/8 352/352/8 355/355/8
f 354/354/8 355/355/8 356/356/8
f 356/356/8 355/355/8 357/357/8
f 356/356/8 357/357/8 358/358/201
f 358/358/201 359/359/202 356/356/8
f 359/359/202 358/358/201 360/360/203
f 361/361/117 362/362/118 363/363/119
f 363/363/119 362/362/118 364/364/120
f 362/362/118 365/365/121 364/364/120
f 365/365/121 366/366/122 364/364/120
f 364/364/120 366/366/122 367/367/123
f 368/368/124 367/367/123 366/366/122
f 369/369/125 367/367/123 368/368/124
f 369/369/125 368/368/124 370/370/126
f 371/371/127 367/367/123 369/369/125
f 369/369/125 372/372/128 371/371/127
f 371/371/127 372/372/128 373/373/204
f 373/373/204 372/372/128 374/374/144
f 375/375/131 373/373/204 374/374/144
f 373/373/204 375/375/131 376/376/132
f 376/376/132 375/375/131 377/377/133
f 377/377/133 378/378/134 376/376/132
f 376/376/132 378/378/134 379/379/135
f 378/378/134 380/380/136 379/379/135
f 380/380/136 381/381/137 379/379/135
f 379/379/135 381/381/137 382/382/138
f 381/381/137 383/383/139 382/382/138
f 384/384/140 382/382/138 383/383/139
f 382/382/138 384/384/140 385/385/141
f 385/385/141 384/384/140 386/386/142
f 387/387/117 388/388/118 389/389/119
f 389/389/119 388/388/118 390/390/120
f 388/388/118 391/391/121 390/390/120
f 391/391/121 392/392/122 390/390/120
f 390/390/120 392/392/122 393/393/123
f 394/394/124 393/393/123 392/392/122
f 395/395/125 393/393/123 394/394/124
f 395/395/125 394/394/124 396/396/126
f 397/397/127 393/393/123 395/395/125
f 395/395/125 398/398/128 397/397/127
f 397/397/127 398/398/128 399/399/204
f 399/399/204 398/398/128 400/400/144
f 401/401/131 399/399/204 400/400/144
f 399/399/204 401/401/131 402/402/132
f 402/402/132 401/401/131 403/403/133
f 403/403/133 404/404/134 402/402/132
f 402/402/132 404/404/134 405/405/135
f 404/404/134 406/406/136 405/405/135
f 406/406/136 407/407/137 405/405/135
f 405/405/135 407/407/137 408/408/138
f 407/407/137 409/409/139 408/408/138
f 410/410/140 408/408/138 409/409/139
f 408/408/138 410/410/140 411/411/141
f 411/411/141 410/410/140 412/412/142
f 413/413/205 414/414/206 415/415/207
f 414/414/206 413/413/205 416/416/208
f 416/416/208 417/417/209 414/414/206
f 417/417/209 418/418/210 419/419/211
f 417/417/209 420/420/212 418/418/210
f 417/417/209 416/416/208 420/420/212
f 421/421/213 420/420/212 416/416/208
f 421/421/213 422/422/214 423/423/215
f 421/421/213 424/424/216 422/422/214
f 424/424/216 425/425/217 422/422/214
f 421/421/213 426/426/218 424/424/216
f 426/426/218 425/425/217 424/424/216
f 416/416/208 426/426/218 421/421/213
f 426/426/218 427/427/219 425/425/217
f 427/427/219 428/428/220 425/425/217
f 426/426/218 416/416/208 429/429/221
f 429/429/221 427/427/219 426/426/218
f 430/430/222 429/429/221 416/416/208
f 431/431/223 429/429/221 430/430/222
f 428/428/220 427/427/219 432/432/224
f 428/428/220 432/432/224 433/433/225
f 429/429/221 434/434/226 427/427/219
f 434/434/226 432/432/224 427/427/219
f 429/429/221 431/431/223 435/435/227
f 435/435/227 434/434/226 429/429/221
f 435/435/227 431/431/223 436/436/228
f 437/437/229 436/436/228 431/431/223
f 435/435/227 438/438/230 434/434/226
f 436/436/228 438/438/230 435/435/227
f 434/434/226 439/439/231 432/432/224
f 438/438/230 439/439/231 434/434/226
f 432/432/224 439/439/231 433/433/225
f 436/436/228 440/440/232 438/438/230
f 436/436/228 437/437/229 441/441/233
f 441/441/233 440/440/232 436/436/228
f 442/442/234 441/441/233 437/437/229
f 443/443/35 441/441/233 442/442/234
f 440/440/232 444/444/235 438/438/230
f 438/438/230 444/444/235 439/439/231
f 441/441/233 445/445/236 440/440/232
f 444/444/235 446/446/237 439/439/231
f 433/433/225 439/439/231 446/446/237
f 440/440/232 447/447/238 444/444/235
f 445/445/236 447/447/238 440/440/232
f 444/444/235 448/448/239 446/446/237
f 449/449/240 444/444/235 447/447/238
f 448/448/239 450/450/241 446/446/237
f 448/448/239 451/451/242 450/450/241
f 452/452/243 433/433/225 446/446/237
f 452/452/243 446/446/237 450/450/241
f 433/433/225 452/452/243 453/453/244
f 451/451/242 454/454/245 450/450/241
f 451/451/242 455/455/246 454/454/245
f 450/450/241 454/454/245 456/456/247
f 450/450/241 456/456/247 452/452/243
f 453/453/244 457/457/248 458/458/249
f 453/453/244 452/452/243 459/459/250
f 459/459/250 457/457/248 453/453/244
f 459/459/250 452/452/243 456/456/247
f 457/457/248 459/459/250 460/460/251
f 459/459/250 461/461/252 460/460/251
f 461/461/252 459/459/250 456/456/247
f 462/462/253 461/461/252 456/456/247
f 461/461/252 462/462/253 463/463/254
f 447/447/238 464/464/255 449/449/240
f 464/464/255 465/465/256 449/449/240
f 447/447/238 466/466/257 464/464/255
f 445/445/236 466/466/257 447/447/238
f 464/464/255 467/467/258 465/465/256
f 467/467/258 468/468/259 465/465/256
f 467/467/258 469/469/260 468/468/259
f 470/470/261 464/464/255 466/466/257
f 471/471/262 469/469/260 467/467/258
f 471/471/262 472/472/263 469/469/260
f 471/471/262 473/473/264 472/472/263
f 474/474/265 467/467/258 464/464/255
f 467/467/258 474/474/265 471/471/262
f 470/470/261 474/474/265 464/464/255
f 473/473/264 471/471/262 475/475/266
f 474/474/265 475/475/266 471/471/262
f 473/473/264 475/475/266 476/476/267
f 477/477/268 476/476/267 475/475/266
f 475/475/266 474/474/265 478/478/269
f 475/475/266 478/478/269 477/477/268
f 474/474/265 470/470/261 478/478/269
f 479/479/270 477/477/268 478/478/269
f 480/480/271 478/478/269 470/470/261
f 478/478/269 481/481/272 479/479/270
f 481/481/272 478/478/269 480/480/271
f 479/479/270 481/481/272 482/482/273
f 483/483/274 480/480/271 470/470/261
f 483/483/274 470/470/261 466/466/257
f 483/483/274 466/466/257 445/445/236
f 484/484/275 481/481/272 480/480/271
f 480/480/271 483/483/274 484/484/275
f 445/445/236 485/485/276 483/483/274
f 485/485/276 484/484/275 483/483/274
f 485/485/276 445/445/236 441/441/233
f 441/441/233 443/443/35 485/485/276
f 485/485/276 443/443/35 486/486/277
f 484/484/275 485/485/276 486/486/277
f 487/487/278 486/486/277 443/443/35
f 481/481/272 484/484/275 488/488/279
f 486/486/277 488/488/279 484/484/275
f 488/488/279 482/482/273 481/481/272
f 486/486/277 487/487/278 489/489/280
f 488/488/279 486/486/277 489/489/280
f 490/490/281 489/489/280 487/487/278
f 491/491/282 489/489/280 490/490/281
f 489/489/280 492/492/283 488/488/279
f 482/482/273 488/488/279 492/492/283
f 489/489/280 491/491/282 493/493/284
f 492/492/283 489/489/280 493/493/284
f 491/491/282 494/494/285 493/493/284
f 494/494/285 491/491/282 495/495/286
f 492/492/283 493/493/284 496/496/287
f 494/494/285 496/496/287 493/493/284
f 482/482/273 492/492/283 497/497/288
f 496/496/287 497/497/288 492/492/283
f 498/498/289 482/482/273 497/497/288
f 482/482/273 498/498/289 499/499/290
f 496/496/287 500/500/291 497/497/288
f 501/501/292 499/499/290 498/498/289
f 499/499/290 501/501/292 502/502/293
f 503/503/294 502/502/293 504/504/295
f 501/501/292 504/504/295 502/502/293
f 501/501/292 505/505/296 504/504/295
f 498/498/289 497/497/288 506/506/297
f 506/506/297 497/497/288 500/500/291
f 507/507/298 501/501/292 498/498/289
f 507/507/298 498/498/289 506/506/297
f 505/505/296 501/501/292 507/507/298
f 508/508/299 506/506/297 500/500/291
f 509/509/300 507/507/298 506/506/297
f 510/510/301 508/508/299 500/500/291
f 500/500/291 496/496/287 510/510/301
f 508/508/299 510/510/301 511/511/302
f 494/494/285 510/510/301 496/496/287
f 512/512/303 511/511/302 510/510/301
f 510/510/301 494/494/285 512/512/303
f 511/511/302 512/512/303 513/513/304
f 509/509/300 514/514/305 515/515/306
f 516/516/307 513/513/304 512/512/303
f 513/513/304 516/516/307 517/517/308
f 518/518/309 509/509/300 515/515/306
f 518/518/309 507/507/298 509/509/300
f 515/515/306 519/519/310 518/518/309
f 518/518/309 505/505/296 507/507/298
f 520/520/311 518/518/309 519/519/310
f 520/520/311 505/505/296 518/518/309
f 520/520/311 521/521/312 505/505/296
f 521/521/312 520/520/311 522/522/313
f 523/523/314 516/516/307 512/512/303
f 494/494/285 523/523/314 512/512/303
f 523/523/314 524/524/315 516/516/307
f 494/494/285 524/524/315 523/523/314
f 525/525/316 516/516/307 524/524/315
f 494/494/285 495/495/286 524/524/315
f 524/524/315 526/526/317 525/525/316
f 526/526/317 527/527/318 525/525/316
f 527/527/318 526/526/317 528/528/319
f 524/524/315 495/495/286 529/529/320
f 524/524/315 529/529/320 526/526/317
f 526/526/317 529/529/320 530/530/321
f 529/529/320 495/495/286 531/531/322
f 531/531/322 532/532/323 529/529/320
f 532/532/323 531/531/322 533/533/324
f 532/532/323 533/533/324 534/534/325
f 535/535/326 536/536/327 537/537/327
f 536/536/327 535/535/326 538/538/328
f 535/535/326 539/539/329 538/538/328
f 539/539/329 535/535/326 540/540/330
f 540/540/330 541/541/331 539/539/329
f 541/541/331 540/540/330 542/542/332
f 543/543/333 541/541/331 542/542/332
f 541/541/331 543/543/333 544/544/333
f 543/543/333 545/545/334 544/544/333
f 545/545/334 543/543/333 546/546/335
f 547/547/336 545/545/334 546/546/335
f 547/547/336 548/548/337 545/545/334
f 549/549/338 548/548/337 547/547/336
f 549/549/338 550/550/339 548/548/337
f 549/549/338 551/551/340 550/550/339
f 551/551/340 549/549/338 552/552/340
f 553/553/341 554/554/342 555/555/343
f 554/554/342 556/556/344 555/555/343
f 556/556/344 557/557/345 555/555/343
f 557/557/345 558/558/346 555/555/343
f 559/559/347 560/560/348 561/561/349
f 562/562/350 559/559/347 561/561/349
f 563/563/351 562/562/350 561/561/349
f 564/564/352 563/563/351 561/561/349
f 565/565/353 566/566/354 567/567/354
f 566/566/354 565/565/353 568/568/355
f 565/565/353 569/569/356 568/568/355
f 569/569/356 565/565/353 570/570/357
f 570/570/357 571/571/358 569/569/356
f 571/571/358 570/570/357 572/572/359
f 573/573/360 571/571/358 572/572/359
f 571/571/358 573/573/360 574/574/360
f 573/573/360 575/575/361 574/574/360
f 575/575/361 573/573/360 576/576/362
f 577/577/363 575/575/361 576/576/362
f 577/577/363 578/578/364 575/575/361
f 579/579/365 578/578/364 577/577/363
f 579/579/365 580/580/366 578/578/364
f 579/579/365 581/581/367 580/580/366
f 581/581/367 579/579/365 582/582/367
f 583/583/368 584/584/369 585/585/370
f 584/584/369 586/586/371 585/585/370
f 586/586/371 587/587/372 585/585/370
f 587/587/372 588/588/373 585/585/370
f 589/589/374 590/590/375 591/591/376
f 592/592/377 589/589/374 591/591/376
f 593/593/378 592/592/377 591/591/376
f 594/594/379 593/593/378 591/591/376
f 595/595/326 596/596/327 597/597/327
f 596/596/327 595/595/326 598/598/328
f 595/595/326 599/599/329 598/598/328
f 599/599/329 595/595/326 600/600/330
f 600/600/330 601/601/331 599/599/329
f 601/601/331 600/600/330 602/602/332
f 603/603/333 601/601/331 602/602/332
f 601/601/331 603/603/333 604/604/333
f 603/603/333 605/605/334 604/604/333
f 605/605/334 603/603/333 606/606/335
f 607/607/336 605/605/334 606/606/335
f 607/607/336 608/608/337 605/605/334
f 609/609/338 608/608/337 607/607/336
f 609/609/338 610/610/339 608/608/337
f 609/609/338 611/611/340 610/610/339
f 611/611/340 609/609/338 612/612/340
f 613/613/341 614/614/342 615/615/343
f 614/614/342 616/616/344 615/615/343
f 616/616/344 617/617/345 615/615/343
f 617/617/345 618/618/346 615/615/343
f 619/619/347 620/620/348 621/621/349
f 622/622/350 619/619/347 621/621/349
f 623/623/351 622/622/350 621/621/349
f 624/624/352 623/623/351 621/621/349
f 625/625/353 626/626/354 627/627/354
f 626/626/354 625/625/353 628/628/355
f 625/625/353 629/629/356 628/628/355
f 629/629/356 625/625/353 630/630/357
f 630/630/357 631/631/358 629/629/356
f 631/631/358 630/630/357 632/632/359
f 633/633/360 631/631/358 632/632/359
f 631/631/358 633/633/360 634/634/360
f 633/633/360 635/635/361 634/634/360
f 635/635/361 633/633/360 636/636/362
f 637/637/363 635/635/361 636/636/362
f 637/637/363 638/638/380 635/635/361
f 639/639/365 638/638/380 637/637/363
f 639/639/365 640/640/366 638/638/380
f 639/639/365 641/641/367 640/640/366
f 641/641/367 639/639/365 642/642/367
f 643/643/368 644/644/369 645/645/370
f 644/644/369 646/646/371 645/645/370
f 646/646/371 647/647/372 645/645/370
f 647/647/372 648/648/373 645/645/370
f 649/649/374 650/650/375 651/651/376
f 652/652/377 649/649/374 651/651/376
f 653/653/378 652/652/377 651/651/376
f 654/654/379 653/653/378 651/651/376
f 655/655/381 656/656/382 657/657/382
f 655/655/381 657/657/382 658/658/383
f 659/659/384 655/655/381 658/658/383
f 660/660/385 655/655/381 659/659/384
f 659/659/384 658/658/383 661/661/386
f 662/662/387 663/663/388 664/664/389
f 664/664/389 665/665/390 662/662/387
f 666/666/391 662/662/387 665/665/390
f 665/665/390 667/667/392 666/666/391
f 668/668/393 662/662/387 666/666/391
f 669/669/394 666/666/391 667/667/392
f 666/666/391 669/669/394 668/668/393
f 667/667/392 670/670/395 669/669/394
f 671/671/396 668/668/393 669/669/394
f 671/671/396 672/672/397 668/668/393
f 673/673/398 669/669/394 670/670/395
f 669/669/394 673/673/398 671/671/396
f 674/674/399 673/673/398 670/670/395
f 672/672/397 671/671/396 675/675/400
f 673/673/398 675/675/400 671/671/396
f 676/676/401 672/672/397 675/675/400
f 672/672/397 676/676/401 677/677/402
f 678/678/403 673/673/398 674/674/399
f 674/674/399 679/679/404 678/678/403
f 678/678/403 679/679/404 680/680/405
f 681/681/406 678/678/403 680/680/405
f 673/673/398 678/678/403 682/682/407
f 675/675/400 673/673/398 682/682/407
f 683/683/408 678/678/403 681/681/406
f 682/682/407 678/678/403 683/683/408
f 683/683/408 681/681/406 684/684/409
f 684/684/409 682/682/407 683/683/408
f 684/684/409 681/681/406 685/685/410
f 685/685/410 686/686/411 684/684/409
f 684/684/409 686/686/411 687/687/412
f 688/688/413 675/675/400 682/682/407
f 688/688/413 682/682/407 684/684/409
f 684/684/409 687/687/412 688/688/413
f 675/675/400 688/688/413 676/676/401
f 688/688/413 687/687/412 689/689/414
f 690/690/415 676/676/401 688/688/413
f 689/689/414 690/690/415 688/688/413
f 690/690/415 677/677/402 676/676/401
f 689/689/414 691/691/416 690/690/415
f 690/690/415 692/692/417 677/677/402
f 691/691/416 692/692/417 690/690/415
f 677/677/402 692/692/417 693/693/418
f 691/691/416 694/694/419 692/692/417
f 693/693/418 692/692/417 694/694/419
f 694/694/419 695/695/420 693/693/418
f 693/693/418 695/695/420 696/696/421
f 697/697/340 698/698/338 699/699/340
f 698/698/338 697/697/340 700/700/339
f 698/698/338 700/700/339 701/701/337
f 698/698/338 701/701/337 702/702/336
f 702/702/336 701/701/337 703/703/334
f 702/702/336 703/703/334 704/704/335
f 703/703/334 705/705/333 704/704/335
f 705/705/333 703/703/334 706/706/333
f 707/707/331 705/705/333 706/706/333
f 705/705/333 707/707/331 708/708/332
f 707/707/331 709/709/330 708/708/332
f 709/709/330 707/707/331 710/710/329
f 710/710/329 711/711/326 709/709/330
f 711/711/326 710/710/329 712/712/328
f 713/713/327 711/711/326 712/712/328
f 711/711/326 713/713/327 714/714/327
f 715/715/346 716/716/343 717/717/345
f 717/717/345 716/716/343 718/718/344
f 718/718/344 716/716/343 719/719/342
f 719/719/342 716/716/343 720/720/341
f 721/721/351 722/722/349 723/723/352
f 724/724/350 722/722/349 721/721/351
f 725/725/347 722/722/349 724/724/350
f 726/726/348 722/722/349 725/725/347
f 727/727/367 728/728/365 729/729/367
f 728/728/365 727/727/367 730/730/366
f 728/728/365 730/730/366 731/731/364
f 728/728/365 731/731/364 732/732/363
f 732/732/363 731/731/364 733/733/361
f 732/732/363 733/733/361 734/734/362
f 733/733/361 735/735/360 734/734/362
f 735/735/360 733/733/361 736/736/360
f 737/737/358 735/735/360 736/736/360
f 735/735/360 737/737/358 738/738/359
f 737/737/358 739/739/357 738/738/359
f 739/739/357 737/737/358 740/740/356
f 740/740/356 741/741/353 739/739/357
f 741/741/353 740/740/356 742/742/355
f 743/743/354 741/741/353 742/742/355
f 741/741/353 743/743/354 744/744/354
f 745/745/422 746/746/370 747/747/372
f 747/747/372 746/746/370 748/748/371
f 748/748/371 746/746/370 749/749/369
f 749/749/369 746/746/370 750/750/423
f 751/751/378 752/752/376 753/753/379
f 754/754/377 752/752/376 751/751/378
f 755/755/374 752/752/376 754/754/377
f 756/756/375 752/752/376 755/755/374
f 757/757/340 758/758/338 759/759/340
f 758/758/338 757/757/340 760/760/339
f 758/758/338 760/760/339 761/761/337
f 758/758/338 761/761/337 762/762/336
f 762/762/336 761/761/337 763/763/334
f 762/762/336 763/763/334 764/764/335
f 763/763/334 765/765/333 764/764/335
f 765/765/333 763/763/334 766/766/333
f 767/767/331 765/765/333 766/766/333
f 765/765/333 767/767/331 768/768/332
f 767/767/331 769/769/330 768/768/332
f 769/769/330 767/767/331 770/770/329
f 770/770/329 771/771/326 769/769/330
f 771/771/326 770/770/329 772/772/328
f 773/773/327 771/771/326 772/772/328
f 771/771/326 773/773/327 774/774/327
f 775/775/346 776/776/343 777/777/345
f 777/777/345 776/776/343 778/778/344
f 778/778/344 776/776/343 779/779/342
f 779/779/342 776/776/343 780/780/341
f 781/781/351 782/782/349 783/783/352
f 784/784/350 782/782/349 781/781/351
f 785/785/347 782/782/349 784/784/350
f 786/786/348 782/782/349 785/785/347
f 787/787/367 788/788/365 789/789/367
f 788/788/365 787/787/367 790/790/366
f 788/788/365 790/790/366 791/791/364
f 788/788/365 791/791/364 792/792/363
f 792/792/363 791/791/364 793/793/361
f 792/792/363 793/793/361 794/794/362
f 793/793/361 795/795/360 794/794/362
f 795/795/360 793/793/361 796/796/360
f 797/797/358 795/795/360 796/796/360
f 795/795/360 797/797/358 798/798/359
f 797/797/358 799/799/357 798/798/359
f 799/799/357 797/797/358 800/800/424
f 800/800/424 801/801/353 799/799/357
f 801/801/353 800/800/424 802/802/355
f 803/803/354 801/801/353 802/802/355
f 801/801/353 803/803/354 804/804/354
f 805/805/422 806/806/370 807/807/372
f 807/807/372 806/806/370 808/808/371
f 808/808/371 806/806/370 809/809/369
f 809/809/369 806/806/370 810/810/423
f 811/811/378 812/812/376 813/813/379
f 814/814/377 812/812/376 811/811/378
f 815/815/374 812/812/376 814/814/377
f 816/816/375 812/812/376 815/815/374
f 817/817/425 818/818/426 819/819/427
f 818/818/426 817/817/425 820/820/428
f 820/820/428 817/817/425 821/821/429
f 822/822/430 821/821/429 817/817/425
f 823/823/431 821/821/429 822/822/430
f 823/823/431 824/824/432 821/821/429
f 825/825/433 824/824/432 823/823/431
f 826/826/434 825/825/433 827/827/435
f 825/825/433 826/826/434 828/828/436
f 825/825/433 828/828/436 824/824/432
f 824/824/432 828/828/436 829/829/437
f 828/828/436 830/830/438 829/829/437
f 831/831/36 829/829/437 830/830/438
f 832/832/36 831/831/36 830/830/438
f 831/831/36 832/832/36 833/833/439
f 833/833/439 832/832/36 834/834/440
f 834/834/440 835/835/441 833/833/439
f 836/836/442 835/835/441 834/834/440
f 835/835/441 837/837/443 838/838/444
f 837/837/443 835/835/441 839/839/445
f 835/835/441 836/836/442 839/839/445
f 836/836/442 840/840/446 839/839/445
f 841/841/447 840/840/446 836/836/442
f 841/841/447 842/842/448 840/840/446
f 843/843/449 842/842/448 841/841/447
f 844/844/450 843/843/449 845/845/451
f 843/843/449 844/844/450 846/846/452
f 843/843/449 846/846/452 842/842/448
f 846/846/452 847/847/453 842/842/448
f 847/847/453 846/846/452 848/848/438
f 849/849/36 847/847/453 848/848/438
f 849/849/36 848/848/438 850/850/36
f 851/851/36 849/849/36 850/850/36
f 849/849/36 851/851/36 852/852/36
f 853/853/439 852/852/36 851/851/36
f 851/851/36 854/854/454 853/853/439
f 853/853/439 854/854/454 855/855/455
f 856/856/456 855/855/455 854/854/454
f 855/855/455 857/857/457 858/858/458
f 859/859/459 855/855/455 856/856/456
f 857/857/457 855/855/455 859/859/459
f 856/856/456 860/860/460 859/859/459
f 860/860/460 856/856/456 861/861/461
f 859/859/459 862/862/462 857/857/457
f 860/860/460 862/862/462 859/859/459
f 863/863/463 857/857/457 862/862/462
f 862/862/462 864/864/464 863/863/463
f 865/865/465 860/860/460 861/861/461
f 864/864/464 862/862/462 866/866/466
f 867/867/467 865/865/465 861/861/461
f 866/866/466 868/868/468 864/864/464
f 869/869/469 870/870/470 867/867/467
f 871/871/471 867/867/467 870/870/470
f 865/865/465 867/867/467 871/871/471
f 870/870/470 872/872/472 871/871/471
f 872/872/472 865/865/465 871/871/471
f 870/870/470 873/873/473 872/872/472
f 874/874/474 872/872/472 873/873/473
f 865/865/465 872/872/472 875/875/475
f 872/872/472 874/874/474 876/876/476
f 876/876/476 875/875/475 872/872/472
f 877/877/477 876/876/476 874/874/474
f 878/878/478 865/865/465 875/875/475
f 878/878/478 860/860/460 865/865/465
f 875/875/475 876/876/476 879/879/479
f 875/875/475 879/879/479 878/878/478
f 876/876/476 877/877/477 880/880/480
f 880/880/480 879/879/479 876/876/476
f 877/877/477 881/881/481 880/880/480
f 877/877/477 882/882/482 881/881/481
f 879/879/479 880/880/480 883/883/483
f 880/880/480 881/881/481 883/883/483
f 882/882/482 884/884/484 885/885/485
f 882/882/482 885/885/485 881/881/481
f 879/879/479 883/883/483 886/886/486
f 886/886/486 878/878/478 879/879/479
f 881/881/481 887/887/487 883/883/483
f 887/887/487 886/886/486 883/883/483
f 885/885/485 888/888/488 881/881/481
f 887/887/487 881/881/481 888/888/488
f 888/888/488 885/885/485 889/889/489
f 890/890/490 888/888/488 889/889/489
f 891/891/491 890/890/490 892/892/492
f 888/888/488 890/890/490 893/893/493
f 890/890/490 891/891/491 893/893/493
f 893/893/493 887/887/487 888/888/488
f 891/891/491 868/868/468 893/893/493
f 887/887/487 893/893/493 894/894/494
f 894/894/494 886/886/486 887/887/487
f 895/895/495 893/893/493 868/868/468
f 894/894/494 893/893/493 895/895/495
f 868/868/468 866/866/466 895/895/495
f 886/886/486 894/894/494 896/896/496
f 895/895/495 896/896/496 894/894/494
f 896/896/496 895/895/495 866/866/466
f 878/878/478 886/886/486 896/896/496
f 866/866/466 897/897/497 896/896/496
f 878/878/478 896/896/496 897/897/497
f 897/897/497 866/866/466 862/862/462
f 860/860/460 878/878/478 897/897/497
f 862/862/462 860/860/460 897/897/497
f 898/898/498 899/899/499 900/900/500
f 900/900/500 901/901/501 898/898/498
f 901/901/501 900/900/500 902/902/502
f 903/903/503 898/898/498 901/901/501
f 901/901/501 902/902/502 904/904/504
f 905/905/505 904/904/504 902/902/502
f 904/904/504 905/905/505 906/906/506
f 901/901/501 907/907/507 903/903/503
f 907/907/507 901/901/501 904/904/504
f 908/908/508 903/903/503 907/907/507
f 909/909/509 904/904/504 906/906/506
f 904/904/504 909/909/509 907/907/507
f 906/906/506 910/910/510 909/909/509
f 907/907/507 911/911/511 908/908/508
f 911/911/511 907/907/507 909/909/509
f 908/908/508 911/911/511 912/912/512
f 910/910/510 913/913/513 909/909/509
f 911/911/511 914/914/514 912/912/512
f 912/912/512 914/914/514 915/915/515
f 914/914/514 916/916/516 915/915/515
f 916/916/516 917/917/517 915/915/515
f 914/914/514 911/911/511 918/918/518
f 916/916/516 914/914/514 918/918/518
f 916/916/516 918/918/518 917/917/517
f 918/918/518 911/911/511 909/909/509
f 917/917/517 918/918/518 913/913/513
f 909/909/509 919/919/519 918/918/518
f 909/909/509 913/913/513 919/919/519
f 919/919/519 920/920/519 918/918/518
f 919/919/519 913/913/513 921/921/519
f 920/920/519 922/922/519 918/918/518
f 921/921/519 913/913/513 923/923/519
f 922/922/519 924/924/519 918/918/518
f 923/923/519 913/913/513 925/925/520
f 924/924/519 926/926/521 918/918/518
f 918/918/518 926/926/521 913/913/513
f 913/913/513 926/926/521 925/925/520
f 925/925/520 926/926/521 927/927/522
f 928/928/523 927/927/522 926/926/521
f 929/929/524 930/930/525 931/931/526
f 932/932/527 931/931/526 930/930/525
f 932/932/527 933/933/528 931/931/526
f 930/930/525 934/934/529 932/932/527
f 935/935/530 933/933/528 932/932/527
f 935/935/530 936/936/531 933/933/528
f 936/936/531 935/935/530 937/937/532
f 938/938/533 932/932/527 934/934/529
f 932/932/527 938/938/533 935/935/530
f 934/934/529 939/939/534 938/938/533
f 937/937/532 935/935/530 940/940/535
f 940/940/535 935/935/530 938/938/533
f 941/941/536 937/937/532 940/940/535
f 942/942/537 938/938/533 939/939/534
f 942/942/537 940/940/535 938/938/533
f 939/939/534 943/943/538 942/942/537
f 941/941/536 940/940/535 944/944/539
f 942/942/537 943/943/538 945/945/540
f 943/943/538 946/946/541 945/945/540
f 947/947/542 940/940/535 942/942/537
f 945/945/540 947/947/542 942/942/537
f 945/945/540 946/946/541 948/948/543
f 948/948/543 947/947/542 945/945/540
f 948/948/543 946/946/541 949/949/544
f 948/948/543 949/949/544 947/947/542
f 949/949/544 944/944/539 947/947/542
f 940/940/535 950/950/545 944/944/539
f 940/940/535 947/947/542 950/950/545
f 950/950/545 951/951/545 944/944/539
f 950/950/545 947/947/542 952/952/545
f 951/951/545 953/953/545 944/944/539
f 952/952/545 947/947/542 954/954/545
f 953/953/545 955/955/546 944/944/539
f 954/954/545 947/947/542 956/956/545
f 956/956/545 947/947/542 957/957/547
f 947/947/542 944/944/539 957/957/547
f 944/944/539 955/955/546 957/957/547
f 955/955/546 958/958/548 957/957/547
f 959/959/549 957/957/547 958/958/548
f 960/960/550 961/961/551 962/962/552
f 961/961/551 963/963/553 962/962/552
f 961/961/551 964/964/554 963/963/553
f 962/962/552 963/963/553 965/965/555
f 964/964/554 966/966/556 963/963/553
f 967/967/557 966/966/556 964/964/554
f 967/967/557 968/968/558 966/966/556
f 966/966/556 968/968/558 969/969/559
f 970/970/560 965/965/555 969/969/559
f 963/963/553 966/966/556 971/971/561
f 963/963/553 971/971/561 965/965/555
f 966/966/556 969/969/559 971/971/561
f 971/971/561 969/969/559 965/965/555
f 972/972/562 973/973/563 974/974/564
f 975/975/565 972/972/562 974/974/564
f 976/976/566 972/972/562 975/975/565
f 975/975/565 974/974/564 977/977/567
f 978/978/568 976/976/566 975/975/565
f 978/978/568 979/979/569 976/976/566
f 979/979/569 978/978/568 980/980/570
f 980/980/570 978/978/568 981/981/571
f 977/977/567 982/982/572 981/981/571
f 975/975/565 983/983/573 978/978/568
f 983/983/573 975/975/565 977/977/567
f 983/983/573 981/981/571 978/978/568
f 977/977/567 981/981/571 983/983/573
f 984/984/574 985/985/575 986/986/576
f 986/986/576 987/987/577 984/984/574
f 986/986/576 988/988/578 987/987/577
f 984/984/574 987/987/577 989/989/579
f 990/990/580 991/991/581 992/992/582
f 990/990/580 993/993/583 991/991/581
f 994/994/584 991/991/581 993/993/583
f 995/995/585 994/994/584 993/993/583
f 990/990/580 996/996/586 993/993/583
f 995/995/585 993/993/583 997/997/587
f 996/996/586 998/998/588 993/993/583
f 993/993/583 998/998/588 997/997/587
f 998/998/588 999/999/589 997/997/587
f 996/996/586 1000/1000/590 998/998/588
f 1001/1001/591 999/999/589 998/998/588
f 1000/1000/590 1002/1002/592 998/998/588
f 1002/1002/592 1001/1001/591 998/998/588
f 1002/1002/592 1000/1000/590 1003/1003/593
f 1002/1002/592 1004/1004/594 1001/1001/591
f 1005/1005/595 1002/1002/592 1003/1003/593
f 1002/1002/592 1005/1005/595 1004/1004/594
f 1005/1005/595 1006/1006/596 1004/1004/594
f 1005/1005/595 1003/1003/593 1007/1007/597
f 1005/1005/595 1008/1008/598 1006/1006/596
f 1009/1009/599 1005/1005/595 1007/1007/597
f 1008/1008/598 1005/1005/595 1009/1009/599
f 1010/1010/600 1008/1008/598 1009/1009/599
f 1007/1007/597 1011/1011/601 1009/1009/599
f 1012/1012/602 1010/1010/600 1009/1009/599
f 1011/1011/601 1013/1013/603 1009/1009/599
f 1012/1012/602 1009/1009/599 1013/1013/603
f 1014/1014/604 1012/1012/602 1013/1013/603
f 1013/1013/603 1011/1011/601 1015/1015/605
f 1016/1016/606 1014/1014/604 1013/1013/603
f 1017/1017/607 1013/1013/603 1015/1015/605
f 1016/1016/606 1013/1013/603 1017/1017/607
f 1016/1016/606 1017/1017/607 1018/1018/608
f 1017/1017/607 1015/1015/605 1019/1019/609
f 1020/1020/610 1018/1018/608 1017/1017/607
f 1017/1017/607 1021/1021/611 1020/1020/610
f 1021/1021/611 1017/1017/607 1019/1019/609
f 1021/1021/611 1022/1022/612 1020/1020/610
f 1022/1022/612 1021/1021/611 1023/1023/613
f 1024/1024/614 1021/1021/611 1019/1019/609
f 1024/1024/614 1019/1019/609 1025/1025/615
f 1026/1026/616 1024/1024/614 1025/1025/615
f 1026/1026/616 1027/1027/617 1024/1024/614
f 1027/1027/617 1028/1028/618 1024/1024/614
f 1024/1024/614 1028/1028/618 1021/1021/611
f 1021/1021/611 1029/1029/619 1023/1023/613
f 1028/1028/618 1029/1029/619 1021/1021/611
f 1029/1029/619 1030/1030/620 1023/1023/613
f 1029/1029/619 1028/1028/618 1031/1031/621
f 1030/1030/620 1029/1029/619 1032/1032/622
f 1029/1029/619 1031/1031/621 1033/1033/623
f 1029/1029/619 1033/1033/623 1032/1032/622
f 1032/1032/622 1033/1033/623 1034/1034/624
f 1033/1033/623 1031/1031/621 1035/1035/625
f 1034/1034/624 1033/1033/623 1036/1036/626
f 1037/1037/627 1033/1033/623 1035/1035/625
f 1033/1033/623 1037/1037/627 1036/1036/626
f 1036/1036/626 1037/1037/627 1038/1038/628
f 1039/1039/629 1037/1037/627 1035/1035/625
f 1038/1038/628 1037/1037/627 1040/1040/630
f 1037/1037/627 1039/1039/629 1041/1041/631
f 1037/1037/627 1041/1041/631 1040/1040/630
f 1042/1042/632 1040/1040/630 1041/1041/631
f 1039/1039/629 1043/1043/633 1041/1041/631
f 1044/1044/634 1042/1042/632 1041/1041/631
f 1045/1045/635 1041/1041/631 1043/1043/633
f 1045/1045/635 1044/1044/634 1041/1041/631
f 1046/1046/636 1045/1045/635 1043/1043/633
f 1047/1047/637 1044/1044/634 1045/1045/635
f 1048/1048/638 1045/1045/635 1046/1046/636
f 1047/1047/637 1045/1045/635 1048/1048/638
f 1049/1049/639 1047/1047/637 1048/1048/638
f 1050/1050/640 1048/1048/638 1046/1046/636
f 1049/1049/639 1048/1048/638 1051/1051/641
f 1052/1052/642 1048/1048/638 1050/1050/640
f 1048/1048/638 1052/1052/642 1051/1051/641
f 1051/1051/641 1052/1052/642 1053/1053/643
f 1054/1054/644 1053/1053/643 1052/1052/642
f 1055/1055/645 1052/1052/642 1050/1050/640
f 1052/1052/642 1056/1056/646 1054/1054/644
f 1056/1056/646 1052/1052/642 1055/1055/645
f 1056/1056/646 1055/1055/645 1057/1057/647
f 1058/1058/648 1059/1059/649 1060/1060/650
f 1059/1059/649 1058/1058/648 1061/1061/651
f 1061/1061/651 1062/1062/652 1059/1059/649
f 1058/1058/648 1063/1063/653 1061/1061/651
f 1064/1064/550 1065/1065/551 1066/1066/552
f 1065/1065/551 1067/1067/553 1066/1066/552
f 1065/1065/551 1068/1068/554 1067/1067/553
f 1066/1066/552 1067/1067/553 1069/1069/654
f 1068/1068/554 1070/1070/655 1067/1067/553
f 1071/1071/656 1070/1070/655 1068/1068/554
f 1071/1071/656 1072/1072/657 1070/1070/655
f 1070/1070/655 1072/1072/657 1073/1073/658
f 1074/1074/659 1069/1069/654 1073/1073/658
f 1067/1067/553 1070/1070/655 1075/1075/660
f 1067/1067/553 1075/1075/660 1069/1069/654
f 1070/1070/655 1073/1073/658 1075/1075/660
f 1075/1075/660 1073/1073/658 1069/1069/654
f 1076/1076/562 1077/1077/563 1078/1078/564
f 1079/1079/565 1076/1076/562 1078/1078/564
f 1080/1080/566 1076/1076/562 1079/1079/565
f 1079/1079/565 1078/1078/564 1081/1081/661
f 1082/1082/662 1080/1080/566 1079/1079/565
f 1082/1082/662 1083/1083/663 1080/1080/566
f 1083/1083/663 1082/1082/662 1084/1084/664
f 1084/1084/664 1082/1082/662 1085/1085/665
f 1081/1081/661 1086/1086/666 1085/1085/665
f 1079/1079/565 1087/1087/667 1082/1082/662
f 1087/1087/667 1079/1079/565 1081/1081/661
f 1087/1087/667 1085/1085/665 1082/1082/662
f 1081/1081/661 1085/1085/665 1087/1087/667
f 1088/1088/574 1089/1089/575 1090/1090/576
f 1090/1090/576 1091/1091/577 1088/1088/574
f 1090/1090/576 1092/1092/578 1091/1091/577
f 1088/1088/574 1091/1091/577 1093/1093/579
f 1094/1094/580 1095/1095/581 1096/1096/582
f 1094/1094/580 1097/1097/583 1095/1095/581
f 1098/1098/584 1095/1095/581 1097/1097/583
f 1099/1099/668 1098/1098/584 1097/1097/583
f 1094/1094/580 1100/1100/586 1097/1097/583
f 1099/1099/668 1097/1097/583 1101/1101/587
f 1100/1100/586 1102/1102/588 1097/1097/583
f 1097/1097/583 1102/1102/588 1101/1101/587
f 1102/1102/588 1103/1103/589 1101/1101/587
f 1100/1100/586 1104/1104/590 1102/1102/588
f 1105/1105/591 1103/1103/589 1102/1102/588
f 1104/1104/590 1106/1106/592 1102/1102/588
f 1106/1106/592 1105/1105/591 1102/1102/588
f 1106/1106/592 1104/1104/590 1107/1107/593
f 1106/1106/592 1108/1108/594 1105/1105/591
f 1109/1109/595 1106/1106/592 1107/1107/593
f 1106/1106/592 1109/1109/595 1108/1108/594
f 1109/1109/595 1110/1110/596 1108/1108/594
f 1109/1109/595 1107/1107/593 1111/1111/597
f 1109/1109/595 1112/1112/598 1110/1110/596
f 1113/1113/599 1109/1109/595 1111/1111/597
f 1112/1112/598 1109/1109/595 1113/1113/599
f 1114/1114/600 1112/1112/598 1113/1113/599
f 1111/1111/597 1115/1115/601 1113/1113/599
f 1116/1116/602 1114/1114/600 1113/1113/599
f 1115/1115/601 1117/1117/603 1113/1113/599
f 1116/1116/602 1113/1113/599 1117/1117/603
f 1118/1118/604 1116/1116/602 1117/1117/603
f 1117/1117/603 1115/1115/601 1119/1119/605
f 1120/1120/606 1118/1118/604 1117/1117/603
f 1121/1121/607 1117/1117/603 1119/1119/605
f 1120/1120/606 1117/1117/603 1121/1121/607
f 1120/1120/606 1121/1121/607 1122/1122/608
f 1121/1121/607 1119/1119/605 1123/1123/609
f 1124/1124/610 1122/1122/608 1121/1121/607
f 1121/1121/607 1125/1125/611 1124/1124/610
f 1125/1125/611 1121/1121/607 1123/1123/609
f 1125/1125/611 1126/1126/612 1124/1124/610
f 1126/1126/612 1125/1125/611 1127/1127/613
f 1128/1128/614 1125/1125/611 1123/1123/609
f 1128/1128/614 1123/1123/609 1129/1129/615
f 1130/1130/616 1128/1128/614 1129/1129/615
f 1130/1130/616 1131/1131/617 1128/1128/614
f 1131/1131/617 1132/1132/618 1128/1128/614
f 1128/1128/614 1132/1132/618 1125/1125/611
f 1125/1125/611 1133/1133/619 1127/1127/613
f 1132/1132/618 1133/1133/619 1125/1125/611
f 1133/1133/619 1134/1134/620 1127/1127/613
f 1133/1133/619 1132/1132/618 1135/1135/621
f 1134/1134/620 1133/1133/619 1136/1136/622
f 1133/1133/619 1135/1135/621 1137/1137/623
f 1133/1133/619 1137/1137/623 1136/1136/622
f 1136/1136/622 1137/1137/623 1138/1138/624
f 1137/1137/623 1135/1135/621 1139/1139/625
f 1138/1138/624 1137/1137/623 1140/1140/626
f 1141/1141/627 1137/1137/623 1139/1139/625
f 1137/1137/623 1141/1141/627 1140/1140/626
f 1140/1140/626 1141/1141/627 1142/1142/628
f 1143/1143/629 1141/1141/627 1139/1139/625
f 1142/1142/628 1141/1141/627 1144/1144/630
f 1141/1141/627 1143/1143/629 1145/1145/631
f 1141/1141/627 1145/1145/631 1144/1144/630
f 1146/1146/632 1144/1144/630 1145/1145/631
f 1143/1143/629 1147/1147/633 1145/1145/631
f 1148/1148/634 1146/1146/632 1145/1145/631
f 1149/1149/635 1145/1145/631 1147/1147/633
f 1149/1149/635 1148/1148/634 1145/1145/631
f 1150/1150/636 1149/1149/635 1147/1147/633
f 1151/1151/637 1148/1148/634 1149/1149/635
f 1152/1152/638 1149/1149/635 1150/1150/636
f 1151/1151/637 1149/1149/635 1152/1152/638
f 1153/1153/639 1151/1151/637 1152/1152/638
f 1154/1154/640 1152/1152/638 1150/1150/636
f 1153/1153/639 1152/1152/638 1155/1155/641
f 1156/1156/642 1152/1152/638 1154/1154/640
f 1152/1152/638 1156/1156/642 1155/1155/641
f 1155/1155/641 1156/1156/642 1157/1157/643
f 1158/1158/644 1157/1157/643 1156/1156/642
f 1159/1159/645 1156/1156/642 1154/1154/640
f 1156/1156/642 1160/1160/646 1158/1158/644
f 1160/1160/646 1156/1156/642 1159/1159/645
f 1160/1160/646 1159/1159/645 1161/1161/647
f 1162/1162/648 1163/1163/649 1164/1164/650
f 1163/1163/649 1162/1162/648 1165/1165/651
f 1165/1165/651 1166/1166/652 1163/1163/649
f 1162/1162/648 1167/1167/653 1165/1165/651
f 1168/1168/669 1169/1169/670 1170/1170/671
f 1170/1170/671 1171/1171/672 1168/1168/669
f 1172/1172/673 1171/1171/672 1170/1170/671
f 1168/1168/669 1171/1171/672 1173/1173/674
f 1171/1171/672 1172/1172/673 1174/1174/675
f 1175/1175/676 1173/1173/674 1171/1171/672
f 1171/1171/672 1174/1174/675 1175/1175/676
f 1173/1173/674 1175/1175/676 1176/1176/677
f 1177/1177/678 1175/1175/676 1174/1174/675
f 1176/1176/677 1175/1175/676 1178/1178/679
f 1179/1179/680 1175/1175/676 1177/1177/678
f 1175/1175/676 1179/1179/680 1178/1178/679
f 1180/1180/681 1181/1181/682 1182/1182/683
f 1183/1183/684 1182/1182/683 1181/1181/682
f 1183/1183/684 1184/1184/685 1182/1182/683
f 1185/1185/686 1183/1183/684 1181/1181/682
f 1184/1184/685 1183/1183/684 1186/1186/687
f 1185/1185/686 1187/1187/688 1183/1183/684
f 1187/1187/688 1186/1186/687 1183/1183/684
f 1187/1187/688 1185/1185/686 1188/1188/689
f 1187/1187/688 1189/1189/690 1186/1186/687
f 1190/1190/691 1187/1187/688 1188/1188/689
f 1187/1187/688 1191/1191/692 1189/1189/690
f 1190/1190/691 1191/1191/692 1187/1187/688
f 1192/1192/693 1193/1193/694 1194/1194/695
f 1195/1195/696 1194/1194/695 1193/1193/694
f 1196/1196/697 1194/1194/695 1195/1195/696
f 1193/1193/694 1197/1197/698 1195/1195/696
f 1196/1196/697 1195/1195/696 1198/1198/699
f 1197/1197/698 1199/1199/700 1195/1195/696
f 1199/1199/700 1198/1198/699 1195/1195/696
f 1199/1199/700 1197/1197/698 1200/1200/701
f 1201/1201/702 1198/1198/699 1199/1199/700
f 1200/1200/701 1202/1202/703 1199/1199/700
f 1199/1199/700 1203/1203/704 1201/1201/702
f 1202/1202/703 1203/1203/704 1199/1199/700
f 1204/1204/705 1205/1205/706 1206/1206/707
f 1206/1206/707 1207/1207/708 1204/1204/705
f 1207/1207/708 1206/1206/707 1208/1208/709
f 1209/1209/710 1204/1204/705 1207/1207/708
f 1207/1207/708 1208/1208/709 1210/1210/711
f 1211/1211/712 1209/1209/710 1207/1207/708
f 1210/1210/711 1211/1211/712 1207/1207/708
f 1209/1209/710 1211/1211/712 1212/1212/713
f 1211/1211/712 1210/1210/711 1213/1213/690
f 1214/1214/714 1212/1212/713 1211/1211/712
f 1215/1215/715 1211/1211/712 1213/1213/690
f 1211/1211/712 1215/1215/715 1214/1214/714
f 1216/1216/716 1217/1217/717 1218/1218/718
f 1219/1219/719 1217/1217/717 1216/1216/716
f 1217/1217/717 1219/1219/719 1220/1220/720
f 1221/1221/721 1219/1219/719 1216/1216/716
f 1220/1220/720 1219/1219/719 1222/1222/722
f 1222/1222/722 1223/1223/723 1220/1220/720
f 1224/1224/724 1219/1219/719 1221/1221/721
f 1225/1225/725 1224/1224/724 1221/1221/721
f 1224/1224/724 1222/1222/722 1219/1219/719
f 1226/1226/726 1223/1223/723 1222/1222/722
f 1223/1223/723 1226/1226/726 1227/1227/727
f 1228/1228/728 1222/1222/722 1224/1224/724
f 1226/1226/726 1222/1222/722 1228/1228/728
f 1229/1229/729 1228/1228/728 1224/1224/724
f 1227/1227/727 1226/1226/726 1230/1230/730
f 1228/1228/728 1230/1230/730 1226/1226/726
f 1230/1230/730 1231/1231/731 1227/1227/727
f 1232/1232/732 1233/1233/733 1228/1228/728
f 1233/1233/733 1230/1230/730 1228/1228/728
f 1234/1234/734 1231/1231/731 1230/1230/730
f 1233/1233/733 1234/1234/734 1230/1230/730
f 1235/1235/735 1231/1231/731 1234/1234/734
f 1236/1236/736 1231/1231/731 1235/1235/735
f 1233/1233/733 1237/1237/737 1234/1234/734
f 1238/1238/738 1237/1237/737 1233/1233/733
f 1234/1234/734 1237/1237/737 1235/1235/735
f 1235/1235/735 1239/1239/739 1236/1236/736
f 1237/1237/737 1240/1240/740 1235/1235/735
f 1240/1240/740 1239/1239/739 1235/1235/735
f 1241/1241/741 1242/1242/742 1237/1237/737
f 1242/1242/742 1240/1240/740 1237/1237/737
f 1243/1243/743 1239/1239/739 1240/1240/740
f 1242/1242/742 1243/1243/743 1240/1240/740
f 1244/1244/744 1239/1239/739 1243/1243/743
f 1245/1245/745 1246/1246/746 1242/1242/742
f 1246/1246/746 1243/1243/743 1242/1242/742
f 1247/1247/747 1244/1244/744 1243/1243/743
f 1247/1247/747 1243/1243/743 1246/1246/746
f 1248/1248/748 1244/1244/744 1247/1247/747
f 1249/1249/749 1248/1248/748 1247/1247/747
f 1246/1246/746 1249/1249/749 1247/1247/747
f 1250/1250/750 1248/1248/748 1249/1249/749
f 1251/1251/751 1252/1252/752 1246/1246/746
f 1252/1252/752 1249/1249/749 1246/1246/746
f 1253/1253/753 1250/1250/750 1249/1249/749
f 1252/1252/752 1253/1253/753 1249/1249/749
f 1254/1254/754 1250/1250/750 1253/1253/753
f 1255/1255/755 1256/1256/756 1252/1252/752
f 1252/1252/752 1256/1256/756 1253/1253/753
f 1253/1253/753 1256/1256/756 1257/1257/757
f 1257/1257/757 1254/1254/754 1253/1253/753
f 1258/1258/758 1254/1254/754 1257/1257/757
f 1259/1259/716 1260/1260/717 1261/1261/718
f 1262/1262/719 1260/1260/717 1259/1259/716
f 1260/1260/717 1262/1262/719 1263/1263/720
f 1264/1264/721 1262/1262/719 1259/1259/716
f 1263/1263/720 1262/1262/719 1265/1265/722
f 1265/1265/722 1266/1266/759 1263/1263/720
f 1267/1267/724 1262/1262/719 1264/1264/721
f 1268/1268/725 1267/1267/724 1264/1264/721
f 1267/1267/724 1265/1265/722 1262/1262/719
f 1269/1269/760 1266/1266/759 1265/1265/722
f 1266/1266/759 1269/1269/760 1270/1270/761
f 1271/1271/728 1265/1265/722 1267/1267/724
f 1269/1269/760 1265/1265/722 1271/1271/728
f 1272/1272/729 1271/1271/728 1267/1267/724
f 1270/1270/761 1269/1269/760 1273/1273/762
f 1271/1271/728 1273/1273/762 1269/1269/760
f 1273/1273/762 1274/1274/763 1270/1270/761
f 1275/1275/732 1276/1276/733 1271/1271/728
f 1276/1276/733 1273/1273/762 1271/1271/728
f 1277/1277/734 1274/1274/763 1273/1273/762
f 1276/1276/733 1277/1277/734 1273/1273/762
f 1278/1278/735 1274/1274/763 1277/1277/734
f 1279/1279/736 1274/1274/763 1278/1278/735
f 1276/1276/733 1280/1280/737 1277/1277/734
f 1281/1281/738 1280/1280/737 1276/1276/733
f 1277/1277/734 1280/1280/737 1278/1278/735
f 1278/1278/735 1282/1282/764 1279/1279/736
f 1280/1280/737 1283/1283/740 1278/1278/735
f 1283/1283/740 1282/1282/764 1278/1278/735
f 1284/1284/741 1285/1285/742 1280/1280/737
f 1285/1285/742 1283/1283/740 1280/1280/737
f 1286/1286/765 1282/1282/764 1283/1283/740
f 1285/1285/742 1286/1286/765 1283/1283/740
f 1287/1287/766 1282/1282/764 1286/1286/765
f 1288/1288/767 1289/1289/746 1285/1285/742
f 1289/1289/746 1286/1286/765 1285/1285/742
f 1290/1290/768 1287/1287/766 1286/1286/765
f 1290/1290/768 1286/1286/765 1289/1289/746
f 1291/1291/769 1287/1287/766 1290/1290/768
f 1292/1292/749 1291/1291/769 1290/1290/768
f 1289/1289/746 1292/1292/749 1290/1290/768
f 1293/1293/750 1291/1291/769 1292/1292/749
f 1294/1294/751 1295/1295/752 1289/1289/746
f 1295/1295/752 1292/1292/749 1289/1289/746
f 1296/1296/753 1293/1293/750 1292/1292/749
f 1295/1295/752 1296/1296/753 1292/1292/749
f 1297/1297/754 1293/1293/750 1296/1296/753
f 1298/1298/770 1299/1299/756 1295/1295/752
f 1295/1295/752 1299/1299/756 1296/1296/753
f 1296/1296/753 1299/1299/756 1300/1300/757
f 1300/1300/757 1297/1297/754 1296/1296/753
f 1301/1301/758 1297/1297/754 1300/1300/757
f 1302/1302/771 1303/1303/772 1304/1304/773
f 1305/1305/774 1304/1304/773 1303/1303/772
f 1305/1305/774 1303/1303/772 1306/1306/775
f 1304/1304/773 1305/1305/774 1307/1307/776
f 1308/1308/777 1305/1305/774 1306/1306/775
f 1308/1308/777 1307/1307/776 1305/1305/774
f 1306/1306/775 1309/1309/778 1308/1308/777
f 1308/1308/777 1310/1310/779 1307/1307/776
f 1311/1311/780 1308/1308/777 1309/1309/778
f 1311/1311/780 1310/1310/779 1308/1308/777
f 1309/1309/778 1312/1312/781 1311/1311/780
f 1313/1313/782 1310/1310/779 1311/1311/780
f 1314/1314/783 1311/1311/780 1312/1312/781
f 1314/1314/783 1313/1313/782 1311/1311/780
f 1315/1315/784 1316/1316/785 1317/1317/786
f 1317/1317/786 1318/1318/787 1315/1315/784
f 1319/1319/788 1318/1318/787 1317/1317/786
f 1318/1318/787 1320/1320/789 1315/1315/784
f 1319/1319/788 1321/1321/790 1318/1318/787
f 1321/1321/790 1320/1320/789 1318/1318/787
f 1322/1322/791 1321/1321/790 1319/1319/788
f 1323/1323/792 1320/1320/789 1321/1321/790
f 1321/1321/790 1322/1322/791 1324/1324/793
f 1324/1324/793 1323/1323/792 1321/1321/790
f 1325/1325/794 1324/1324/793 1322/1322/791
f 1323/1323/792 1324/1324/793 1326/1326/795
f 1324/1324/793 1325/1325/794 1327/1327/796
f 1327/1327/796 1326/1326/795 1324/1324/793
f 1328/1328/797 1329/1329/798 1330/1330/799
f 1331/1331/800 1329/1329/798 1328/1328/797
f 1329/1329/798 1331/1331/800 1332/1332/801
f 1328/1328/797 1333/1333/802 1331/1331/800
f 1332/1332/801 1331/1331/800 1334/1334/803
f 1335/1335/804 1334/1334/803 1331/1331/800
f 1331/1331/800 1333/1333/802 1335/1335/804
f 1336/1336/805 1334/1334/803 1335/1335/804
f 1333/1333/802 1337/1337/806 1335/1335/804
f 1337/1337/806 1336/1336/805 1335/1335/804
f 1338/1338/807 1337/1337/806 1333/1333/802
f 1336/1336/805 1337/1337/806 1339/1339/808
f 1340/1340/809 1336/1336/805 1339/1339/808
f 1338/1338/807 1341/1341/810 1337/1337/806
f 1341/1341/810 1339/1339/808 1337/1337/806
f 1338/1338/807 1342/1342/811 1341/1341/810
f 1343/1343/812 1340/1340/809 1339/1339/808
f 1339/1339/808 1341/1341/810 1343/1343/812
f 1340/1340/809 1343/1343/812 1344/1344/813
f 1342/1342/811 1345/1345/814 1341/1341/810
f 1341/1341/810 1345/1345/814 1343/1343/812
f 1346/1346/815 1345/1345/814 1342/1342/811
f 1347/1347/816 1344/1344/813 1343/1343/812
f 1345/1345/814 1347/1347/816 1343/1343/812
f 1344/1344/813 1347/1347/816 1348/1348/817
f 1346/1346/815 1349/1349/818 1345/1345/814
f 1345/1345/814 1349/1349/818 1347/1347/816
f 1346/1346/815 1350/1350/819 1349/1349/818
f 1351/1351/820 1348/1348/817 1347/1347/816
f 1349/1349/818 1351/1351/820 1347/1347/816
f 1348/1348/817 1351/1351/820 1352/1352/821
f 1353/1353/822 1352/1352/821 1351/1351/820
f 1352/1352/821 1353/1353/822 1354/1354/823
f 1355/1355/824 1351/1351/820 1349/1349/818
f 1351/1351/820 1355/1355/824 1353/1353/822
f 1356/1356/825 1354/1354/823 1353/1353/822
f 1354/1354/823 1356/1356/825 1357/1357/826
f 1355/1355/824 1356/1356/825 1353/1353/822
f 1358/1358/827 1356/1356/825 1355/1355/824
f 1349/1349/818 1359/1359/828 1355/1355/824
f 1349/1349/818 1350/1350/819 1359/1359/828
f 1355/1355/824 1360/1360/829 1358/1358/827
f 1355/1355/824 1359/1359/828 1360/1360/829
f 1361/1361/830 1358/1358/827 1360/1360/829
f 1361/1361/830 1362/1362/831 1358/1358/827
f 1361/1361/830 1363/1363/832 1362/1362/831
f 1363/1363/832 1361/1361/830 1364/1364/833
f 1364/1364/833 1365/1365/834 1363/1363/832
f 1366/1366/835 1364/1364/833 1361/1361/830
f 1365/1365/834 1364/1364/833 1367/1367/836
f 1364/1364/833 1366/1366/835 1368/1368/837
f 1368/1368/837 1367/1367/836 1364/1364/833
f 1369/1369/838 1368/1368/837 1366/1366/835
f 1367/1367/836 1370/1370/839 1365/1365/834
f 1368/1368/837 1369/1369/838 1371/1371/840
f 1371/1371/840 1369/1369/838 1372/1372/841
f 1367/1367/836 1368/1368/837 1373/1373/842
f 1371/1371/840 1373/1373/842 1368/1368/837
f 1370/1370/839 1367/1367/836 1374/1374/843
f 1367/1367/836 1373/1373/842 1374/1374/843
f 1375/1375/844 1370/1370/839 1374/1374/843
f 1370/1370/839 1375/1375/844 1376/1376/845
f 1377/1377/846 1374/1374/843 1373/1373/842
f 1378/1378/847 1376/1376/845 1375/1375/844
f 1376/1376/845 1378/1378/847 1379/1379/848
f 1380/1380/849 1375/1375/844 1374/1374/843
f 1380/1380/849 1374/1374/843 1377/1377/846
f 1381/1381/850 1378/1378/847 1375/1375/844
f 1381/1381/850 1375/1375/844 1380/1380/849
f 1382/1382/851 1378/1378/847 1381/1381/850
f 1383/1383/852 1382/1382/851 1381/1381/850
f 1382/1382/851 1384/1384/853 1378/1378/847
f 1384/1384/853 1379/1379/848 1378/1378/847
f 1384/1384/853 1385/1385/854 1379/1379/848
f 1383/1383/852 1381/1381/850 1386/1386/855
f 1386/1386/855 1381/1381/850 1380/1380/849
f 1386/1386/855 1387/1387/856 1383/1383/852
f 1385/1385/854 1384/1384/853 1388/1388/857
f 1386/1386/855 1380/1380/849 1389/1389/858
f 1389/1389/858 1380/1380/849 1377/1377/846
f 1390/1390/859 1387/1387/856 1386/1386/855
f 1389/1389/858 1390/1390/859 1386/1386/855
f 1389/1389/858 1377/1377/846 1391/1391/860
f 1389/1389/858 1391/1391/860 1390/1390/859
f 1391/1391/860 1377/1377/846 1392/1392/861
f 1377/1377/846 1373/1373/842 1392/1392/861
f 1373/1373/842 1371/1371/840 1392/1392/861
f 1392/1392/861 1371/1371/840 1393/1393/862
f 1391/1391/860 1392/1392/861 1393/1393/862
f 1393/1393/862 1371/1371/840 1372/1372/841
f 1390/1390/859 1391/1391/860 1394/1394/863
f 1394/1394/863 1391/1391/860 1393/1393/862
f 1393/1393/862 1372/1372/841 1395/1395/864
f 1372/1372/841 1396/1396/865 1395/1395/864
f 1393/1393/862 1396/1396/865 1394/1394/863
f 1396/1396/865 1397/1397/866 1394/1394/863
f 1390/1390/859 1394/1394/863 1397/1397/866
f 1396/1396/865 1393/1393/862 1398/1398/867
f 1395/1395/864 1396/1396/865 1398/1398/867
f 1393/1393/862 1395/1395/864 1399/1399/868
f 1398/1398/867 1393/1393/862 1399/1399/868
f 1395/1395/864 1398/1398/867 1400/1400/869
f 1399/1399/868 1395/1395/864 1400/1400/869
f 1400/1400/869 1398/1398/867 1401/1401/870
f 1398/1398/867 1399/1399/868 1401/1401/870
f 1399/1399/868 1400/1400/869 1402/1402/871
f 1399/1399/868 1402/1402/871 1401/1401/870
f 1390/1390/859 1397/1397/866 1403/1403/872
f 1397/1397/866 1387/1387/856 1404/1404/873
f 1387/1387/856 1390/1390/859 1404/1404/873
f 1397/1397/866 1404/1404/873 1403/1403/872
f 1404/1404/873 1390/1390/859 1405/1405/874
f 1390/1390/859 1403/1403/872 1405/1405/874
f 1403/1403/872 1404/1404/873 1406/1406/875
f 1404/1404/873 1405/1405/874 1406/1406/875
f 1403/1403/872 1406/1406/875 1407/1407/876
f 1407/1407/876 1405/1405/874 1403/1403/872
f 1406/1406/875 1405/1405/874 1408/1408/877
f 1405/1405/874 1407/1407/876 1408/1408/877
f 1409/1409/878 1410/1410/879 1388/1388/857
f 1410/1410/879 1411/1411/880 1412/1412/881
f 1410/1410/879 1413/1413/882 1411/1411/880
f 1413/1413/882 1410/1410/879 1409/1409/878
f 1413/1413/882 1414/1414/883 1411/1411/880
f 1413/1413/882 1415/1415/884 1414/1414/883
f 1409/1409/878 1415/1415/884 1413/1413/882
f 1415/1415/884 1416/1416/885 1414/1414/883
f 1409/1409/878 1388/1388/857 1417/1417/886
f 1415/1415/884 1418/1418/887 1416/1416/885
f 1417/1417/886 1388/1388/857 1384/1384/853
f 1418/1418/887 1419/1419/888 1416/1416/885
f 1409/1409/878 1420/1420/889 1415/1415/884
f 1420/1420/889 1418/1418/887 1415/1415/884
f 1418/1418/887 1421/1421/890 1419/1419/888
f 1422/1422/891 1419/1419/888 1421/1421/890
f 1423/1423/892 1418/1418/887 1420/1420/889
f 1423/1423/892 1421/1421/890 1418/1418/887
f 1421/1421/890 1424/1424/893 1422/1422/891
f 1422/1422/891 1424/1424/893 1425/1425/894
f 1421/1421/890 1423/1423/892 1426/1426/895
f 1426/1426/895 1424/1424/893 1421/1421/890
f 1420/1420/889 1427/1427/896 1423/1423/892
f 1428/1428/897 1423/1423/892 1427/1427/896
f 1423/1423/892 1428/1428/897 1426/1426/895
f 1427/1427/896 1420/1420/889 1429/1429/898
f 1428/1428/897 1430/1430/899 1426/1426/895
f 1426/1426/895 1431/1431/900 1424/1424/893
f 1430/1430/899 1431/1431/900 1426/1426/895
f 1431/1431/900 1425/1425/894 1424/1424/893
f 1430/1430/899 1432/1432/901 1431/1431/900
f 1425/1425/894 1431/1431/900 1433/1433/902
f 1432/1432/901 1433/1433/902 1431/1431/900
f 1433/1433/902 1434/1434/903 1425/1425/894
f 1433/1433/902 1432/1432/901 1435/1435/904
f 1435/1435/904 1434/1434/903 1433/1433/902
f 1434/1434/903 1435/1435/904 1436/1436/905
f 1435/1435/904 1432/1432/901 1437/1437/906
f 1436/1436/905 1435/1435/904 1438/1438/907
f 1437/1437/906 1438/1438/907 1435/1435/904
f 1439/1439/908 1438/1438/907 1437/1437/906
f 1409/1409/878 1440/1440/909 1420/1420/889
f 1420/1420/889 1440/1440/909 1429/1429/898
f 1417/1417/886 1440/1440/909 1409/1409/878
f 1429/1429/898 1440/1440/909 1441/1441/910
f 1429/1429/898 1441/1441/910 1442/1442/911
f 1443/1443/912 1429/1429/898 1442/1442/911
f 1440/1440/909 1444/1444/913 1441/1441/910
f 1443/1443/912 1442/1442/911 1445/1445/914
f 1446/1446/915 1443/1443/912 1445/1445/914
f 1444/1444/913 1443/1443/912 1446/1446/915
f 1445/1445/914 1442/1442/911 1447/1447/916
f 1447/1447/916 1446/1446/915 1445/1445/914
f 1447/1447/916 1442/1442/911 1448/1448/917
f 1446/1446/915 1447/1447/916 1449/1449/918
f 1450/1450/919 1448/1448/917 1442/1442/911
f 1450/1450/919 1446/1446/915 1449/1449/918
f 1442/1442/911 1441/1441/910 1450/1450/919
f 1441/1441/910 1446/1446/915 1450/1450/919
f 1441/1441/910 1444/1444/913 1446/1446/915
f 1444/1444/913 1440/1440/909 1451/1451/920
f 1440/1440/909 1452/1452/921 1451/1451/920
f 1417/1417/886 1452/1452/921 1440/1440/909
f 1444/1444/913 1451/1451/920 1453/1453/922
f 1451/1451/920 1452/1452/921 1454/1454/923
f 1455/1455/924 1451/1451/920 1454/1454/923
f 1453/1453/922 1451/1451/920 1455/1455/924
f 1454/1454/923 1452/1452/921 1456/1456/925
f 1452/1452/921 1457/1457/926 1456/1456/925
f 1458/1458/927 1453/1453/922 1455/1455/924
f 1458/1458/927 1444/1444/913 1453/1453/922
f 1458/1458/927 1455/1455/924 1459/1459/928
f 1384/1384/853 1444/1444/913 1458/1458/927
f 1460/1460/929 1458/1458/927 1459/1459/928
f 1457/1457/926 1452/1452/921 1461/1461/930
f 1452/1452/921 1417/1417/886 1461/1461/930
f 1461/1461/930 1462/1462/931 1457/1457/926
f 1463/1463/932 1458/1458/927 1460/1460/929
f 1460/1460/929 1462/1462/931 1463/1463/932
f 1458/1458/927 1463/1463/932 1384/1384/853
f 1461/1461/930 1464/1464/933 1462/1462/931
f 1464/1464/933 1463/1463/932 1462/1462/931
f 1464/1464/933 1461/1461/930 1417/1417/886
f 1384/1384/853 1463/1463/932 1464/1464/933
f 1417/1417/886 1384/1384/853 1464/1464/933
f 1465/1465/934 1466/1466/935 1467/1467/936
f 1466/1466/935 1465/1465/934 1468/1468/937
f 1468/1468/937 1469/1469/938 1466/1466/935
f 1468/1468/937 1465/1465/934 1470/1470/939
f 1469/1469/938 1468/1468/937 1471/1471/940
f 1471/1471/940 1472/1472/941 1469/1469/938
f 1468/1468/937 1470/1470/939 1473/1473/942
f 1473/1473/942 1471/1471/940 1468/1468/937
f 1473/1473/942 1470/1470/939 1474/1474/943
f 1472/1472/941 1471/1471/940 1475/1475/944
f 1475/1475/944 1476/1476/945 1472/1472/941
f 1471/1471/940 1473/1473/942 1477/1477/946
f 1477/1477/946 1475/1475/944 1471/1471/940
f 1476/1476/945 1475/1475/944 1478/1478/947
f 1478/1478/947 1479/1479/948 1476/1476/945
f 1475/1475/944 1477/1477/946 1480/1480/949
f 1480/1480/949 1478/1478/947 1475/1475/944
f 1473/1473/942 1481/1481/950 1477/1477/946
f 1480/1480/949 1477/1477/946 1481/1481/950
f 1482/1482/951 1473/1473/942 1483/1483/952
f 1473/1473/942 1474/1474/943 1483/1483/952
f 1479/1479/948 1478/1478/947 1484/1484/953
f 1485/1485/954 1479/1479/948 1484/1484/953
f 1478/1478/947 1480/1480/949 1486/1486/955
f 1484/1484/953 1478/1478/947 1486/1486/955
f 1486/1486/955 1480/1480/949 1487/1487/956
f 1480/1480/949 1481/1481/950 1487/1487/956
f 1484/1484/953 1486/1486/955 1488/1488/957
f 1486/1486/955 1487/1487/956 1489/1489/958
f 1488/1488/957 1486/1486/955 1489/1489/958
f 1484/1484/953 1490/1490/959 1485/1485/954
f 1490/1490/959 1484/1484/953 1488/1488/957
f 1488/1488/957 1489/1489/958 1491/1491/960
f 1490/1490/959 1488/1488/957 1491/1491/960
f 1489/1489/958 1487/1487/956 1492/1492/961
f 1493/1493/962 1485/1485/954 1490/1490/959
f 1494/1494/963 1485/1485/954 1493/1493/962
f 1493/1493/962 1495/1495/964 1494/1494/963
f 1496/1496/965 1495/1495/964 1493/1493/962
f 1493/1493/962 1497/1497/966 1496/1496/965
f 1490/1490/959 1497/1497/966 1493/1493/962
f 1496/1496/965 1497/1497/966 1498/1498/967
f 1497/1497/966 1499/1499/968 1498/1498/967
f 1500/1500/969 1497/1497/966 1490/1490/959
f 1490/1490/959 1491/1491/960 1500/1500/969
f 1501/1501/970 1499/1499/968 1497/1497/966
f 1499/1499/968 1501/1501/970 1502/1502/971
f 1502/1502/971 1501/1501/970 1503/1503/972
f 1501/1501/970 1504/1504/973 1503/1503/972
f 1505/1505/974 1497/1497/966 1500/1500/969
f 1501/1501/970 1497/1497/966 1505/1505/974
f 1491/1491/960 1505/1505/974 1500/1500/969
f 1505/1505/974 1504/1504/973 1501/1501/970
f 1505/1505/974 1491/1491/960 1506/1506/975
f 1491/1491/960 1489/1489/958 1506/1506/975
f 1492/1492/961 1506/1506/975 1489/1489/958
f 1507/1507/976 1504/1504/973 1505/1505/974
f 1505/1505/974 1506/1506/975 1507/1507/976
f 1506/1506/975 1492/1492/961 1507/1507/976
f 1508/1508/977 1504/1504/973 1507/1507/976
f 1509/1509/978 1508/1508/977 1507/1507/976
f 1509/1509/978 1507/1507/976 1492/1492/961
f 1508/1508/977 1509/1509/978 1510/1510/979
f 1511/1511/980 1509/1509/978 1492/1492/961
f 1487/1487/956 1511/1511/980 1492/1492/961
f 1487/1487/956 1481/1481/950 1511/1511/980
f 1512/1512/981 1510/1510/979 1509/1509/978
f 1509/1509/978 1511/1511/980 1512/1512/981
f 1510/1510/979 1512/1512/981 1513/1513/982
f 1481/1481/950 1514/1514/983 1511/1511/980
f 1514/1514/983 1512/1512/981 1511/1511/980
f 1481/1481/950 1483/1483/952 1514/1514/983
f 1515/1515/984 1513/1513/982 1512/1512/981
f 1512/1512/981 1514/1514/983 1515/1515/984
f 1483/1483/952 1515/1515/984 1514/1514/983
f 1513/1513/982 1515/1515/984 1516/1516/985
f 1515/1515/984 1483/1483/952 1517/1517/986
f 1517/1517/986 1516/1516/985 1515/1515/984
f 1483/1483/952 1474/1474/943 1517/1517/986
f 1516/1516/985 1517/1517/986 1518/1518/987
f 1519/1519/988 1517/1517/986 1474/1474/943
f 1519/1519/988 1518/1518/987 1517/1517/986
f 1518/1518/987 1519/1519/988 1520/1520/989
f 1521/1521/990 1522/1522/991 1523/1523/992
f 1523/1523/992 1522/1522/991 1524/1524/993
f 1523/1523/992 1524/1524/993 1525/1525/994
f 1522/1522/991 1526/1526/995 1524/1524/993
f 1525/1525/994 1524/1524/993 1527/1527/996
f 1528/1528/997 1525/1525/994 1527/1527/996
f 1528/1528/997 1527/1527/996 1529/1529/998
f 1527/1527/996 1530/1530/999 1529/1529/998
f 1531/1531/1000 1530/1530/999 1526/1526/995
f 1524/1524/993 1532/1532/1001 1527/1527/996
f 1527/1527/996 1532/1532/1001 1530/1530/999
f 1524/1524/993 1526/1526/995 1532/1532/1001
f 1532/1532/1001 1526/1526/995 1530/1530/999
f 1533/1533/1002 1534/1534/1003 1535/1535/1004
f 1536/1536/1005 1534/1534/1003 1533/1533/1002
f 1537/1537/1006 1536/1536/1005 1533/1533/1002
f 1536/1536/1005 1538/1538/1007 1534/1534/1003
f 1539/1539/1008 1536/1536/1005 1537/1537/1006
f 1539/1539/1008 1537/1537/1006 1540/1540/1009
f 1540/1540/1009 1541/1541/1010 1539/1539/1008
f 1541/1541/1010 1542/1542/1011 1539/1539/1008
f 1538/1538/1007 1542/1542/1011 1543/1543/1012
f 1536/1536/1005 1539/1539/1008 1544/1544/1013
f 1544/1544/1013 1538/1538/1007 1536/1536/1005
f 1544/1544/1013 1539/1539/1008 1542/1542/1011
f 1538/1538/1007 1544/1544/1013 1542/1542/1011
f 1545/1545/1014 1546/1546/1015 1547/1547/1016
f 1546/1546/1015 1545/1545/1014 1548/1548/1017
f 1546/1546/1015 1548/1548/1017 1549/1549/1018
f 1545/1545/1014 1550/1550/1019 1548/1548/1017
f 1551/1551/1020 1552/1552/1021 1553/1553/1022
f 1554/1554/1023 1551/1551/1020 1553/1553/1022
f 1554/1554/1023 1553/1553/1022 1555/1555/1024
f 1555/1555/1024 1556/1556/1025 1554/1554/1023
f 1551/1551/1020 1554/1554/1023 1557/1557/1026
f 1558/1558/1027 1554/1554/1023 1556/1556/1025
f 1557/1557/1026 1554/1554/1023 1559/1559/1028
f 1554/1554/1023 1558/1558/1027 1559/1559/1028
f 1559/1559/1028 1558/1558/1027 1560/1560/1029
f 1557/1557/1026 1559/1559/1028 1561/1561/1030
f 1562/1562/1031 1559/1559/1028 1560/1560/1029
f 1561/1561/1030 1559/1559/1028 1563/1563/1032
f 1563/1563/1032 1559/1559/1028 1562/1562/1031
f 1563/1563/1032 1564/1564/1033 1561/1561/1030
f 1563/1563/1032 1562/1562/1031 1565/1565/1034
f 1566/1566/1035 1564/1564/1033 1563/1563/1032
f 1563/1563/1032 1565/1565/1034 1566/1566/1035
f 1566/1566/1035 1565/1565/1034 1567/1567/1036
f 1566/1566/1035 1568/1568/1037 1564/1564/1033
f 1566/1566/1035 1567/1567/1036 1569/1569/1038
f 1570/1570/1039 1568/1568/1037 1566/1566/1035
f 1569/1569/1038 1570/1570/1039 1566/1566/1035
f 1571/1571/1040 1570/1570/1039 1569/1569/1038
f 1568/1568/1037 1570/1570/1039 1572/1572/1041
f 1573/1573/1042 1570/1570/1039 1571/1571/1040
f 1572/1572/1041 1570/1570/1039 1574/1574/1043
f 1573/1573/1042 1574/1574/1043 1570/1570/1039
f 1575/1575/1044 1574/1574/1043 1573/1573/1042
f 1574/1574/1043 1576/1576/1045 1572/1572/1041
f 1577/1577/1046 1574/1574/1043 1575/1575/1044
f 1578/1578/1047 1576/1576/1045 1574/1574/1043
f 1577/1577/1046 1578/1578/1047 1574/1574/1043
f 1578/1578/1047 1577/1577/1046 1579/1579/1048
f 1578/1578/1047 1580/1580/1049 1576/1576/1045
f 1581/1581/1050 1578/1578/1047 1579/1579/1048
f 1578/1578/1047 1581/1581/1050 1582/1582/1051
f 1582/1582/1051 1580/1580/1049 1578/1578/1047
f 1582/1582/1051 1581/1581/1050 1583/1583/1052
f 1583/1583/1052 1584/1584/1053 1582/1582/1051
f 1585/1585/1054 1580/1580/1049 1582/1582/1051
f 1585/1585/1054 1586/1586/1055 1580/1580/1049
f 1587/1587/1056 1586/1586/1055 1585/1585/1054
f 1587/1587/1056 1585/1585/1054 1588/1588/1057
f 1588/1588/1057 1585/1585/1054 1589/1589/1058
f 1585/1585/1054 1582/1582/1051 1589/1589/1058
f 1582/1582/1051 1584/1584/1053 1590/1590/1059
f 1589/1589/1058 1582/1582/1051 1590/1590/1059
f 1590/1590/1059 1584/1584/1053 1591/1591/1060
f 1590/1590/1059 1592/1592/1061 1589/1589/1058
f 1591/1591/1060 1593/1593/1062 1590/1590/1059
f 1590/1590/1059 1594/1594/1063 1592/1592/1061
f 1590/1590/1059 1593/1593/1062 1594/1594/1063
f 1593/1593/1062 1595/1595/1064 1594/1594/1063
f 1594/1594/1063 1596/1596/1065 1592/1592/1061
f 1595/1595/1064 1597/1597/1066 1594/1594/1063
f 1598/1598/1067 1596/1596/1065 1594/1594/1063
f 1594/1594/1063 1597/1597/1066 1598/1598/1067
f 1597/1597/1066 1599/1599/1068 1598/1598/1067
f 1600/1600/1069 1596/1596/1065 1598/1598/1067
f 1599/1599/1068 1601/1601/1070 1598/1598/1067
f 1598/1598/1067 1602/1602/1071 1600/1600/1069
f 1598/1598/1067 1601/1601/1070 1602/1602/1071
f 1603/1603/1072 1602/1602/1071 1601/1601/1070
f 1600/1600/1069 1602/1602/1071 1604/1604/1073
f 1605/1605/1074 1602/1602/1071 1603/1603/1072
f 1606/1606/1075 1604/1604/1073 1602/1602/1071
f 1606/1606/1075 1602/1602/1071 1605/1605/1074
f 1607/1607/1076 1604/1604/1073 1606/1606/1075
f 1608/1608/1077 1606/1606/1075 1605/1605/1074
f 1609/1609/1078 1607/1607/1076 1606/1606/1075
f 1608/1608/1077 1609/1609/1078 1606/1606/1075
f 1610/1610/1079 1609/1609/1078 1608/1608/1077
f 1611/1611/1080 1607/1607/1076 1609/1609/1078
f 1610/1610/1079 1612/1612/1081 1609/1609/1078
f 1613/1613/1082 1611/1611/1080 1609/1609/1078
f 1609/1609/1078 1612/1612/1081 1613/1613/1082
f 1614/1614/1083 1613/1613/1082 1612/1612/1081
f 1614/1614/1083 1615/1615/1084 1613/1613/1082
f 1616/1616/1085 1611/1611/1080 1613/1613/1082
f 1617/1617/1086 1613/1613/1082 1615/1615/1084
f 1613/1613/1082 1617/1617/1086 1616/1616/1085
f 1617/1617/1086 1618/1618/1087 1616/1616/1085
f 1619/1619/1088 1620/1620/1089 1621/1621/1090
f 1621/1621/1090 1622/1622/1091 1619/1619/1088
f 1622/1622/1091 1621/1621/1090 1623/1623/1092
f 1619/1619/1088 1622/1622/1091 1624/1624/1093
f 1625/1625/990 1626/1626/991 1627/1627/992
f 1627/1627/992 1626/1626/991 1628/1628/993
f 1627/1627/992 1628/1628/993 1629/1629/994
f 1626/1626/991 1630/1630/1094 1628/1628/993
f 1629/1629/994 1628/1628/993 1631/1631/1095
f 1632/1632/1096 1629/1629/994 1631/1631/1095
f 1632/1632/1096 1631/1631/1095 1633/1633/1097
f 1631/1631/1095 1634/1634/1098 1633/1633/1097
f 1635/1635/1099 1634/1634/1098 1630/1630/1094
f 1628/1628/993 1636/1636/1100 1631/1631/1095
f 1631/1631/1095 1636/1636/1100 1634/1634/1098
f 1628/1628/993 1630/1630/1094 1636/1636/1100
f 1636/1636/1100 1630/1630/1094 1634/1634/1098
f 1637/1637/1002 1638/1638/1003 1639/1639/1101
f 1640/1640/1005 1638/1638/1003 1637/1637/1002
f 1641/1641/1006 1640/1640/1005 1637/1637/1002
f 1640/1640/1005 1642/1642/1102 1638/1638/1003
f 1643/1643/1103 1640/1640/1005 1641/1641/1006
f 1643/1643/1103 1641/1641/1006 1644/1644/1104
f 1644/1644/1104 1645/1645/1105 1643/1643/1103
f 1645/1645/1105 1646/1646/1106 1643/1643/1103
f 1642/1642/1102 1646/1646/1106 1647/1647/1107
f 1640/1640/1005 1643/1643/1103 1648/1648/1108
f 1648/1648/1108 1642/1642/1102 1640/1640/1005
f 1648/1648/1108 1643/1643/1103 1646/1646/1106
f 1642/1642/1102 1648/1648/1108 1646/1646/1106
f 1649/1649/1014 1650/1650/1015 1651/1651/1016
f 1650/1650/1015 1649/1649/1014 1652/1652/1017
f 1650/1650/1015 1652/1652/1017 1653/1653/1018
f 1649/1649/1014 1654/1654/1019 1652/1652/1017
f 1655/1655/1020 1656/1656/1021 1657/1657/1022
f 1658/1658/1023 1655/1655/1020 1657/1657/1022
f 1658/1658/1023 1657/1657/1022 1659/1659/1024
f 1659/1659/1024 1660/1660/1025 1658/1658/1023
f 1655/1655/1020 1658/1658/1023 1661/1661/1026
f 1662/1662/1027 1658/1658/1023 1660/1660/1025
f 1661/1661/1026 1658/1658/1023 1663/1663/1028
f 1658/1658/1023 1662/1662/1027 1663/1663/1028
f 1663/1663/1028 1662/1662/1027 1664/1664/1029
f 1661/1661/1026 1663/1663/1028 1665/1665/1030
f 1666/1666/1031 1663/1663/1028 1664/1664/1029
f 1665/1665/1030 1663/1663/1028 1667/1667/1032
f 1667/1667/1032 1663/1663/1028 1666/1666/1031
f 1667/1667/1032 1668/1668/1033 1665/1665/1030
f 1667/1667/1032 1666/1666/1031 1669/1669/1034
f 1670/1670/1035 1668/1668/1033 1667/1667/1032
f 1667/1667/1032 1669/1669/1034 1670/1670/1035
f 1670/1670/1035 1669/1669/1034 1671/1671/1036
f 1670/1670/1035 1672/1672/1037 1668/1668/1033
f 1670/1670/1035 1671/1671/1036 1673/1673/1038
f 1674/1674/1039 1672/1672/1037 1670/1670/1035
f 1673/1673/1038 1674/1674/1039 1670/1670/1035
f 1675/1675/1040 1674/1674/1039 1673/1673/1038
f 1672/1672/1037 1674/1674/1039 1676/1676/1041
f 1677/1677/1042 1674/1674/1039 1675/1675/1040
f 1676/1676/1041 1674/1674/1039 1678/1678/1043
f 1677/1677/1042 1678/1678/1043 1674/1674/1039
f 1679/1679/1044 1678/1678/1043 1677/1677/1042
f 1678/1678/1043 1680/1680/1045 1676/1676/1041
f 1681/1681/1046 1678/1678/1043 1679/1679/1044
f 1682/1682/1047 1680/1680/1045 1678/1678/1043
f 1681/1681/1046 1682/1682/1047 1678/1678/1043
f 1682/1682/1047 1681/1681/1046 1683/1683/1048
f 1682/1682/1047 1684/1684/1049 1680/1680/1045
f 1685/1685/1050 1682/1682/1047 1683/1683/1048
f 1682/1682/1047 1685/1685/1050 1686/1686/1051
f 1686/1686/1051 1684/1684/1049 1682/1682/1047
f 1686/1686/1051 1685/1685/1050 1687/1687/1052
f 1687/1687/1052 1688/1688/1053 1686/1686/1051
f 1689/1689/1054 1684/1684/1049 1686/1686/1051
f 1689/1689/1054 1690/1690/1055 1684/1684/1049
f 1691/1691/1056 1690/1690/1055 1689/1689/1054
f 1691/1691/1056 1689/1689/1054 1692/1692/1057
f 1692/1692/1057 1689/1689/1054 1693/1693/1058
f 1689/1689/1054 1686/1686/1051 1693/1693/1058
f 1686/1686/1051 1688/1688/1053 1694/1694/1059
f 1693/1693/1058 1686/1686/1051 1694/1694/1059
f 1694/1694/1059 1688/1688/1053 1695/1695/1060
f 1694/1694/1059 1696/1696/1061 1693/1693/1058
f 1695/1695/1060 1697/1697/1062 1694/1694/1059
f 1694/1694/1059 1698/1698/1063 1696/1696/1061
f 1694/1694/1059 1697/1697/1062 1698/1698/1063
f 1697/1697/1062 1699/1699/1064 1698/1698/1063
f 1698/1698/1063 1700/1700/1065 1696/1696/1061
f 1699/1699/1064 1701/1701/1066 1698/1698/1063
f 1702/1702/1067 1700/1700/1065 1698/1698/1063
f 1698/1698/1063 1701/1701/1066 1702/1702/1067
f 1701/1701/1066 1703/1703/1068 1702/1702/1067
f 1704/1704/1069 1700/1700/1065 1702/1702/1067
f 1703/1703/1068 1705/1705/1070 1702/1702/1067
f 1702/1702/1067 1706/1706/1071 1704/1704/1069
f 1702/1702/1067 1705/1705/1070 1706/1706/1071
f 1707/1707/1072 1706/1706/1071 1705/1705/1070
f 1704/1704/1069 1706/1706/1071 1708/1708/1073
f 1709/1709/1074 1706/1706/1071 1707/1707/1072
f 1710/1710/1075 1708/1708/1073 1706/1706/1071
f 1710/1710/1075 1706/1706/1071 1709/1709/1074
f 1711/1711/1076 1708/1708/1073 1710/1710/1075
f 1712/1712/1077 1710/1710/1075 1709/1709/1074
f 1713/1713/1078 1711/1711/1076 1710/1710/1075
f 1712/1712/1077 1713/1713/1078 1710/1710/1075
f 1714/1714/1079 1713/1713/1078 1712/1712/1077
f 1715/1715/1080 1711/1711/1076 1713/1713/1078
f 1714/1714/1079 1716/1716/1081 1713/1713/1078
f 1717/1717/1082 1715/1715/1080 1713/1713/1078
f 1713/1713/1078 1716/1716/1081 1717/1717/1082
f 1718/1718/1083 1717/1717/1082 1716/1716/1081
f 1718/1718/1083 1719/1719/1084 1717/1717/1082
f 1720/1720/1085 1715/1715/1080 1717/1717/1082
f 1721/1721/1086 1717/1717/1082 1719/1719/1084
f 1717/1717/1082 1721/1721/1086 1720/1720/1085
f 1721/1721/1086 1722/1722/1087 1720/1720/1085
f 1723/1723/1088 1724/1724/1089 1725/1725/1090
f 1725/1725/1090 1726/1726/1091 1723/1723/1088
f 1726/1726/1091 1725/1725/1090 1727/1727/1092
f 1723/1723/1088 1726/1726/1091 1728/1728/1093
f 1729/1729/1109 1730/1730/1110 1731/1731/1111
f 1731/1731/1111 1732/1732/1112 1729/1729/1109
f 1733/1733/1113 1732/1732/1112 1731/1731/1111
f 1733/1733/1113 1734/1734/1114 1732/1732/1112
f 1735/1735/1115 1733/1733/1113 1731/1731/1111
f 1735/1735/1115 1731/1731/1111 1736/1736/1116
f 1737/1737/1116 1735/1735/1115 1736/1736/1116
f 1738/1738/1116 1735/1735/1115 1737/1737/1116
f 1738/1738/1116 1739/1739/1116 1735/1735/1115
f 1739/1739/1116 1740/1740/1116 1735/1735/1115
f 1740/1740/1116 1741/1741/1117 1735/1735/1115
f 1742/1742/1118 1733/1733/1113 1735/1735/1115
f 1735/1735/1115 1741/1741/1117 1742/1742/1118
f 1742/1742/1118 1734/1734/1114 1733/1733/1113
f 1742/1742/1118 1741/1741/1117 1743/1743/1119
f 1744/1744/1120 1734/1734/1114 1742/1742/1118
f 1744/1744/1120 1742/1742/1118 1743/1743/1119
f 1745/1745/1121 1746/1746/1122 1747/1747/1123
f 1746/1746/1122 1745/1745/1121 1748/1748/1124
f 1749/1749/1125 1746/1746/1122 1748/1748/1124
f 1749/1749/1125 1748/1748/1124 1750/1750/1126
f 1751/1751/1127 1746/1746/1122 1749/1749/1125
f 1751/1751/1127 1752/1752/1116 1746/1746/1122
f 1753/1753/1116 1752/1752/1116 1751/1751/1127
f 1754/1754/1116 1753/1753/1116 1751/1751/1127
f 1754/1754/1116 1751/1751/1127 1755/1755/1116
f 1755/1755/1116 1751/1751/1127 1756/1756/1116
f 1756/1756/1116 1751/1751/1127 1757/1757/1128
f 1758/1758/1129 1751/1751/1127 1749/1749/1125
f 1751/1751/1127 1758/1758/1129 1757/1757/1128
f 1758/1758/1129 1749/1749/1125 1750/1750/1126
f 1758/1758/1129 1759/1759/1130 1757/1757/1128
f 1760/1760/1131 1758/1758/1129 1750/1750/1126
f 1760/1760/1131 1759/1759/1130 1758/1758/1129
f 1761/1761/1132 1762/1762/1133 1763/1763/1134
f 1761/1761/1132 1763/1763/1134 1764/1764/1135
f 1761/1761/1132 1765/1765/1136 1766/1766/1137
f 1767/1767/1138 1765/1765/1136 1761/1761/1132
f 1764/1764/1135 1768/1768/1139 1761/1761/1132
f 1768/1768/1139 1767/1767/1138 1761/1761/1132
f 1768/1768/1139 1764/1764/1135 1769/1769/1140
f 1767/1767/1138 1768/1768/1139 1770/1770/1140
f 1771/1771/1141 1772/1772/1142 1773/1773/1143
f 1772/1772/1142 1774/1774/1144 1773/1773/1143
f 1774/1774/1144 1772/1772/1142 1775/1775/1145
f 1775/1775/1145 1776/1776/1146 1774/1774/1144
f 1777/1777/1147 1773/1773/1143 1774/1774/1144
f 1773/1773/1143 1777/1777/1147 1778/1778/1148
f 1777/1777/1147 1779/1779/1149 1778/1778/1148
f 1777/1777/1147 1780/1780/1150 1779/1779/1149
f 1781/1781/1151 1774/1774/1144 1776/1776/1146
f 1777/1777/1147 1774/1774/1144 1781/1781/1151
f 1782/1782/1152 1780/1780/1150 1777/1777/1147
f 1781/1781/1151 1782/1782/1152 1777/1777/1147
f 1780/1780/1150 1782/1782/1152 1783/1783/1153
f 1782/1782/1152 1784/1784/1154 1783/1783/1153
f 1776/1776/1146 1785/1785/1155 1781/1781/1151
f 1785/1785/1155 1776/1776/1146 1786/1786/1156
f 1787/1787/1157 1785/1785/1155 1786/1786/1156
f 1781/1781/1151 1788/1788/1158 1782/1782/1152
f 1788/1788/1158 1781/1781/1151 1785/1785/1155
f 1784/1784/1154 1782/1782/1152 1788/1788/1158
f 1785/1785/1155 1787/1787/1157 1789/1789/1159
f 1789/1789/1159 1788/1788/1158 1785/1785/1155
f 1790/1790/1160 1789/1789/1159 1787/1787/1157
f 1791/1791/1161 1784/1784/1154 1788/1788/1158
f 1788/1788/1158 1789/1789/1159 1791/1791/1161
f 1784/1784/1154 1791/1791/1161 1792/1792/1162
f 1793/1793/1163 1789/1789/1159 1790/1790/1160
f 1793/1793/1163 1791/1791/1161 1789/1789/1159
f 1794/1794/1164 1792/1792/1162 1791/1791/1161
f 1791/1791/1161 1793/1793/1163 1794/1794/1164
f 1792/1792/1162 1794/1794/1164 1795/1795/1165
f 1794/1794/1164 1796/1796/1166 1795/1795/1165
f 1796/1796/1166 1794/1794/1164 1797/1797/1167
f 1794/1794/1164 1793/1793/1163 1797/1797/1167
f 1796/1796/1166 1797/1797/1167 1798/1798/1168
f 1799/1799/1169 1793/1793/1163 1790/1790/1160
f 1799/1799/1169 1797/1797/1167 1793/1793/1163
f 1790/1790/1160 1800/1800/1170 1799/1799/1169
f 1801/1801/1171 1798/1798/1168 1797/1797/1167
f 1799/1799/1169 1801/1801/1171 1797/1797/1167
f 1798/1798/1168 1801/1801/1171 1802/1802/1172
f 1800/1800/1170 1803/1803/1173 1799/1799/1169
f 1801/1801/1171 1799/1799/1169 1803/1803/1173
f 1803/1803/1173 1800/1800/1170 1804/1804/1174
f 1805/1805/1175 1803/1803/1173 1804/1804/1174
f 1803/1803/1173 1805/1805/1175 1806/1806/1176
f 1806/1806/1176 1801/1801/1171 1803/1803/1173
f 1807/1807/1177 1806/1806/1176 1805/1805/1175
f 1808/1808/1178 1802/1802/1172 1801/1801/1171
f 1801/1801/1171 1806/1806/1176 1808/1808/1178
f 1802/1802/1172 1808/1808/1178 1809/1809/1179
f 1806/1806/1176 1807/1807/1177 1810/1810/1180
f 1810/1810/1180 1808/1808/1178 1806/1806/1176
f 1811/1811/1181 1809/1809/1179 1808/1808/1178
f 1808/1808/1178 1810/1810/1180 1811/1811/1181
f 1809/1809/1179 1811/1811/1181 1812/1812/1182
f 1807/1807/1177 1813/1813/1183 1810/1810/1180
f 1813/1813/1183 1807/1807/1177 1814/1814/1184
f 1811/1811/1181 1810/1810/1180 1815/1815/1185
f 1815/1815/1185 1812/1812/1182 1811/1811/1181
f 1813/1813/1183 1815/1815/1185 1810/1810/1180
f 1812/1812/1182 1815/1815/1185 1816/1816/1186
f 1814/1814/1184 1817/1817/1187 1813/1813/1183
f 1817/1817/1187 1814/1814/1184 1818/1818/1188
f 1813/1813/1183 1819/1819/1189 1815/1815/1185
f 1819/1819/1189 1813/1813/1183 1817/1817/1187
f 1819/1819/1189 1816/1816/1186 1815/1815/1185
f 1820/1820/1190 1817/1817/1187 1818/1818/1188
f 1821/1821/1191 1816/1816/1186 1819/1819/1189
f 1821/1821/1191 1822/1822/1192 1816/1816/1186
f 1822/1822/1192 1821/1821/1191 1823/1823/1193
f 1824/1824/1194 1819/1819/1189 1817/1817/1187
f 1824/1824/1194 1821/1821/1191 1819/1819/1189
f 1817/1817/1187 1820/1820/1190 1824/1824/1194
f 1825/1825/1195 1823/1823/1193 1821/1821/1191
f 1821/1821/1191 1824/1824/1194 1825/1825/1195
f 1823/1823/1193 1825/1825/1195 1826/1826/1196
f 1820/1820/1190 1827/1827/1197 1824/1824/1194
f 1827/1827/1197 1825/1825/1195 1824/1824/1194
f 1827/1827/1197 1820/1820/1190 1828/1828/1198
f 1829/1829/1199 1826/1826/1196 1825/1825/1195
f 1828/1828/1198 1830/1830/1200 1827/1827/1197
f 1825/1825/1195 1827/1827/1197 1830/1830/1200
f 1830/1830/1200 1829/1829/1199 1825/1825/1195
f 1830/1830/1200 1828/1828/1198 1831/1831/1201
f 1832/1832/1202 1830/1830/1200 1831/1831/1201
f 1832/1832/1202 1833/1833/1203 1830/1830/1200
f 1833/1833/1203 1834/1834/1204 1830/1830/1200
f 1835/1835/1205 1826/1826/1196 1829/1829/1199
f 1830/1830/1200 1835/1835/1205 1829/1829/1199
f 1835/1835/1205 1836/1836/1206 1826/1826/1196
f 1837/1837/1207 1830/1830/1200 1834/1834/1204
f 1835/1835/1205 1830/1830/1200 1837/1837/1207
f 1838/1838/1208 1837/1837/1207 1834/1834/1204
f 1839/1839/1209 1836/1836/1206 1835/1835/1205
f 1839/1839/1209 1840/1840/1210 1836/1836/1206
f 1835/1835/1205 1837/1837/1207 1841/1841/1211
f 1837/1837/1207 1838/1838/1208 1841/1841/1211
f 1841/1841/1211 1839/1839/1209 1835/1835/1205
f 1839/1839/1209 1842/1842/1212 1840/1840/1210
f 1838/1838/1208 1843/1843/1213 1841/1841/1211
f 1843/1843/1213 1838/1838/1208 1844/1844/1214
f 1845/1845/1215 1843/1843/1213 1844/1844/1214
f 1841/1841/1211 1846/1846/1216 1839/1839/1209
f 1846/1846/1216 1841/1841/1211 1843/1843/1213
f 1842/1842/1212 1839/1839/1209 1846/1846/1216
f 1843/1843/1213 1845/1845/1215 1847/1847/1217
f 1847/1847/1217 1846/1846/1216 1843/1843/1213
f 1848/1848/1218 1847/1847/1217 1845/1845/1215
f 1849/1849/1219 1842/1842/1212 1846/1846/1216
f 1847/1847/1217 1849/1849/1219 1846/1846/1216
f 1849/1849/1219 1850/1850/1220 1842/1842/1212
f 1847/1847/1217 1848/1848/1218 1851/1851/1221
f 1851/1851/1221 1849/1849/1219 1847/1847/1217
f 1852/1852/1222 1850/1850/1220 1849/1849/1219
f 1851/1851/1221 1852/1852/1222 1849/1849/1219
f 1852/1852/1222 1853/1853/1223 1850/1850/1220
f 1848/1848/1218 1854/1854/1224 1851/1851/1221
f 1853/1853/1223 1852/1852/1222 1855/1855/1225
f 1851/1851/1221 1855/1855/1225 1852/1852/1222
f 1855/1855/1225 1851/1851/1221 1854/1854/1224
f 1853/1853/1223 1855/1855/1225 1856/1856/1226
f 1854/1854/1224 1848/1848/1218 1857/1857/1227
f 1856/1856/1226 1855/1855/1225 1858/1858/1228
f 1854/1854/1224 1858/1858/1228 1855/1855/1225
f 1856/1856/1226 1858/1858/1228 1859/1859/1229
f 1857/1857/1227 1860/1860/1230 1854/1854/1224
f 1858/1858/1228 1854/1854/1224 1860/1860/1230
f 1860/1860/1230 1857/1857/1227 1861/1861/1231
f 1862/1862/1232 1860/1860/1230 1861/1861/1231
f 1860/1860/1230 1862/1862/1232 1863/1863/1233
f 1858/1858/1228 1860/1860/1230 1863/1863/1233
f 1862/1862/1232 1864/1864/1234 1863/1863/1233
f 1859/1859/1229 1858/1858/1228 1865/1865/1235
f 1858/1858/1228 1863/1863/1233 1865/1865/1235
f 1859/1859/1229 1865/1865/1235 1866/1866/1236
f 1867/1867/1237 1863/1863/1233 1864/1864/1234
f 1865/1865/1235 1863/1863/1233 1867/1867/1237
f 1866/1866/1236 1865/1865/1235 1868/1868/1238
f 1865/1865/1235 1867/1867/1237 1868/1868/1238
f 1866/1866/1236 1868/1868/1238 1869/1869/1239
f 1868/1868/1238 1870/1870/1240 1869/1869/1239
f 1870/1870/1240 1868/1868/1238 1871/1871/1241
f 1867/1867/1237 1871/1871/1241 1868/1868/1238
f 1871/1871/1241 1872/1872/1242 1870/1870/1240
f 1873/1873/1243 1867/1867/1237 1864/1864/1234
f 1871/1871/1241 1867/1867/1237 1873/1873/1243
f 1864/1864/1234 1874/1874/1244 1873/1873/1243
f 1872/1872/1242 1871/1871/1241 1875/1875/1245
f 1873/1873/1243 1875/1875/1245 1871/1871/1241
f 1874/1874/1244 1876/1876/1246 1873/1873/1243
f 1875/1875/1245 1873/1873/1243 1876/1876/1246
f 1876/1876/1246 1874/1874/1244 1877/1877/1247
f 1878/1878/1248 1876/1876/1246 1877/1877/1247
f 1879/1879/1249 1872/1872/1242 1875/1875/1245
f 1872/1872/1242 1879/1879/1249 1880/1880/1250
f 1879/1879/1249 1881/1881/1251 1880/1880/1250
f 1882/1882/1252 1875/1875/1245 1876/1876/1246
f 1875/1875/1245 1882/1882/1252 1879/1879/1249
f 1876/1876/1246 1878/1878/1248 1882/1882/1252
f 1881/1881/1251 1879/1879/1249 1883/1883/1253
f 1879/1879/1249 1882/1882/1252 1883/1883/1253
f 1883/1883/1253 1884/1884/1254 1881/1881/1251
f 1884/1884/1254 1883/1883/1253 1885/1885/1255
f 1886/1886/1256 1885/1885/1255 1883/1883/1253
f 1887/1887/1257 1882/1882/1252 1878/1878/1248
f 1887/1887/1257 1883/1883/1253 1882/1882/1252
f 1883/1883/1253 1887/1887/1257 1886/1886/1256
f 1878/1878/1248 1888/1888/1258 1887/1887/1257
f 1889/1889/1259 1887/1887/1257 1888/1888/1258
f 1887/1887/1257 1889/1889/1259 1886/1886/1256
f 1890/1890/1260 1886/1886/1256 1889/1889/1259
f 1891/1891/1141 1892/1892/1142 1893/1893/1143
f 1892/1892/1142 1894/1894/1144 1893/1893/1143
f 1894/1894/1144 1892/1892/1142 1895/1895/1145
f 1895/1895/1145 1896/1896/1146 1894/1894/1144
f 1897/1897/1147 1893/1893/1143 1894/1894/1144
f 1893/1893/1143 1897/1897/1147 1898/1898/1148
f 1897/1897/1147 1899/1899/1149 1898/1898/1148
f 1897/1897/1147 1900/1900/1150 1899/1899/1149
f 1901/1901/1151 1894/1894/1144 1896/1896/1146
f 1897/1897/1147 1894/1894/1144 1901/1901/1151
f 1902/1902/1152 1900/1900/1150 1897/1897/1147
f 1901/1901/1151 1902/1902/1152 1897/1897/1147
f 1900/1900/1150 1902/1902/1152 1903/1903/1153
f 1902/1902/1152 1904/1904/1154 1903/1903/1153
f 1896/1896/1146 1905/1905/1155 1901/1901/1151
f 1905/1905/1155 1896/1896/1146 1906/1906/1156
f 1907/1907/1157 1905/1905/1155 1906/1906/1156
f 1901/1901/1151 1908/1908/1158 1902/1902/1152
f 1908/1908/1158 1901/1901/1151 1905/1905/1155
f 1904/1904/1154 1902/1902/1152 1908/1908/1158
f 1905/1905/1155 1907/1907/1157 1909/1909/1159
f 1909/1909/1159 1908/1908/1158 1905/1905/1155
f 1910/1910/1160 1909/1909/1159 1907/1907/1157
f 1911/1911/1161 1904/1904/1154 1908/1908/1158
f 1908/1908/1158 1909/1909/1159 1911/1911/1161
f 1904/1904/1154 1911/1911/1161 1912/1912/1162
f 1913/1913/1163 1909/1909/1159 1910/1910/1160
f 1913/1913/1163 1911/1911/1161 1909/1909/1159
f 1914/1914/1164 1912/1912/1162 1911/1911/1161
f 1911/1911/1161 1913/1913/1163 1914/1914/1164
f 1912/1912/1162 1914/1914/1164 1915/1915/1165
f 1914/1914/1164 1916/1916/1166 1915/1915/1165
f 1916/1916/1166 1914/1914/1164 1917/1917/1167
f 1914/1914/1164 1913/1913/1163 1917/1917/1167
f 1916/1916/1166 1917/1917/1167 1918/1918/1168
f 1919/1919/1169 1913/1913/1163 1910/1910/1160
f 1919/1919/1169 1917/1917/1167 1913/1913/1163
f 1910/1910/1160 1920/1920/1170 1919/1919/1169
f 1921/1921/1171 1918/1918/1168 1917/1917/1167
f 1919/1919/1169 1921/1921/1171 1917/1917/1167
f 1918/1918/1168 1921/1921/1171 1922/1922/1172
f 1920/1920/1170 1923/1923/1173 1919/1919/1169
f 1921/1921/1171 1919/1919/1169 1923/1923/1173
f 1923/1923/1173 1920/1920/1170 1924/1924/1174
f 1925/1925/1175 1923/1923/1173 1924/1924/1174
f 1923/1923/1173 1925/1925/1175 1926/1926/1176
f 1926/1926/1176 1921/1921/1171 1923/1923/1173
f 1927/1927/1177 1926/1926/1176 1925/1925/1175
f 1928/1928/1178 1922/1922/1172 1921/1921/1171
f 1921/1921/1171 1926/1926/1176 1928/1928/1178
f 1922/1922/1172 1928/1928/1178 1929/1929/1179
f 1926/1926/1176 1927/1927/1177 1930/1930/1261
f 1930/1930/1261 1928/1928/1178 1926/1926/1176
f 1931/1931/1181 1929/1929/1179 1928/1928/1178
f 1928/1928/1178 1930/1930/1261 1931/1931/1181
f 1929/1929/1179 1931/1931/1181 1932/1932/1182
f 1927/1927/1177 1933/1933/1183 1930/1930/1261
f 1933/1933/1183 1927/1927/1177 1934/1934/1262
f 1931/1931/1181 1930/1930/1261 1935/1935/1185
f 1935/1935/1185 1932/1932/1182 1931/1931/1181
f 1933/1933/1183 1935/1935/1185 1930/1930/1261
f 1932/1932/1182 1935/1935/1185 1936/1936/1186
f 1934/1934/1262 1937/1937/1187 1933/1933/1183
f 1937/1937/1187 1934/1934/1262 1938/1938/1188
f 1933/1933/1183 1939/1939/1189 1935/1935/1185
f 1939/1939/1189 1933/1933/1183 1937/1937/1187
f 1939/1939/1189 1936/1936/1186 1935/1935/1185
f 1940/1940/1263 1937/1937/1187 1938/1938/1188
f 1941/1941/1191 1936/1936/1186 1939/1939/1189
f 1941/1941/1191 1942/1942/1192 1936/1936/1186
f 1942/1942/1192 1941/1941/1191 1943/1943/1193
f 1944/1944/1194 1939/1939/1189 1937/1937/1187
f 1944/1944/1194 1941/1941/1191 1939/1939/1189
f 1937/1937/1187 1940/1940/1263 1944/1944/1194
f 1945/1945/1195 1943/1943/1193 1941/1941/1191
f 1941/1941/1191 1944/1944/1194 1945/1945/1195
f 1943/1943/1193 1945/1945/1195 1946/1946/1196
f 1940/1940/1263 1947/1947/1264 1944/1944/1194
f 1947/1947/1264 1945/1945/1195 1944/1944/1194
f 1947/1947/1264 1940/1940/1263 1948/1948/1265
f 1949/1949/1199 1946/1946/1196 1945/1945/1195
f 1948/1948/1265 1950/1950/1200 1947/1947/1264
f 1945/1945/1195 1947/1947/1264 1950/1950/1200
f 1950/1950/1200 1949/1949/1199 1945/1945/1195
f 1950/1950/1200 1948/1948/1265 1951/1951/1201
f 1952/1952/1202 1950/1950/1200 1951/1951/1201
f 1952/1952/1202 1953/1953/1266 1950/1950/1200
f 1953/1953/1266 1954/1954/1267 1950/1950/1200
f 1955/1955/1205 1946/1946/1196 1949/1949/1199
f 1950/1950/1200 1955/1955/1205 1949/1949/1199
f 1955/1955/1205 1956/1956/1206 1946/1946/1196
f 1957/1957/1207 1950/1950/1200 1954/1954/1267
f 1955/1955/1205 1950/1950/1200 1957/1957/1207
f 1958/1958/1208 1957/1957/1207 1954/1954/1267
f 1959/1959/1209 1956/1956/1206 1955/1955/1205
f 1959/1959/1209 1960/1960/1210 1956/1956/1206
f 1955/1955/1205 1957/1957/1207 1961/1961/1211
f 1957/1957/1207 1958/1958/1208 1961/1961/1211
f 1961/1961/1211 1959/1959/1209 1955/1955/1205
f 1959/1959/1209 1962/1962/1212 1960/1960/1210
f 1958/1958/1208 1963/1963/1213 1961/1961/1211
f 1963/1963/1213 1958/1958/1208 1964/1964/1214
f 1965/1965/1268 1963/1963/1213 1964/1964/1214
f 1961/1961/1211 1966/1966/1216 1959/1959/1209
f 1966/1966/1216 1961/1961/1211 1963/1963/1213
f 1962/1962/1212 1959/1959/1209 1966/1966/1216
f 1963/1963/1213 1965/1965/1268 1967/1967/1269
f 1967/1967/1269 1966/1966/1216 1963/1963/1213
f 1968/1968/1218 1967/1967/1269 1965/1965/1268
f 1969/1969/1219 1962/1962/1212 1966/1966/1216
f 1967/1967/1269 1969/1969/1219 1966/1966/1216
f 1969/1969/1219 1970/1970/1220 1962/1962/1212
f 1967/1967/1269 1968/1968/1218 1971/1971/1270
f 1971/1971/1270 1969/1969/1219 1967/1967/1269
f 1972/1972/1222 1970/1970/1220 1969/1969/1219
f 1971/1971/1270 1972/1972/1222 1969/1969/1219
f 1972/1972/1222 1973/1973/1223 1970/1970/1220
f 1968/1968/1218 1974/1974/1224 1971/1971/1270
f 1973/1973/1223 1972/1972/1222 1975/1975/1225
f 1971/1971/1270 1975/1975/1225 1972/1972/1222
f 1975/1975/1225 1971/1971/1270 1974/1974/1224
f 1973/1973/1223 1975/1975/1225 1976/1976/1226
f 1974/1974/1224 1968/1968/1218 1977/1977/1271
f 1976/1976/1226 1975/1975/1225 1978/1978/1228
f 1974/1974/1224 1978/1978/1228 1975/1975/1225
f 1976/1976/1226 1978/1978/1228 1979/1979/1229
f 1977/1977/1271 1980/1980/1230 1974/1974/1224
f 1978/1978/1228 1974/1974/1224 1980/1980/1230
f 1980/1980/1230 1977/1977/1271 1981/1981/1231
f 1982/1982/1232 1980/1980/1230 1981/1981/1231
f 1980/1980/1230 1982/1982/1232 1983/1983/1233
f 1978/1978/1228 1980/1980/1230 1983/1983/1233
f 1982/1982/1232 1984/1984/1272 1983/1983/1233
f 1979/1979/1229 1978/1978/1228 1985/1985/1235
f 1978/1978/1228 1983/1983/1233 1985/1985/1235
f 1979/1979/1229 1985/1985/1235 1986/1986/1273
f 1987/1987/1274 1983/1983/1233 1984/1984/1272
f 1985/1985/1235 1983/1983/1233 1987/1987/1274
f 1986/1986/1273 1985/1985/1235 1988/1988/1238
f 1985/1985/1235 1987/1987/1274 1988/1988/1238
f 1986/1986/1273 1988/1988/1238 1989/1989/1239
f 1988/1988/1238 1990/1990/1240 1989/1989/1239
f 1990/1990/1240 1988/1988/1238 1991/1991/1241
f 1987/1987/1274 1991/1991/1241 1988/1988/1238
f 1991/1991/1241 1992/1992/1242 1990/1990/1240
f 1993/1993/1243 1987/1987/1274 1984/1984/1272
f 1991/1991/1241 1987/1987/1274 1993/1993/1243
f 1984/1984/1272 1994/1994/1244 1993/1993/1243
f 1992/1992/1242 1991/1991/1241 1995/1995/1245
f 1993/1993/1243 1995/1995/1245 1991/1991/1241
f 1994/1994/1244 1996/1996/1246 1993/1993/1243
f 1995/1995/1245 1993/1993/1243 1996/1996/1246
f 1996/1996/1246 1994/1994/1244 1997/1997/1247
f 1998/1998/1275 1996/1996/1246 1997/1997/1247
f 1999/1999/1249 1992/1992/1242 1995/1995/1245
f 1992/1992/1242 1999/1999/1249 2000/2000/1250
f 1999/1999/1249 2001/2001/1251 2000/2000/1250
f 2002/2002/1252 1995/1995/1245 1996/1996/1246
f 1995/1995/1245 2002/2002/1252 1999/1999/1249
f 1996/1996/1246 1998/1998/1275 2002/2002/1252
f 2001/2001/1251 1999/1999/1249 2003/2003/1253
f 1999/1999/1249 2002/2002/1252 2003/2003/1253
f 2003/2003/1253 2004/2004/1254 2001/2001/1251
f 2004/2004/1254 2003/2003/1253 2005/2005/1255
f 2006/2006/1256 2005/2005/1255 2003/2003/1253
f 2007/2007/1257 2002/2002/1252 1998/1998/1275
f 2007/2007/1257 2003/2003/1253 2002/2002/1252
f 2003/2003/1253 2007/2007/1257 2006/2006/1256
f 1998/1998/1275 2008/2008/1258 2007/2007/1257
f 2009/2009/1259 2007/2007/1257 2008/2008/1258
f 2007/2007/1257 2009/2009/1259 2006/2006/1256
f 2010/2010/1276 2006/2006/1256 2009/2009/1259
f 2011/2011/1260 2012/2012/1256 2013/2013/1259
f 2014/2014/1257 2013/2013/1259 2012/2012/1256
f 2013/2013/1259 2014/2014/1257 2015/2015/1258
f 2016/2016/1248 2015/2015/1258 2014/2014/1257
f 2017/2017/1253 2014/2014/1257 2012/2012/1256
f 2012/2012/1256 2018/2018/1255 2017/2017/1253
f 2019/2019/1254 2017/2017/1253 2018/2018/1255
f 2017/2017/1253 2019/2019/1254 2020/2020/1251
f 2014/2014/1257 2021/2021/1252 2016/2016/1248
f 2014/2014/1257 2017/2017/1253 2021/2021/1252
f 2020/2020/1251 2022/2022/1249 2017/2017/1253
f 2022/2022/1249 2021/2021/1252 2017/2017/1253
f 2022/2022/1249 2020/2020/1251 2023/2023/1250
f 2024/2024/1242 2022/2022/1249 2023/2023/1250
f 2025/2025/1246 2016/2016/1248 2021/2021/1252
f 2016/2016/1248 2025/2025/1246 2026/2026/1247
f 2025/2025/1246 2027/2027/1244 2026/2026/1247
f 2028/2028/1245 2021/2021/1252 2022/2022/1249
f 2021/2021/1252 2028/2028/1245 2025/2025/1246
f 2022/2022/1249 2024/2024/1242 2028/2028/1245
f 2027/2027/1244 2025/2025/1246 2029/2029/1243
f 2028/2028/1245 2029/2029/1243 2025/2025/1246
f 2030/2030/1272 2027/2027/1244 2029/2029/1243
f 2024/2024/1242 2031/2031/1241 2028/2028/1245
f 2029/2029/1243 2028/2028/1245 2031/2031/1241
f 2031/2031/1241 2024/2024/1242 2032/2032/1240
f 2029/2029/1243 2033/2033/1274 2030/2030/1272
f 2031/2031/1241 2033/2033/1274 2029/2029/1243
f 2032/2032/1240 2034/2034/1238 2031/2031/1241
f 2033/2033/1274 2031/2031/1241 2034/2034/1238
f 2034/2034/1238 2032/2032/1240 2035/2035/1239
f 2036/2036/1236 2034/2034/1238 2035/2035/1239
f 2036/2036/1236 2037/2037/1235 2034/2034/1238
f 2037/2037/1235 2033/2033/1274 2034/2034/1238
f 2038/2038/1229 2037/2037/1235 2036/2036/1236
f 2033/2033/1274 2039/2039/1233 2030/2030/1272
f 2037/2037/1235 2039/2039/1233 2033/2033/1274
f 2040/2040/1232 2030/2030/1272 2039/2039/1233
f 2038/2038/1229 2041/2041/1228 2037/2037/1235
f 2041/2041/1228 2039/2039/1233 2037/2037/1235
f 2042/2042/1226 2041/2041/1228 2038/2038/1229
f 2043/2043/1230 2040/2040/1232 2039/2039/1233
f 2041/2041/1228 2043/2043/1230 2039/2039/1233
f 2040/2040/1232 2043/2043/1230 2044/2044/1231
f 2043/2043/1230 2045/2045/1227 2044/2044/1231
f 2042/2042/1226 2046/2046/1225 2041/2041/1228
f 2045/2045/1227 2043/2043/1230 2047/2047/1224
f 2041/2041/1228 2047/2047/1224 2043/2043/1230
f 2047/2047/1224 2041/2041/1228 2046/2046/1225
f 2047/2047/1224 2048/2048/1218 2045/2045/1227
f 2049/2049/1223 2046/2046/1225 2042/2042/1226
f 2048/2048/1218 2047/2047/1224 2050/2050/1221
f 2046/2046/1225 2050/2050/1221 2047/2047/1224
f 2049/2049/1223 2051/2051/1222 2046/2046/1225
f 2050/2050/1221 2046/2046/1225 2051/2051/1222
f 2051/2051/1222 2049/2049/1223 2052/2052/1220
f 2053/2053/1217 2048/2048/1218 2050/2050/1221
f 2048/2048/1218 2053/2053/1217 2054/2054/1215
f 2050/2050/1221 2051/2051/1222 2055/2055/1219
f 2051/2051/1222 2052/2052/1220 2055/2055/1219
f 2050/2050/1221 2055/2055/1219 2053/2053/1217
f 2055/2055/1219 2052/2052/1220 2056/2056/1212
f 2057/2057/1213 2054/2054/1215 2053/2053/1217
f 2054/2054/1215 2057/2057/1213 2058/2058/1214
f 2053/2053/1217 2055/2055/1219 2059/2059/1216
f 2055/2055/1219 2056/2056/1212 2059/2059/1216
f 2053/2053/1217 2059/2059/1216 2057/2057/1213
f 2057/2057/1213 2060/2060/1208 2058/2058/1214
f 2056/2056/1212 2061/2061/1209 2059/2059/1216
f 2061/2061/1209 2056/2056/1212 2062/2062/1210
f 2061/2061/1209 2062/2062/1210 2063/2063/1277
f 2059/2059/1216 2064/2064/1211 2057/2057/1213
f 2064/2064/1211 2059/2059/1216 2061/2061/1209
f 2060/2060/1208 2057/2057/1213 2064/2064/1211
f 2061/2061/1209 2063/2063/1277 2065/2065/1278
f 2064/2064/1211 2061/2061/1209 2065/2065/1278
f 2065/2065/1278 2063/2063/1277 2066/2066/1279
f 2067/2067/1280 2060/2060/1208 2064/2064/1211
f 2065/2065/1278 2067/2067/1280 2064/2064/1211
f 2060/2060/1208 2067/2067/1280 2068/2068/1204
f 2065/2065/1278 2066/2066/1279 2069/2069/1281
f 2067/2067/1280 2070/2070/1200 2068/2068/1204
f 2065/2065/1278 2070/2070/1200 2067/2067/1280
f 2070/2070/1200 2065/2065/1278 2069/2069/1281
f 2071/2071/1203 2068/2068/1204 2070/2070/1200
f 2072/2072/1202 2071/2071/1203 2070/2070/1200
f 2072/2072/1202 2070/2070/1200 2073/2073/1201
f 2070/2070/1200 2074/2074/1198 2073/2073/1201
f 2066/2066/1279 2075/2075/1282 2069/2069/1281
f 2070/2070/1200 2069/2069/1281 2075/2075/1282
f 2075/2075/1282 2066/2066/1279 2076/2076/1283
f 2074/2074/1198 2070/2070/1200 2077/2077/1264
f 2075/2075/1282 2077/2077/1264 2070/2070/1200
f 2077/2077/1264 2078/2078/1190 2074/2074/1198
f 2075/2075/1282 2076/2076/1283 2079/2079/1191
f 2080/2080/1192 2079/2079/1191 2076/2076/1283
f 2077/2077/1264 2075/2075/1282 2081/2081/1194
f 2078/2078/1190 2077/2077/1264 2081/2081/1194
f 2079/2079/1191 2081/2081/1194 2075/2075/1282
f 2079/2079/1191 2080/2080/1192 2082/2082/1186
f 2083/2083/1187 2078/2078/1190 2081/2081/1194
f 2078/2078/1190 2083/2083/1187 2084/2084/1188
f 2083/2083/1187 2085/2085/1184 2084/2084/1188
f 2081/2081/1194 2079/2079/1191 2086/2086/1284
f 2081/2081/1194 2086/2086/1284 2083/2083/1187
f 2079/2079/1191 2082/2082/1186 2086/2086/1284
f 2085/2085/1184 2083/2083/1187 2087/2087/1285
f 2086/2086/1284 2087/2087/1285 2083/2083/1187
f 2087/2087/1285 2088/2088/1177 2085/2085/1184
f 2086/2086/1284 2082/2082/1186 2089/2089/1185
f 2087/2087/1285 2086/2086/1284 2089/2089/1185
f 2090/2090/1182 2089/2089/1185 2082/2082/1186
f 2088/2088/1177 2087/2087/1285 2091/2091/1261
f 2089/2089/1185 2091/2091/1261 2087/2087/1285
f 2089/2089/1185 2090/2090/1182 2092/2092/1181
f 2091/2091/1261 2089/2089/1185 2092/2092/1181
f 2093/2093/1179 2092/2092/1181 2090/2090/1182
f 2094/2094/1286 2088/2088/1177 2091/2091/1261
f 2093/2093/1179 2095/2095/1178 2092/2092/1181
f 2095/2095/1178 2091/2091/1261 2092/2092/1181
f 2091/2091/1261 2095/2095/1178 2094/2094/1286
f 2095/2095/1178 2093/2093/1179 2096/2096/1172
f 2088/2088/1177 2094/2094/1286 2097/2097/1175
f 2096/2096/1172 2098/2098/1171 2095/2095/1178
f 2098/2098/1171 2094/2094/1286 2095/2095/1178
f 2098/2098/1171 2096/2096/1172 2099/2099/1168
f 2100/2100/1173 2097/2097/1175 2094/2094/1286
f 2094/2094/1286 2098/2098/1171 2100/2100/1173
f 2097/2097/1175 2100/2100/1173 2101/2101/1174
f 2100/2100/1173 2102/2102/1170 2101/2101/1174
f 2102/2102/1170 2100/2100/1173 2103/2103/1169
f 2098/2098/1171 2103/2103/1169 2100/2100/1173
f 2104/2104/1160 2102/2102/1170 2103/2103/1169
f 2099/2099/1168 2105/2105/1167 2098/2098/1171
f 2103/2103/1169 2098/2098/1171 2105/2105/1167
f 2105/2105/1167 2099/2099/1168 2106/2106/1166
f 2103/2103/1169 2107/2107/1163 2104/2104/1160
f 2103/2103/1169 2105/2105/1167 2107/2107/1163
f 2105/2105/1167 2106/2106/1166 2108/2108/1164
f 2108/2108/1164 2107/2107/1163 2105/2105/1167
f 2109/2109/1165 2108/2108/1164 2106/2106/1166
f 2110/2110/1162 2108/2108/1164 2109/2109/1165
f 2108/2108/1164 2110/2110/1162 2111/2111/1161
f 2111/2111/1161 2107/2107/1163 2108/2108/1164
f 2112/2112/1154 2111/2111/1161 2110/2110/1162
f 2107/2107/1163 2113/2113/1159 2104/2104/1160
f 2107/2107/1163 2111/2111/1161 2113/2113/1159
f 2104/2104/1160 2113/2113/1159 2114/2114/1157
f 2111/2111/1161 2112/2112/1154 2115/2115/1158
f 2115/2115/1158 2113/2113/1159 2111/2111/1161
f 2116/2116/1155 2114/2114/1157 2113/2113/1159
f 2113/2113/1159 2115/2115/1158 2116/2116/1155
f 2114/2114/1157 2116/2116/1155 2117/2117/1156
f 2116/2116/1155 2118/2118/1146 2117/2117/1156
f 2112/2112/1154 2119/2119/1152 2115/2115/1158
f 2119/2119/1152 2112/2112/1154 2120/2120/1153
f 2121/2121/1150 2119/2119/1152 2120/2120/1153
f 2115/2115/1158 2122/2122/1151 2116/2116/1155
f 2122/2122/1151 2115/2115/1158 2119/2119/1152
f 2118/2118/1146 2116/2116/1155 2122/2122/1151
f 2119/2119/1152 2121/2121/1150 2123/2123/1147
f 2122/2122/1151 2119/2119/1152 2123/2123/1147
f 2123/2123/1147 2121/2121/1150 2124/2124/1149
f 2123/2123/1147 2124/2124/1149 2125/2125/1148
f 2126/2126/1143 2123/2123/1147 2125/2125/1148
f 2122/2122/1151 2127/2127/1144 2118/2118/1146
f 2123/2123/1147 2127/2127/1144 2122/2122/1151
f 2123/2123/1147 2126/2126/1143 2127/2127/1144
f 2128/2128/1145 2118/2118/1146 2127/2127/1144
f 2127/2127/1144 2129/2129/1142 2128/2128/1145
f 2129/2129/1142 2127/2127/1144 2126/2126/1143
f 2130/2130/1141 2129/2129/1142 2126/2126/1143
f 2131/2131/1276 2132/2132/1256 2133/2133/1259
f 2134/2134/1257 2133/2133/1259 2132/2132/1256
f 2133/2133/1259 2134/2134/1257 2135/2135/1258
f 2136/2136/1248 2135/2135/1258 2134/2134/1257
f 2137/2137/1253 2134/2134/1257 2132/2132/1256
f 2132/2132/1256 2138/2138/1255 2137/2137/1253
f 2139/2139/1254 2137/2137/1253 2138/2138/1255
f 2137/2137/1253 2139/2139/1254 2140/2140/1251
f 2134/2134/1257 2141/2141/1252 2136/2136/1248
f 2134/2134/1257 2137/2137/1253 2141/2141/1252
f 2140/2140/1251 2142/2142/1249 2137/2137/1253
f 2142/2142/1249 2141/2141/1252 2137/2137/1253
f 2142/2142/1249 2140/2140/1251 2143/2143/1250
f 2144/2144/1242 2142/2142/1249 2143/2143/1250
f 2145/2145/1246 2136/2136/1248 2141/2141/1252
f 2136/2136/1248 2145/2145/1246 2146/2146/1247
f 2145/2145/1246 2147/2147/1244 2146/2146/1247
f 2148/2148/1245 2141/2141/1252 2142/2142/1249
f 2141/2141/1252 2148/2148/1245 2145/2145/1246
f 2142/2142/1249 2144/2144/1242 2148/2148/1245
f 2147/2147/1244 2145/2145/1246 2149/2149/1243
f 2148/2148/1245 2149/2149/1243 2145/2145/1246
f 2150/2150/1272 2147/2147/1244 2149/2149/1243
f 2144/2144/1242 2151/2151/1241 2148/2148/1245
f 2149/2149/1243 2148/2148/1245 2151/2151/1241
f 2151/2151/1241 2144/2144/1242 2152/2152/1240
f 2149/2149/1243 2153/2153/1274 2150/2150/1272
f 2151/2151/1241 2153/2153/1274 2149/2149/1243
f 2152/2152/1240 2154/2154/1238 2151/2151/1241
f 2153/2153/1274 2151/2151/1241 2154/2154/1238
f 2154/2154/1238 2152/2152/1240 2155/2155/1239
f 2156/2156/1236 2154/2154/1238 2155/2155/1239
f 2156/2156/1236 2157/2157/1235 2154/2154/1238
f 2157/2157/1235 2153/2153/1274 2154/2154/1238
f 2158/2158/1229 2157/2157/1235 2156/2156/1236
f 2153/2153/1274 2159/2159/1233 2150/2150/1272
f 2157/2157/1235 2159/2159/1233 2153/2153/1274
f 2160/2160/1232 2150/2150/1272 2159/2159/1233
f 2158/2158/1229 2161/2161/1228 2157/2157/1235
f 2161/2161/1228 2159/2159/1233 2157/2157/1235
f 2162/2162/1226 2161/2161/1228 2158/2158/1229
f 2163/2163/1230 2160/2160/1232 2159/2159/1233
f 2161/2161/1228 2163/2163/1230 2159/2159/1233
f 2160/2160/1232 2163/2163/1230 2164/2164/1231
f 2163/2163/1230 2165/2165/1227 2164/2164/1231
f 2162/2162/1226 2166/2166/1225 2161/2161/1228
f 2165/2165/1227 2163/2163/1230 2167/2167/1287
f 2161/2161/1228 2167/2167/1287 2163/2163/1230
f 2167/2167/1287 2161/2161/1228 2166/2166/1225
f 2167/2167/1287 2168/2168/1218 2165/2165/1227
f 2169/2169/1223 2166/2166/1225 2162/2162/1226
f 2168/2168/1218 2167/2167/1287 2170/2170/1221
f 2166/2166/1225 2170/2170/1221 2167/2167/1287
f 2169/2169/1223 2171/2171/1222 2166/2166/1225
f 2170/2170/1221 2166/2166/1225 2171/2171/1222
f 2171/2171/1222 2169/2169/1223 2172/2172/1220
f 2173/2173/1269 2168/2168/1218 2170/2170/1221
f 2168/2168/1218 2173/2173/1269 2174/2174/1215
f 2170/2170/1221 2171/2171/1222 2175/2175/1219
f 2171/2171/1222 2172/2172/1220 2175/2175/1219
f 2170/2170/1221 2175/2175/1219 2173/2173/1269
f 2175/2175/1219 2172/2172/1220 2176/2176/1212
f 2177/2177/1213 2174/2174/1215 2173/2173/1269
f 2174/2174/1215 2177/2177/1213 2178/2178/1214
f 2173/2173/1269 2175/2175/1219 2179/2179/1216
f 2175/2175/1219 2176/2176/1212 2179/2179/1216
f 2173/2173/1269 2179/2179/1216 2177/2177/1213
f 2177/2177/1213 2180/2180/1208 2178/2178/1214
f 2176/2176/1212 2181/2181/1209 2179/2179/1216
f 2181/2181/1209 2176/2176/1212 2182/2182/1210
f 2181/2181/1209 2182/2182/1210 2183/2183/1277
f 2179/2179/1216 2184/2184/1211 2177/2177/1213
f 2184/2184/1211 2179/2179/1216 2181/2181/1209
f 2180/2180/1208 2177/2177/1213 2184/2184/1211
f 2181/2181/1209 2183/2183/1277 2185/2185/1278
f 2184/2184/1211 2181/2181/1209 2185/2185/1278
f 2185/2185/1278 2183/2183/1277 2186/2186/1279
f 2187/2187/1280 2180/2180/1208 2184/2184/1211
f 2185/2185/1278 2187/2187/1280 2184/2184/1211
f 2180/2180/1208 2187/2187/1280 2188/2188/1204
f 2185/2185/1278 2186/2186/1279 2189/2189/1281
f 2187/2187/1280 2190/2190/1200 2188/2188/1204
f 2185/2185/1278 2190/2190/1200 2187/2187/1280
f 2190/2190/1200 2185/2185/1278 2189/2189/1281
f 2191/2191/1203 2188/2188/1204 2190/2190/1200
f 2192/2192/1202 2191/2191/1203 2190/2190/1200
f 2192/2192/1202 2190/2190/1200 2193/2193/1288
f 2190/2190/1200 2194/2194/1265 2193/2193/1288
f 2186/2186/1279 2195/2195/1282 2189/2189/1281
f 2190/2190/1200 2189/2189/1281 2195/2195/1282
f 2195/2195/1282 2186/2186/1279 2196/2196/1283
f 2194/2194/1265 2190/2190/1200 2197/2197/1264
f 2195/2195/1282 2197/2197/1264 2190/2190/1200
f 2197/2197/1264 2198/2198/1190 2194/2194/1265
f 2195/2195/1282 2196/2196/1283 2199/2199/1191
f 2200/2200/1192 2199/2199/1191 2196/2196/1283
f 2197/2197/1264 2195/2195/1282 2201/2201/1194
f 2198/2198/1190 2197/2197/1264 2201/2201/1194
f 2199/2199/1191 2201/2201/1194 2195/2195/1282
f 2199/2199/1191 2200/2200/1192 2202/2202/1186
f 2203/2203/1187 2198/2198/1190 2201/2201/1194
f 2198/2198/1190 2203/2203/1187 2204/2204/1188
f 2203/2203/1187 2205/2205/1262 2204/2204/1188
f 2201/2201/1194 2199/2199/1191 2206/2206/1189
f 2201/2201/1194 2206/2206/1189 2203/2203/1187
f 2199/2199/1191 2202/2202/1186 2206/2206/1189
f 2205/2205/1262 2203/2203/1187 2207/2207/1183
f 2206/2206/1189 2207/2207/1183 2203/2203/1187
f 2207/2207/1183 2208/2208/1177 2205/2205/1262
f 2206/2206/1189 2202/2202/1186 2209/2209/1185
f 2207/2207/1183 2206/2206/1189 2209/2209/1185
f 2210/2210/1182 2209/2209/1185 2202/2202/1186
f 2208/2208/1177 2207/2207/1183 2211/2211/1180
f 2209/2209/1185 2211/2211/1180 2207/2207/1183
f 2209/2209/1185 2210/2210/1182 2212/2212/1181
f 2211/2211/1180 2209/2209/1185 2212/2212/1181
f 2213/2213/1179 2212/2212/1181 2210/2210/1182
f 2214/2214/1286 2208/2208/1177 2211/2211/1180
f 2213/2213/1179 2215/2215/1178 2212/2212/1181
f 2215/2215/1178 2211/2211/1180 2212/2212/1181
f 2211/2211/1180 2215/2215/1178 2214/2214/1286
f 2215/2215/1178 2213/2213/1179 2216/2216/1172
f 2208/2208/1177 2214/2214/1286 2217/2217/1175
f 2216/2216/1172 2218/2218/1171 2215/2215/1178
f 2218/2218/1171 2214/2214/1286 2215/2215/1178
f 2218/2218/1171 2216/2216/1172 2219/2219/1168
f 2220/2220/1173 2217/2217/1175 2214/2214/1286
f 2214/2214/1286 2218/2218/1171 2220/2220/1173
f 2217/2217/1175 2220/2220/1173 2221/2221/1174
f 2220/2220/1173 2222/2222/1170 2221/2221/1174
f 2222/2222/1170 2220/2220/1173 2223/2223/1169
f 2218/2218/1171 2223/2223/1169 2220/2220/1173
f 2224/2224/1160 2222/2222/1170 2223/2223/1169
f 2219/2219/1168 2225/2225/1167 2218/2218/1171
f 2223/2223/1169 2218/2218/1171 2225/2225/1167
f 2225/2225/1167 2219/2219/1168 2226/2226/1166
f 2223/2223/1169 2227/2227/1163 2224/2224/1160
f 2223/2223/1169 2225/2225/1167 2227/2227/1163
f 2225/2225/1167 2226/2226/1166 2228/2228/1164
f 2228/2228/1164 2227/2227/1163 2225/2225/1167
f 2229/2229/1165 2228/2228/1164 2226/2226/1166
f 2230/2230/1162 2228/2228/1164 2229/2229/1165
f 2228/2228/1164 2230/2230/1162 2231/2231/1161
f 2231/2231/1161 2227/2227/1163 2228/2228/1164
f 2232/2232/1154 2231/2231/1161 2230/2230/1162
f 2227/2227/1163 2233/2233/1159 2224/2224/1160
f 2227/2227/1163 2231/2231/1161 2233/2233/1159
f 2224/2224/1160 2233/2233/1159 2234/2234/1157
f 2231/2231/1161 2232/2232/1154 2235/2235/1158
f 2235/2235/1158 2233/2233/1159 2231/2231/1161
f 2236/2236/1155 2234/2234/1157 2233/2233/1159
f 2233/2233/1159 2235/2235/1158 2236/2236/1155
f 2234/2234/1157 2236/2236/1155 2237/2237/1156
f 2236/2236/1155 2238/2238/1146 2237/2237/1156
f 2232/2232/1154 2239/2239/1152 2235/2235/1158
f 2239/2239/1152 2232/2232/1154 2240/2240/1153
f 2241/2241/1150 2239/2239/1152 2240/2240/1153
f 2235/2235/1158 2242/2242/1151 2236/2236/1155
f 2242/2242/1151 2235/2235/1158 2239/2239/1152
f 2238/2238/1146 2236/2236/1155 2242/2242/1151
f 2239/2239/1152 2241/2241/1150 2243/2243/1147
f 2242/2242/1151 2239/2239/1152 2243/2243/1147
f 2243/2243/1147 2241/2241/1150 2244/2244/1149
f 2243/2243/1147 2244/2244/1149 2245/2245/1148
f 2246/2246/1143 2243/2243/1147 2245/2245/1148
f 2242/2242/1151 2247/2247/1144 2238/2238/1146
f 2243/2243/1147 2247/2247/1144 2242/2242/1151
f 2243/2243/1147 2246/2246/1143 2247/2247/1144
f 2248/2248/1145 2238/2238/1146 2247/2247/1144
f 2247/2247/1144 2249/2249/1142 2248/2248/1145
f 2249/2249/1142 2247/2247/1144 2246/2246/1143
f 2250/2250/1289 2249/2249/1142 2246/2246/1143
f 2251/2251/201 2252/2252/201 2253/2253/201
f 2252/2252/201 2254/2254/201 2253/2253/201
f 2254/2254/201 2255/2255/201 2253/2253/201
f 2255/2255/201 2256/2256/201 2253/2253/201
f 2256/2256/201 2257/2257/202 2253/2253/201
f 2257/2257/202 2258/2258/201 2253/2253/201
f 2258/2258/201 2259/2259/1290 2253/2253/201
f 2253/2253/201 2259/2259/1290 2260/2260/1291
f 2261/2261/201 2262/2262/201 2263/2263/201
f 2263/2263/201 2262/2262/201 2264/2264/201
f 2264/2264/201 2262/2262/201 2265/2265/201
f 2265/2265/201 2262/2262/201 2266/2266/201
f 2266/2266/201 2262/2262/201 2267/2267/202
f 2267/2267/202 2262/2262/201 2268/2268/201
f 2268/2268/201 2262/2262/201 2269/2269/1290
f 2262/2262/201 2270/2270/1292 2269/2269/1290
f 2271/2271/201 2272/2272/201 2273/2273/201
f 2272/2272/201 2274/2274/201 2273/2273/201
f 2274/2274/201 2275/2275/201 2273/2273/201
f 2275/2275/201 2276/2276/201 2273/2273/201
f 2276/2276/201 2277/2277/202 2273/2273/201
f 2277/2277/202 2278/2278/201 2273/2273/201
f 2278/2278/201 2279/2279/1290 2273/2273/201
f 2273/2273/201 2279/2279/1290 2280/2280/1291
f 2281/2281/201 2282/2282/201 2283/2283/201
f 2283/2283/201 2282/2282/201 2284/2284/201
f 2284/2284/201 2282/2282/201 2285/2285/201
f 2285/2285/201 2282/2282/201 2286/2286/201
f 2286/2286/201 2282/2282/201 2287/2287/202
f 2287/2287/202 2282/2282/201 2288/2288/201
f 2288/2288/201 2282/2282/201 2289/2289/1290
f 2282/2282/201 2290/2290/1292 2289/2289/1290
f 2291/2291/201 2292/2292/201 2293/2293/201
f 2293/2293/201 2292/2292/201 2294/2294/201
f 2294/2294/201 2292/2292/201 2295/2295/201
f 2295/2295/201 2292/2292/201 2296/2296/201
f 2296/2296/201 2292/2292/201 2297/2297/202
f 2297/2297/202 2292/2292/201 2298/2298/201
f 2298/2298/201 2292/2292/201 2299/2299/1290
f 2292/2292/201 2300/2300/1292 2299/2299/1290
f 2301/2301/201 2302/2302/201 2303/2303/201
f 2302/2302/201 2304/2304/201 2303/2303/201
f 2304/2304/201 2305/2305/201 2303/2303/201
f 2305/2305/201 2306/2306/201 2303/2303/201
f 2306/2306/201 2307/2307/202 2303/2303/201
f 2307/2307/202 2308/2308/201 2303/2303/201
f 2308/2308/201 2309/2309/1290 2303/2303/201
f 2303/2303/201 2309/2309/1290 2310/2310/1291
f 2311/2311/201 2312/2312/201 2313/2313/201
f 2313/2313/201 2312/2312/201 2314/2314/201
f 2314/2314/201 2312/2312/201 2315/2315/201
f 2315/2315/201 2312/2312/201 2316/2316/201
f 2316/2316/201 2312/2312/201 2317/2317/202
f 2317/2317/202 2312/2312/201 2318/2318/201
f 2318/2318/201 2312/2312/201 2319/2319/1290
f 2312/2312/201 2320/2320/1292 2319/2319/1290
f 2321/2321/201 2322/2322/201 2323/2323/201
f 2322/2322/201 2324/2324/201 2323/2323/201
f 2324/2324/201 2325/2325/201 2323/2323/201
f 2325/2325/201 2326/2326/201 2323/2323/201
f 2326/2326/201 2327/2327/202 2323/2323/201
f 2327/2327/202 2328/2328/201 2323/2323/201
f 2328/2328/201 2329/2329/1290 2323/2323/201
f 2323/2323/201 2329/2329/1290 2330/2330/1291
f 2331/2331/1293 2332/2332/1294 2333/2333/1295
f 2334/2334/1296 2332/2332/1294 2331/2331/1293
f 2335/2335/1297 2331/2331/1293 2333/2333/1295
f 2334/2334/1296 2331/2331/1293 2336/2336/1298
f 2336/2336/1298 2337/2337/1299 2334/2334/1296
f 2338/2338/1300 2331/2331/1293 2335/2335/1297
f 2331/2331/1293 2338/2338/1300 2336/2336/1298
f 2339/2339/1301 2338/2338/1300 2335/2335/1297
f 2340/2340/1302 2338/2338/1300 2339/2339/1301
f 2341/2341/1303 2337/2337/1299 2336/2336/1298
f 2337/2337/1299 2341/2341/1303 2342/2342/1304
f 2336/2336/1298 2338/2338/1300 2343/2343/1305
f 2338/2338/1300 2340/2340/1302 2343/2343/1305
f 2343/2343/1305 2341/2341/1303 2336/2336/1298
f 2340/2340/1302 2344/2344/1306 2343/2343/1305
f 2341/2341/1303 2345/2345/1307 2342/2342/1304
f 2345/2345/1307 2341/2341/1303 2343/2343/1305
f 2343/2343/1305 2344/2344/1306 2345/2345/1307
f 2342/2342/1304 2345/2345/1307 2346/2346/1308
f 2344/2344/1306 2346/2346/1308 2345/2345/1307
f 2347/2347/1309 2348/2348/1310 2349/2349/1311
f 2349/2349/1311 2350/2350/1312 2347/2347/1309
f 2349/2349/1311 2348/2348/1310 2351/2351/1313
f 2352/2352/1314 2350/2350/1312 2349/2349/1311
f 2350/2350/1312 2352/2352/1314 2353/2353/1315
f 2353/2353/1315 2352/2352/1314 2354/2354/1316
f 2351/2351/1313 2355/2355/1317 2349/2349/1311
f 2349/2349/1311 2355/2355/1317 2352/2352/1314
f 2351/2351/1313 2356/2356/1318 2355/2355/1317
f 2352/2352/1314 2357/2357/1319 2354/2354/1316
f 2352/2352/1314 2355/2355/1317 2357/2357/1319
f 2354/2354/1316 2357/2357/1319 2358/2358/1320
f 2355/2355/1317 2356/2356/1318 2359/2359/1321
f 2355/2355/1317 2359/2359/1321 2357/2357/1319
f 2356/2356/1318 2360/2360/1322 2359/2359/1321
f 2358/2358/1320 2357/2357/1319 2361/2361/1323
f 2357/2357/1319 2359/2359/1321 2361/2361/1323
f 2359/2359/1321 2360/2360/1322 2361/2361/1323
f 2358/2358/1320 2361/2361/1323 2362/2362/1324
f 2361/2361/1323 2360/2360/1322 2362/2362/1324
f 2363/2363/1325 2364/2364/1326 2365/2365/1327
f 2365/2365/1327 2366/2366/1328 2363/2363/1325
f 2364/2364/1326 2367/2367/1329 2365/2365/1327
f 2365/2365/1327 2368/2368/1330 2366/2366/1328
f 2369/2369/1331 2365/2365/1327 2367/2367/1329
f 2367/2367/1329 2370/2370/1332 2369/2369/1331
f 2368/2368/1330 2365/2365/1327 2371/2371/1333
f 2365/2365/1327 2369/2369/1331 2371/2371/1333
f 2368/2368/1330 2371/2371/1333 2372/2372/1334
f 2371/2371/1333 2373/2373/1335 2372/2372/1334
f 2373/2373/1335 2371/2371/1333 2374/2374/1336
f 2375/2375/1337 2374/2374/1336 2371/2371/1333
f 2371/2371/1333 2369/2369/1331 2375/2375/1337
f 2375/2375/1337 2376/2376/1338 2374/2374/1336
f 2377/2377/1339 2369/2369/1331 2370/2370/1332
f 2370/2370/1332 2378/2378/1340 2377/2377/1339
f 2379/2379/1341 2375/2375/1337 2369/2369/1331
f 2379/2379/1341 2369/2369/1331 2377/2377/1339
f 2376/2376/1338 2375/2375/1337 2380/2380/1342
f 2375/2375/1337 2379/2379/1341 2380/2380/1342
f 2380/2380/1342 2381/2381/1343 2376/2376/1338
f 2380/2380/1342 2382/2382/1344 2381/2381/1343
f 2383/2383/1345 2382/2382/1344 2380/2380/1342
f 2384/2384/1346 2380/2380/1342 2379/2379/1341
f 2384/2384/1346 2383/2383/1345 2380/2380/1342
f 2379/2379/1341 2377/2377/1339 2384/2384/1346
f 2383/2383/1345 2384/2384/1346 2385/2385/1347
f 2386/2386/1348 2385/2385/1347 2384/2384/1346
f 2384/2384/1346 2387/2387/1349 2386/2386/1348
f 2387/2387/1349 2384/2384/1346 2377/2377/1339
f 2388/2388/1350 2386/2386/1348 2387/2387/1349
f 2387/2387/1349 2377/2377/1339 2389/2389/1351
f 2378/2378/1340 2389/2389/1351 2377/2377/1339
f 2378/2378/1340 2390/2390/1352 2389/2389/1351
f 2387/2387/1349 2391/2391/1353 2388/2388/1350
f 2390/2390/1352 2388/2388/1350 2391/2391/1353
f 2391/2391/1353 2387/2387/1349 2389/2389/1351
f 2390/2390/1352 2391/2391/1353 2389/2389/1351
f 2392/2392/1354 2393/2393/1355 2394/2394/1356
f 2395/2395/1357 2394/2394/1356 2393/2393/1355
f 2396/2396/1358 2392/2392/1354 2394/2394/1356
f 2397/2397/1359 2394/2394/1356 2395/2395/1357
f 2394/2394/1356 2398/2398/1360 2396/2396/1358
f 2399/2399/1361 2396/2396/1358 2398/2398/1360
f 2394/2394/1356 2397/2397/1359 2400/2400/1362
f 2394/2394/1356 2400/2400/1362 2398/2398/1360
f 2397/2397/1359 2401/2401/1363 2400/2400/1362
f 2400/2400/1362 2401/2401/1363 2402/2402/1364
f 2400/2400/1362 2402/2402/1364 2403/2403/1365
f 2403/2403/1365 2404/2404/1366 2400/2400/1362
f 2398/2398/1360 2400/2400/1362 2404/2404/1366
f 2404/2404/1366 2403/2403/1365 2405/2405/1367
f 2398/2398/1360 2406/2406/1368 2399/2399/1361
f 2399/2399/1361 2406/2406/1368 2407/2407/1369
f 2404/2404/1366 2408/2408/1370 2398/2398/1360
f 2408/2408/1370 2406/2406/1368 2398/2398/1360
f 2405/2405/1367 2409/2409/1371 2404/2404/1366
f 2408/2408/1370 2404/2404/1366 2409/2409/1371
f 2409/2409/1371 2405/2405/1367 2410/2410/1372
f 2409/2409/1371 2410/2410/1372 2411/2411/1373
f 2409/2409/1371 2411/2411/1373 2412/2412/1374
f 2409/2409/1371 2413/2413/1375 2408/2408/1370
f 2413/2413/1375 2409/2409/1371 2412/2412/1374
f 2406/2406/1368 2408/2408/1370 2413/2413/1375
f 2413/2413/1375 2412/2412/1374 2414/2414/1376
f 2415/2415/1377 2413/2413/1375 2414/2414/1376
f 2416/2416/1378 2413/2413/1375 2415/2415/1377
f 2413/2413/1375 2416/2416/1378 2406/2406/1368
f 2415/2415/1377 2417/2417/1379 2416/2416/1378
f 2416/2416/1378 2418/2418/1380 2406/2406/1368
f 2407/2407/1369 2406/2406/1368 2418/2418/1380
f 2407/2407/1369 2418/2418/1380 2419/2419/1381
f 2416/2416/1378 2417/2417/1379 2420/2420/1382
f 2420/2420/1382 2418/2418/1380 2416/2416/1378
f 2419/2419/1381 2420/2420/1382 2417/2417/1379
f 2419/2419/1381 2418/2418/1380 2420/2420/1382
f 2421/2421/1116 2422/2422/1116 2423/2423/1116
f 2421/2421/1116 2423/2423/1116 2424/2424/1116
f 2421/2421/1116 2425/2425/1116 2422/2422/1116
f 2421/2421/1116 2424/2424/1116 2426/2426/1116
f 2427/2427/1116 2425/2425/1116 2421/2421/1116
f 2428/2428/1116 2421/2421/1116 2426/2426/1116
f 2429/2429/1116 2427/2427/1116 2421/2421/1116
f 2428/2428/1116 2429/2429/1116 2421/2421/1116
f 2430/2430/1116 2431/2431/1116 2432/2432/1116
f 2430/2430/1116 2433/2433/1116 2431/2431/1116
f 2430/2430/1116 2432/2432/1116 2434/2434/1116
f 2430/2430/1116 2435/2435/1116 2433/2433/1116
f 2436/2436/1116 2430/2430/1116 2434/2434/1116
f 2437/2437/1116 2435/2435/1116 2430/2430/1116
f 2438/2438/1116 2430/2430/1116 2436/2436/1116
f 2437/2437/1116 2430/2430/1116 2438/2438/1116
f 2439/2439/1116 2440/2440/1116 2441/2441/1116
f 2439/2439/1116 2441/2441/1116 2442/2442/1116
f 2439/2439/1116 2443/2443/1116 2440/2440/1116
f 2439/2439/1116 2442/2442/1116 2444/2444/1116
f 2445/2445/1116 2443/2443/1116 2439/2439/1116
f 2446/2446/1116 2439/2439/1116 2444/2444/1116
f 2447/2447/1116 2445/2445/1116 2439/2439/1116
f 2446/2446/1116 2447/2447/1116 2439/2439/1116
f 2448/2448/1116 2449/2449/1116 2450/2450/1116
f 2448/2448/1116 2451/2451/1116 2449/2449/1116
f 2448/2448/1116 2450/2450/1116 2452/2452/1116
f 2448/2448/1116 2453/2453/1116 2451/2451/1116
f 2454/2454/1116 2448/2448/1116 2452/2452/1116
f 2455/2455/1116 2453/2453/1116 2448/2448/1116
f 2456/2456/1116 2448/2448/1116 2454/2454/1116
f 2455/2455/1116 2448/2448/1116 2456/2456/1116
f 2457/2457/1116 2458/2458/1116 2459/2459/1116
f 2457/2457/1116 2460/2460/1116 2458/2458/1116
f 2457/2457/1116 2459/2459/1116 2461/2461/1116
f 2457/2457/1116 2462/2462/1116 2460/2460/1116
f 2463/2463/1116 2457/2457/1116 2461/2461/1116
f 2464/2464/1116 2462/2462/1116 2457/2457/1116
f 2465/2465/1116 2457/2457/1116 2463/2463/1116
f 2464/2464/1116 2457/2457/1116 2465/2465/1116
f 2466/2466/1116 2467/2467/1116 2468/2468/1116
f 2466/2466/1116 2468/2468/1116 2469/2469/1116
f 2466/2466/1116 2470/2470/1116 2467/2467/1116
f 2466/2466/1116 2469/2469/1116 2471/2471/1116
f 2472/2472/1116 2470/2470/1116 2466/2466/1116
f 2473/2473/1116 2466/2466/1116 2471/2471/1116
f 2474/2474/1116 2472/2472/1116 2466/2466/1116
f 2473/2473/1116 2474/2474/1116 2466/2466/1116
f 2475/2475/1116 2476/2476/1116 2477/2477/1116
f 2475/2475/1116 2478/2478/1116 2476/2476/1116
f 2475/2475/1116 2477/2477/1116 2479/2479/1116
f 2475/2475/1116 2480/2480/1116 2478/2478/1116
f 2481/2481/1116 2475/2475/1116 2479/2479/1116
f 2482/2482/1116 2480/2480/1116 2475/2475/1116
f 2483/2483/1116 2475/2475/1116 2481/2481/1116
f 2482/2482/1116 2475/2475/1116 2483/2483/1116
f 2484/2484/1116 2485/2485/1116 2486/2486/1116
f 2484/2484/1116 2486/2486/1116 2487/2487/1116
f 2484/2484/1116 2488/2488/1116 2485/2485/1116
f 2484/2484/1116 2487/2487/1116 2489/2489/1116
f 2490/2490/1116 2488/2488/1116 2484/2484/1116
f 2491/2491/1116 2484/2484/1116 2489/2489/1116
f 2492/2492/1116 2490/2490/1116 2484/2484/1116
f 2491/2491/1116 2492/2492/1116 2484/2484/1116
f 2493/2493/1383 2494/2494/1384 2495/2495/1385
f 2496/2496/1386 2494/2494/1384 2493/2493/1383
f 2494/2494/1384 2497/2497/1387 2495/2495/1385
f 2495/2495/1385 2497/2497/1387 2498/2498/1388
f 2499/2499/1389 2494/2494/1384 2496/2496/1386
f 2497/2497/1387 2494/2494/1384 2499/2499/1389
f 2497/2497/1387 2500/2500/1390 2498/2498/1388
f 2498/2498/1388 2500/2500/1390 2501/2501/1391
f 2500/2500/1390 2502/2502/1392 2501/2501/1391
f 2503/2503/1393 2497/2497/1387 2499/2499/1389
f 2500/2500/1390 2497/2497/1387 2503/2503/1393
f 2502/2502/1392 2500/2500/1390 2504/2504/1394
f 2504/2504/1394 2500/2500/1390 2503/2503/1393
f 2505/2505/1395 2502/2502/1392 2504/2504/1394
f 2499/2499/1389 2506/2506/1396 2503/2503/1393
f 2506/2506/1396 2499/2499/1389 2496/2496/1386
f 2503/2503/1393 2507/2507/1397 2504/2504/1394
f 2506/2506/1396 2507/2507/1397 2503/2503/1393
f 2504/2504/1394 2508/2508/1398 2505/2505/1395
f 2507/2507/1397 2508/2508/1398 2504/2504/1394
f 2508/2508/1398 2509/2509/1399 2505/2505/1395
f 2510/2510/1400 2509/2509/1399 2508/2508/1398
f 2511/2511/1401 2510/2510/1400 2508/2508/1398
f 2511/2511/1401 2508/2508/1398 2507/2507/1397
f 2512/2512/1402 2510/2510/1400 2511/2511/1401
f 2513/2513/1403 2507/2507/1397 2506/2506/1396
f 2513/2513/1403 2511/2511/1401 2507/2507/1397
f 2514/2514/1404 2512/2512/1402 2511/2511/1401
f 2514/2514/1404 2511/2511/1401 2513/2513/1403
f 2515/2515/1405 2512/2512/1402 2514/2514/1404
f 2516/2516/1406 2515/2515/1405 2514/2514/1404
f 2517/2517/1407 2513/2513/1403 2506/2506/1396
f 2506/2506/1396 2496/2496/1386 2517/2517/1407
f 2518/2518/1408 2514/2514/1404 2513/2513/1403
f 2516/2516/1406 2514/2514/1404 2518/2518/1408
f 2518/2518/1408 2513/2513/1403 2517/2517/1407
f 2519/2519/1409 2516/2516/1406 2518/2518/1408
f 2517/2517/1407 2496/2496/1386 2520/2520/1410
f 2520/2520/1410 2518/2518/1408 2517/2517/1407
f 2519/2519/1409 2518/2518/1408 2520/2520/1410
f 2520/2520/1410 2496/2496/1386 2521/2521/1411
f 2521/2521/1411 2519/2519/1409 2520/2520/1410
f 2522/2522/1412 2523/2523/1413 2524/2524/1414
f 2525/2525/1415 2522/2522/1412 2524/2524/1414
f 2524/2524/1414 2523/2523/1413 2526/2526/1416
f 2523/2523/1413 2527/2527/1417 2526/2526/1416
f 2528/2528/1418 2525/2525/1415 2524/2524/1414
f 2526/2526/1416 2528/2528/1418 2524/2524/1414
f 2526/2526/1416 2527/2527/1417 2529/2529/1419
f 2527/2527/1417 2530/2530/1420 2529/2529/1419
f 2529/2529/1419 2530/2530/1420 2531/2531/1421
f 2532/2532/1422 2528/2528/1418 2526/2526/1416
f 2529/2529/1419 2532/2532/1422 2526/2526/1416
f 2531/2531/1421 2533/2533/1423 2529/2529/1419
f 2533/2533/1423 2532/2532/1422 2529/2529/1419
f 2534/2534/1424 2533/2533/1423 2531/2531/1421
f 2528/2528/1418 2532/2532/1422 2535/2535/1425
f 2535/2535/1425 2525/2525/1415 2528/2528/1418
f 2532/2532/1422 2533/2533/1423 2536/2536/1426
f 2535/2535/1425 2532/2532/1422 2536/2536/1426
f 2533/2533/1423 2534/2534/1424 2537/2537/1427
f 2536/2536/1426 2533/2533/1423 2537/2537/1427
f 2537/2537/1427 2534/2534/1424 2538/2538/1428
f 2539/2539/1429 2537/2537/1427 2538/2538/1428
f 2540/2540/1430 2537/2537/1427 2539/2539/1429
f 2540/2540/1430 2536/2536/1426 2537/2537/1427
f 2541/2541/1431 2540/2540/1430 2539/2539/1429
f 2542/2542/1432 2535/2535/1425 2536/2536/1426
f 2542/2542/1432 2536/2536/1426 2540/2540/1430
f 2543/2543/1433 2540/2540/1430 2541/2541/1431
f 2543/2543/1433 2542/2542/1432 2540/2540/1430
f 2544/2544/1434 2543/2543/1433 2541/2541/1431
f 2545/2545/1435 2543/2543/1433 2544/2544/1434
f 2546/2546/1436 2535/2535/1425 2542/2542/1432
f 2535/2535/1425 2546/2546/1436 2525/2525/1415
f 2547/2547/1437 2542/2542/1432 2543/2543/1433
f 2545/2545/1435 2547/2547/1437 2543/2543/1433
f 2547/2547/1437 2546/2546/1436 2542/2542/1432
f 2548/2548/1438 2547/2547/1437 2545/2545/1435
f 2546/2546/1436 2549/2549/1439 2525/2525/1415
f 2549/2549/1439 2546/2546/1436 2547/2547/1437
f 2548/2548/1438 2549/2549/1439 2547/2547/1437
f 2549/2549/1439 2550/2550/1440 2525/2525/1415
f 2550/2550/1440 2549/2549/1439 2548/2548/1438
f 2551/2551/1441 2552/2552/1442 2553/2553/1443
f 2554/2554/1444 2552/2552/1442 2551/2551/1441
f 2555/2555/1445 2553/2553/1443 2552/2552/1442
f 2552/2552/1442 2554/2554/1444 2556/2556/1446
f 2557/2557/1447 2555/2555/1445 2552/2552/1442
f 2558/2558/1448 2552/2552/1442 2556/2556/1446
f 2552/2552/1442 2559/2559/1449 2557/2557/1447
f 2560/2560/1450 2552/2552/1442 2558/2558/1448
f 2561/2561/1451 2559/2559/1449 2552/2552/1442
f 2562/2562/1452 2552/2552/1442 2560/2560/1450
f 2563/2563/1453 2561/2561/1451 2552/2552/1442
f 2562/2562/1452 2563/2563/1453 2552/2552/1442
f 2564/2564/1454 2565/2565/1455 2566/2566/1456
f 2566/2566/1456 2567/2567/1457 2564/2564/1454
f 2564/2564/1454 2568/2568/1458 2565/2565/1455
f 2568/2568/1458 2569/2569/1459 2565/2565/1455
f 2567/2567/1457 2570/2570/1460 2564/2564/1454
f 2570/2570/1460 2567/2567/1457 2571/2571/1461
f 2572/2572/1462 2568/2568/1458 2564/2564/1454
f 2564/2564/1454 2570/2570/1460 2572/2572/1462
f 2569/2569/1459 2568/2568/1458 2573/2573/1463
f 2573/2573/1463 2574/2574/1464 2569/2569/1459
f 2572/2572/1462 2575/2575/1465 2568/2568/1458
f 2575/2575/1465 2573/2573/1463 2568/2568/1458
f 2573/2573/1463 2576/2576/1466 2574/2574/1464
f 2577/2577/1467 2574/2574/1464 2576/2576/1466
f 2573/2573/1463 2575/2575/1465 2578/2578/1468
f 2578/2578/1468 2576/2576/1466 2573/2573/1463
f 2572/2572/1462 2579/2579/1469 2575/2575/1465
f 2579/2579/1469 2578/2578/1468 2575/2575/1465
f 2580/2580/1470 2577/2577/1467 2576/2576/1466
f 2581/2581/1471 2577/2577/1467 2580/2580/1470
f 2582/2582/1472 2576/2576/1466 2578/2578/1468
f 2578/2578/1468 2579/2579/1469 2582/2582/1472
f 2581/2581/1471 2580/2580/1470 2583/2583/1473
f 2579/2579/1469 2572/2572/1462 2584/2584/1474
f 2584/2584/1474 2572/2572/1462 2570/2570/1460
f 2583/2583/1473 2580/2580/1470 2585/2585/1475
f 2586/2586/1476 2583/2583/1473 2585/2585/1475
f 2587/2587/1477 2580/2580/1470 2576/2576/1466
f 2580/2580/1470 2587/2587/1477 2585/2585/1475
f 2582/2582/1472 2587/2587/1477 2576/2576/1466
f 2588/2588/1478 2586/2586/1476 2585/2585/1475
f 2589/2589/1479 2586/2586/1476 2588/2588/1478
f 2590/2590/1480 2589/2589/1479 2588/2588/1478
f 2591/2591/1481 2587/2587/1477 2582/2582/1472
f 2590/2590/1480 2588/2588/1478 2592/2592/1482
f 2593/2593/1483 2587/2587/1477 2591/2591/1481
f 2593/2593/1483 2585/2585/1475 2587/2587/1477
f 2588/2588/1478 2585/2585/1475 2594/2594/1484
f 2594/2594/1484 2585/2585/1475 2593/2593/1483
f 2592/2592/1482 2588/2588/1478 2594/2594/1484
f 2593/2593/1483 2595/2595/1485 2594/2594/1484
f 2592/2592/1482 2594/2594/1484 2595/2595/1485
f 2591/2591/1481 2596/2596/1486 2593/2593/1483
f 2595/2595/1485 2593/2593/1483 2596/2596/1486
f 2597/2597/1487 2591/2591/1481 2582/2582/1472
f 2596/2596/1486 2591/2591/1481 2597/2597/1487
f 2597/2597/1487 2582/2582/1472 2579/2579/1469
f 2584/2584/1474 2597/2597/1487 2579/2579/1469
f 2598/2598/1488 2595/2595/1485 2596/2596/1486
f 2598/2598/1488 2592/2592/1482 2595/2595/1485
f 2599/2599/1489 2596/2596/1486 2597/2597/1487
f 2598/2598/1488 2596/2596/1486 2599/2599/1489
f 2597/2597/1487 2584/2584/1474 2600/2600/1490
f 2599/2599/1489 2597/2597/1487 2600/2600/1490
f 2600/2600/1490 2584/2584/1474 2601/2601/1491
f 2600/2600/1490 2601/2601/1491 2599/2599/1489
f 2601/2601/1491 2584/2584/1474 2570/2570/1460
f 2599/2599/1489 2602/2602/1492 2598/2598/1488
f 2601/2601/1491 2602/2602/1492 2599/2599/1489
f 2592/2592/1482 2598/2598/1488 2603/2603/1493
f 2603/2603/1493 2598/2598/1488 2602/2602/1492
f 2603/2603/1493 2590/2590/1480 2592/2592/1482
f 2590/2590/1480 2603/2603/1493 2604/2604/1494
f 2604/2604/1494 2603/2603/1493 2605/2605/1495
f 2605/2605/1495 2603/2603/1493 2602/2602/1492
f 2605/2605/1495 2602/2602/1492 2606/2606/1496
f 2602/2602/1492 2601/2601/1491 2607/2607/1497
f 2606/2606/1496 2602/2602/1492 2607/2607/1497
f 2601/2601/1491 2570/2570/1460 2607/2607/1497
f 2607/2607/1497 2570/2570/1460 2571/2571/1461
f 2606/2606/1496 2607/2607/1497 2608/2608/1498
f 2607/2607/1497 2571/2571/1461 2608/2608/1498
f 2609/2609/1499 2610/2610/1500 2608/2608/1498
f 2610/2610/1500 2611/2611/1501 2608/2608/1498
f 2609/2609/1499 2612/2612/1502 2610/2610/1500
f 2613/2613/1503 2612/2612/1502 2609/2609/1499
f 2610/2610/1500 2614/2614/1504 2611/2611/1501
f 2614/2614/1504 2615/2615/1505 2611/2611/1501
f 2612/2612/1502 2616/2616/1506 2610/2610/1500
f 2616/2616/1506 2614/2614/1504 2610/2610/1500
f 2613/2613/1503 2617/2617/1507 2612/2612/1502
f 2618/2618/1508 2617/2617/1507 2613/2613/1503
f 2619/2619/1509 2617/2617/1507 2618/2618/1508
f 2617/2617/1507 2619/2619/1509 2620/2620/1510
f 2621/2621/1511 2620/2620/1510 2619/2619/1509
f 2617/2617/1507 2622/2622/1512 2612/2612/1502
f 2620/2620/1510 2622/2622/1512 2617/2617/1507
f 2620/2620/1510 2621/2621/1511 2623/2623/1513
f 2621/2621/1511 2624/2624/1514 2623/2623/1513
f 2622/2622/1512 2620/2620/1510 2625/2625/1515
f 2623/2623/1513 2625/2625/1515 2620/2620/1510
f 2626/2626/1516 2612/2612/1502 2622/2622/1512
f 2616/2616/1506 2612/2612/1502 2626/2626/1516
f 2627/2627/1517 2622/2622/1512 2625/2625/1515
f 2622/2622/1512 2627/2627/1517 2626/2626/1516
f 2625/2625/1515 2623/2623/1513 2628/2628/1518
f 2628/2628/1518 2627/2627/1517 2625/2625/1515
f 2623/2623/1513 2624/2624/1514 2629/2629/1519
f 2623/2623/1513 2629/2629/1519 2628/2628/1518
f 2624/2624/1514 2630/2630/1520 2629/2629/1519
f 2627/2627/1517 2628/2628/1518 2631/2631/1521
f 2628/2628/1518 2629/2629/1519 2631/2631/1521
f 2630/2630/1520 2632/2632/1522 2629/2629/1519
f 2581/2581/1471 2632/2632/1522 2630/2630/1520
f 2581/2581/1471 2633/2633/1523 2632/2632/1522
f 2632/2632/1522 2634/2634/1524 2629/2629/1519
f 2631/2631/1521 2629/2629/1519 2634/2634/1524
f 2632/2632/1522 2633/2633/1523 2635/2635/1525
f 2634/2634/1524 2632/2632/1522 2635/2635/1525
f 2633/2633/1523 2636/2636/1526 2635/2635/1525
f 2631/2631/1521 2634/2634/1524 2637/2637/1527
f 2638/2638/1528 2635/2635/1525 2636/2636/1526
f 2638/2638/1528 2636/2636/1526 2639/2639/1529
f 2639/2639/1529 2640/2640/1530 2638/2638/1528
f 2641/2641/1531 2634/2634/1524 2635/2635/1525
f 2637/2637/1527 2634/2634/1524 2641/2641/1531
f 2642/2642/1532 2635/2635/1525 2638/2638/1528
f 2641/2641/1531 2635/2635/1525 2642/2642/1532
f 2643/2643/1533 2638/2638/1528 2640/2640/1530
f 2638/2638/1528 2643/2643/1533 2642/2642/1532
f 2644/2644/1534 2641/2641/1531 2642/2642/1532
f 2644/2644/1534 2642/2642/1532 2643/2643/1533
f 2645/2645/1535 2637/2637/1527 2641/2641/1531
f 2641/2641/1531 2644/2644/1534 2645/2645/1535
f 2646/2646/1536 2631/2631/1521 2637/2637/1527
f 2637/2637/1527 2645/2645/1535 2646/2646/1536
f 2631/2631/1521 2646/2646/1536 2627/2627/1517
f 2646/2646/1536 2626/2626/1516 2627/2627/1517
f 2644/2644/1534 2647/2647/1537 2645/2645/1535
f 2643/2643/1533 2647/2647/1537 2644/2644/1534
f 2626/2626/1516 2646/2646/1536 2648/2648/1538
f 2648/2648/1538 2616/2616/1506 2626/2626/1516
f 2645/2645/1535 2649/2649/1539 2646/2646/1536
f 2648/2648/1538 2646/2646/1536 2649/2649/1539
f 2648/2648/1538 2649/2649/1539 2616/2616/1506
f 2649/2649/1539 2645/2645/1535 2647/2647/1537
f 2616/2616/1506 2649/2649/1539 2614/2614/1504
f 2649/2649/1539 2647/2647/1537 2614/2614/1504
f 2647/2647/1537 2643/2643/1533 2650/2650/1540
f 2650/2650/1540 2614/2614/1504 2647/2647/1537
f 2640/2640/1530 2650/2650/1540 2643/2643/1533
f 2615/2615/1505 2614/2614/1504 2650/2650/1540
f 2650/2650/1540 2640/2640/1530 2651/2651/1541
f 2651/2651/1541 2615/2615/1505 2650/2650/1540
f 2652/2652/1542 2653/2653/1543 2654/2654/1544
f 2653/2653/1543 2655/2655/1545 2654/2654/1544
f 2656/2656/1546 2653/2653/1543 2652/2652/1542
f 2657/2657/1547 2656/2656/1546 2652/2652/1542
f 2658/2658/1548 2655/2655/1545 2653/2653/1543
f 2659/2659/1549 2656/2656/1546 2657/2657/1547
f 2660/2660/1550 2655/2655/1545 2658/2658/1548
f 2661/2661/1551 2655/2655/1545 2660/2660/1550
f 2658/2658/1548 2653/2653/1543 2662/2662/8
f 2653/2653/1543 2656/2656/1546 2662/2662/8
f 2660/2660/1550 2658/2658/1548 2662/2662/8
f 2656/2656/1546 2659/2659/1549 2662/2662/8
f 2663/2663/1552 2661/2661/1551 2660/2660/1550
f 2663/2663/1552 2660/2660/1550 2662/2662/8
f 2659/2659/1549 2663/2663/1552 2662/2662/8
f 2659/2659/1549 2657/2657/1547 2663/2663/1552
f 2664/2664/1553 2661/2661/1551 2663/2663/1552
f 2663/2663/1552 2657/2657/1547 2664/2664/1553
f 2665/2665/1554 2666/2666/1555 2667/2667/1556
f 2667/2667/1556 2668/2668/1557 2665/2665/1554
f 2669/2669/1558 2666/2666/1555 2665/2665/1554
f 2670/2670/1559 2666/2666/1555 2669/2669/1558
f 2665/2665/1554 2668/2668/1557 2671/2671/1560
f 2671/2671/1560 2668/2668/1557 2672/2672/1561
f 2670/2670/1559 2669/2669/1558 2673/2673/1562
f 2674/2674/1563 2670/2670/1559 2673/2673/1562
f 2675/2675/1564 2669/2669/1558 2665/2665/1554
f 2673/2673/1562 2669/2669/1558 2675/2675/1564
f 2671/2671/1560 2675/2675/1564 2665/2665/1554
f 2674/2674/1563 2673/2673/1562 2676/2676/1565
f 2673/2673/1562 2675/2675/1564 2676/2676/1565
f 2674/2674/1563 2676/2676/1565 2677/2677/1566
f 2671/2671/1560 2672/2672/1561 2678/2678/1567
f 2678/2678/1567 2675/2675/1564 2671/2671/1560
f 2678/2678/1567 2672/2672/1561 2679/2679/1568
f 2680/2680/1569 2677/2677/1566 2676/2676/1565
f 2676/2676/1565 2675/2675/1564 2680/2680/1569
f 2681/2681/1570 2677/2677/1566 2680/2680/1569
f 2681/2681/1570 2680/2680/1569 2682/2682/1571
f 2683/2683/1572 2675/2675/1564 2678/2678/1567
f 2680/2680/1569 2675/2675/1564 2683/2683/1572
f 2678/2678/1567 2679/2679/1568 2683/2683/1572
f 2682/2682/1571 2680/2680/1569 2683/2683/1572
f 2679/2679/1568 2682/2682/1571 2683/2683/1572
f 2684/2684/1573 2685/2685/1574 2686/2686/1575
f 2686/2686/1575 2687/2687/1576 2684/2684/1573
f 2688/2688/1577 2685/2685/1574 2684/2684/1573
f 2688/2688/1577 2689/2689/1578 2685/2685/1574
f 2684/2684/1573 2687/2687/1576 2690/2690/1579
f 2690/2690/1579 2687/2687/1576 2691/2691/1580
f 2689/2689/1578 2688/2688/1577 2692/2692/1581
f 2692/2692/1581 2693/2693/1582 2689/2689/1578
f 2694/2694/1583 2688/2688/1577 2684/2684/1573
f 2692/2692/1581 2688/2688/1577 2694/2694/1583
f 2684/2684/1573 2690/2690/1579 2694/2694/1583
f 2695/2695/1584 2693/2693/1582 2692/2692/1581
f 2694/2694/1583 2695/2695/1584 2692/2692/1581
f 2693/2693/1582 2695/2695/1584 2696/2696/1585
f 2690/2690/1579 2691/2691/1580 2697/2697/1586
f 2694/2694/1583 2690/2690/1579 2697/2697/1586
f 2691/2691/1580 2698/2698/1587 2697/2697/1586
f 2699/2699/1588 2696/2696/1585 2695/2695/1584
f 2699/2699/1588 2695/2695/1584 2694/2694/1583
f 2700/2700/1589 2696/2696/1585 2699/2699/1588
f 2700/2700/1589 2699/2699/1588 2701/2701/1590
f 2702/2702/1591 2694/2694/1583 2697/2697/1586
f 2699/2699/1588 2694/2694/1583 2702/2702/1591
f 2697/2697/1586 2698/2698/1587 2702/2702/1591
f 2701/2701/1590 2699/2699/1588 2702/2702/1591
f 2698/2698/1587 2701/2701/1590 2702/2702/1591
f 2703/2703/1592 2704/2704/1593 2705/2705/1594
f 2705/2705/1594 2704/2704/1593 2706/2706/1595
f 2707/2707/1596 2704/2704/1593 2703/2703/1592
f 2708/2708/1597 2707/2707/1596 2703/2703/1592
f 2706/2706/1595 2704/2704/1593 2709/2709/1598
f 2710/2710/1599 2706/2706/1595 2709/2709/1598
f 2711/2711/1600 2707/2707/1596 2708/2708/1597
f 2711/2711/1600 2708/2708/1597 2712/2712/1601
f 2704/2704/1593 2707/2707/1596 2713/2713/1602
f 2713/2713/1602 2707/2707/1596 2711/2711/1600
f 2704/2704/1593 2713/2713/1602 2709/2709/1598
f 2714/2714/1603 2711/2711/1600 2712/2712/1601
f 2711/2711/1600 2714/2714/1603 2713/2713/1602
f 2714/2714/1603 2712/2712/1601 2715/2715/1604
f 2710/2710/1599 2709/2709/1598 2716/2716/1605
f 2709/2709/1598 2713/2713/1602 2716/2716/1605
f 2710/2710/1599 2716/2716/1605 2717/2717/1606
f 2714/2714/1603 2715/2715/1604 2718/2718/1607
f 2713/2713/1602 2714/2714/1603 2718/2718/1607
f 2718/2718/1607 2715/2715/1604 2719/2719/1608
f 2720/2720/1609 2718/2718/1607 2719/2719/1608
f 2713/2713/1602 2721/2721/1610 2716/2716/1605
f 2718/2718/1607 2721/2721/1610 2713/2713/1602
f 2717/2717/1606 2716/2716/1605 2721/2721/1610
f 2721/2721/1610 2718/2718/1607 2720/2720/1609
f 2717/2717/1606 2721/2721/1610 2720/2720/1609
f 2722/2722/1611 2723/2723/1612 2724/2724/1613
f 2724/2724/1613 2723/2723/1612 2725/2725/1614
f 2726/2726/1615 2723/2723/1612 2722/2722/1611
f 2727/2727/1616 2726/2726/1615 2722/2722/1611
f 2725/2725/1614 2723/2723/1612 2728/2728/1617
f 2729/2729/1618 2725/2725/1614 2728/2728/1617
f 2726/2726/1615 2727/2727/1616 2730/2730/1619
f 2730/2730/1619 2727/2727/1616 2731/2731/1620
f 2726/2726/1615 2732/2732/1621 2723/2723/1612
f 2730/2730/1619 2732/2732/1621 2726/2726/1615
f 2732/2732/1621 2728/2728/1617 2723/2723/1612
f 2733/2733/1622 2730/2730/1619 2731/2731/1620
f 2730/2730/1619 2733/2733/1622 2732/2732/1621
f 2733/2733/1622 2731/2731/1620 2734/2734/1623
f 2735/2735/1624 2729/2729/1618 2728/2728/1617
f 2735/2735/1624 2728/2728/1617 2732/2732/1621
f 2736/2736/1625 2729/2729/1618 2735/2735/1624
f 2733/2733/1622 2734/2734/1623 2737/2737/1626
f 2732/2732/1621 2733/2733/1622 2737/2737/1626
f 2737/2737/1626 2734/2734/1623 2738/2738/1627
f 2739/2739/1628 2737/2737/1626 2738/2738/1627
f 2735/2735/1624 2732/2732/1621 2740/2740/1629
f 2740/2740/1629 2732/2732/1621 2737/2737/1626
f 2736/2736/1625 2735/2735/1624 2740/2740/1629
f 2740/2740/1629 2737/2737/1626 2739/2739/1628
f 2740/2740/1629 2739/2739/1628 2736/2736/1625
f 2741/2741/1509 2742/2742/1507 2743/2743/1508
f 2743/2743/1508 2742/2742/1507 2744/2744/1503
f 2742/2742/1507 2741/2741/1509 2745/2745/1510
f 2746/2746/1511 2745/2745/1510 2741/2741/1509
f 2744/2744/1503 2742/2742/1507 2747/2747/1502
f 2747/2747/1502 2748/2748/1499 2744/2744/1503
f 2745/2745/1510 2749/2749/1630 2742/2742/1507
f 2742/2742/1507 2749/2749/1630 2747/2747/1502
f 2745/2745/1510 2746/2746/1511 2750/2750/1631
f 2750/2750/1631 2746/2746/1511 2751/2751/1632
f 2749/2749/1630 2745/2745/1510 2752/2752/1515
f 2750/2750/1631 2752/2752/1515 2745/2745/1510
f 2750/2750/1631 2751/2751/1632 2753/2753/1633
f 2754/2754/1634 2753/2753/1633 2751/2751/1632
f 2752/2752/1515 2750/2750/1631 2755/2755/1635
f 2755/2755/1635 2750/2750/1631 2753/2753/1633
f 2756/2756/1517 2749/2749/1630 2752/2752/1515
f 2755/2755/1635 2756/2756/1517 2752/2752/1515
f 2749/2749/1630 2756/2756/1517 2757/2757/1516
f 2757/2757/1516 2747/2747/1502 2749/2749/1630
f 2756/2756/1517 2755/2755/1635 2758/2758/1636
f 2758/2758/1636 2755/2755/1635 2753/2753/1633
f 2759/2759/1536 2757/2757/1516 2756/2756/1517
f 2758/2758/1636 2759/2759/1536 2756/2756/1517
f 2760/2760/1506 2747/2747/1502 2757/2757/1516
f 2757/2757/1516 2759/2759/1536 2761/2761/1538
f 2761/2761/1538 2760/2760/1506 2757/2757/1516
f 2761/2761/1538 2759/2759/1536 2762/2762/1539
f 2761/2761/1538 2762/2762/1539 2760/2760/1506
f 2759/2759/1536 2758/2758/1636 2763/2763/1637
f 2760/2760/1506 2764/2764/1500 2747/2747/1502
f 2764/2764/1500 2748/2748/1499 2747/2747/1502
f 2764/2764/1500 2765/2765/1498 2748/2748/1499
f 2766/2766/1504 2764/2764/1500 2760/2760/1506
f 2760/2760/1506 2762/2762/1539 2766/2766/1504
f 2767/2767/1501 2765/2765/1498 2764/2764/1500
f 2767/2767/1501 2764/2764/1500 2766/2766/1504
f 2768/2768/1505 2767/2767/1501 2766/2766/1504
f 2769/2769/1535 2762/2762/1539 2759/2759/1536
f 2759/2759/1536 2763/2763/1637 2769/2769/1535
f 2762/2762/1539 2770/2770/1537 2766/2766/1504
f 2762/2762/1539 2769/2769/1535 2770/2770/1537
f 2768/2768/1505 2766/2766/1504 2771/2771/1540
f 2771/2771/1540 2766/2766/1504 2770/2770/1537
f 2772/2772/1541 2768/2768/1505 2771/2771/1540
f 2771/2771/1540 2773/2773/1530 2772/2772/1541
f 2770/2770/1537 2774/2774/1533 2771/2771/1540
f 2773/2773/1530 2771/2771/1540 2774/2774/1533
f 2775/2775/1534 2770/2770/1537 2769/2769/1535
f 2774/2774/1533 2770/2770/1537 2775/2775/1534
f 2769/2769/1535 2776/2776/1638 2775/2775/1534
f 2776/2776/1638 2769/2769/1535 2763/2763/1637
f 2777/2777/1639 2774/2774/1533 2775/2775/1534
f 2777/2777/1639 2775/2775/1534 2776/2776/1638
f 2778/2778/1640 2773/2773/1530 2774/2774/1533
f 2774/2774/1533 2777/2777/1639 2778/2778/1640
f 2773/2773/1530 2778/2778/1640 2779/2779/1529
f 2779/2779/1529 2778/2778/1640 2780/2780/1641
f 2778/2778/1640 2777/2777/1639 2781/2781/1642
f 2778/2778/1640 2781/2781/1642 2780/2780/1641
f 2777/2777/1639 2776/2776/1638 2781/2781/1642
f 2780/2780/1641 2781/2781/1642 2782/2782/1643
f 2776/2776/1638 2763/2763/1637 2783/2783/1644
f 2776/2776/1638 2783/2783/1644 2781/2781/1642
f 2763/2763/1637 2758/2758/1636 2783/2783/1644
f 2758/2758/1636 2753/2753/1633 2783/2783/1644
f 2782/2782/1643 2781/2781/1642 2784/2784/1645
f 2784/2784/1645 2781/2781/1642 2783/2783/1644
f 2783/2783/1644 2753/2753/1633 2784/2784/1645
f 2784/2784/1645 2753/2753/1633 2754/2754/1634
f 2785/2785/1471 2782/2782/1643 2784/2784/1645
f 2785/2785/1471 2784/2784/1645 2754/2754/1634
f 2785/2785/1471 2786/2786/1646 2787/2787/1647
f 2785/2785/1471 2787/2787/1647 2788/2788/1648
f 2786/2786/1646 2789/2789/1649 2787/2787/1647
f 2790/2790/1650 2789/2789/1649 2786/2786/1646
f 2787/2787/1647 2791/2791/1651 2788/2788/1648
f 2788/2788/1648 2791/2791/1651 2792/2792/1652
f 2787/2787/1647 2789/2789/1649 2793/2793/1653
f 2793/2793/1653 2791/2791/1651 2787/2787/1647
f 2794/2794/1654 2789/2789/1649 2790/2790/1650
f 2795/2795/1459 2794/2794/1654 2790/2790/1650
f 2796/2796/1655 2793/2793/1653 2789/2789/1649
f 2795/2795/1459 2797/2797/1458 2794/2794/1654
f 2797/2797/1458 2795/2795/1459 2798/2798/1455
f 2794/2794/1654 2799/2799/1656 2789/2789/1649
f 2799/2799/1656 2796/2796/1655 2789/2789/1649
f 2800/2800/1465 2794/2794/1654 2797/2797/1458
f 2794/2794/1654 2800/2800/1465 2799/2799/1656
f 2801/2801/1454 2797/2797/1458 2798/2798/1455
f 2801/2801/1454 2798/2798/1455 2802/2802/1456
f 2802/2802/1456 2803/2803/1457 2801/2801/1454
f 2804/2804/1657 2800/2800/1465 2797/2797/1458
f 2804/2804/1657 2797/2797/1458 2801/2801/1454
f 2805/2805/1469 2799/2799/1656 2800/2800/1465
f 2804/2804/1657 2805/2805/1469 2800/2800/1465
f 2799/2799/1656 2805/2805/1469 2796/2796/1655
f 2803/2803/1457 2806/2806/1460 2801/2801/1454
f 2801/2801/1454 2806/2806/1460 2804/2804/1657
f 2803/2803/1457 2807/2807/1461 2806/2806/1460
f 2805/2805/1469 2804/2804/1657 2808/2808/1474
f 2808/2808/1474 2804/2804/1657 2806/2806/1460
f 2809/2809/1487 2796/2796/1655 2805/2805/1469
f 2808/2808/1474 2809/2809/1487 2805/2805/1469
f 2807/2807/1461 2810/2810/1497 2806/2806/1460
f 2807/2807/1461 2765/2765/1498 2810/2810/1497
f 2810/2810/1497 2765/2765/1498 2811/2811/1496
f 2812/2812/1491 2808/2808/1474 2806/2806/1460
f 2806/2806/1460 2810/2810/1497 2812/2812/1491
f 2810/2810/1497 2811/2811/1496 2813/2813/1492
f 2812/2812/1491 2810/2810/1497 2813/2813/1492
f 2813/2813/1492 2811/2811/1496 2814/2814/1495
f 2815/2815/1490 2808/2808/1474 2812/2812/1491
f 2809/2809/1487 2808/2808/1474 2815/2815/1490
f 2815/2815/1490 2812/2812/1491 2816/2816/1489
f 2816/2816/1489 2809/2809/1487 2815/2815/1490
f 2812/2812/1491 2813/2813/1492 2816/2816/1489
f 2796/2796/1655 2809/2809/1487 2817/2817/1658
f 2796/2796/1655 2817/2817/1658 2793/2793/1653
f 2816/2816/1489 2818/2818/1486 2809/2809/1487
f 2818/2818/1486 2817/2817/1658 2809/2809/1487
f 2817/2817/1658 2819/2819/1659 2793/2793/1653
f 2818/2818/1486 2819/2819/1659 2817/2817/1658
f 2819/2819/1659 2791/2791/1651 2793/2793/1653
f 2820/2820/1488 2818/2818/1486 2816/2816/1489
f 2816/2816/1489 2813/2813/1492 2820/2820/1488
f 2821/2821/1485 2819/2819/1659 2818/2818/1486
f 2820/2820/1488 2821/2821/1485 2818/2818/1486
f 2819/2819/1659 2822/2822/1660 2791/2791/1651
f 2821/2821/1485 2822/2822/1660 2819/2819/1659
f 2822/2822/1660 2823/2823/1661 2791/2791/1651
f 2823/2823/1661 2792/2792/1652 2791/2791/1651
f 2823/2823/1661 2824/2824/1479 2792/2792/1652
f 2825/2825/1480 2824/2824/1479 2823/2823/1661
f 2826/2826/1482 2822/2822/1660 2821/2821/1485
f 2826/2826/1482 2823/2823/1661 2822/2822/1660
f 2820/2820/1488 2826/2826/1482 2821/2821/1485
f 2825/2825/1480 2823/2823/1661 2826/2826/1482
f 2826/2826/1482 2820/2820/1488 2827/2827/1493
f 2827/2827/1493 2825/2825/1480 2826/2826/1482
f 2827/2827/1493 2820/2820/1488 2813/2813/1492
f 2825/2825/1480 2827/2827/1493 2828/2828/1494
f 2814/2814/1495 2827/2827/1493 2813/2813/1492
f 2828/2828/1494 2827/2827/1493 2814/2814/1495
f 2829/2829/1662 2830/2830/1663 2831/2831/1664
f 2830/2830/1663 2832/2832/1665 2831/2831/1664
f 2830/2830/1663 2829/2829/1662 2833/2833/1666
f 2829/2829/1662 2834/2834/1667 2833/2833/1666
f 2830/2830/1663 2835/2835/1668 2832/2832/1665
f 2835/2835/1668 2836/2836/1669 2832/2832/1665
f 2830/2830/1663 2833/2833/1666 1360/1360/829
f 2837/2837/1670 2836/2836/1669 2835/2835/1668
f 1359/1359/828 2830/2830/1663 1360/1360/829
f 2835/2835/1668 2830/2830/1663 1359/1359/828
f 2838/2838/1671 1360/1360/829 2833/2833/1666
f 2838/2838/1671 2833/2833/1666 2834/2834/1667
f 1360/1360/829 2838/2838/1671 1361/1361/830
f 2839/2839/1672 2838/2838/1671 2834/2834/1667
f 1361/1361/830 2838/2838/1671 2839/2839/1672
f 2834/2834/1667 2840/2840/1673 2839/2839/1672
f 2841/2841/1674 1361/1361/830 2839/2839/1672
f 2840/2840/1673 2841/2841/1674 2839/2839/1672
f 2841/2841/1674 2840/2840/1673 2842/2842/1675
f 2842/2842/1675 2836/2836/1669 2841/2841/1674
f 2837/2837/1670 2841/2841/1674 2836/2836/1669
f 2843/2843/1676 1361/1361/830 2841/2841/1674
f 2843/2843/1676 2841/2841/1674 2837/2837/1670
f 2835/2835/1668 2843/2843/1676 2837/2837/1670
f 1359/1359/828 2843/2843/1676 2835/2835/1668
f 2843/2843/1676 1359/1359/828 2844/2844/1677
f 1350/1350/819 2844/2844/1677 1359/1359/828
f 2843/2843/1676 2844/2844/1677 2845/2845/1678
f 2845/2845/1678 2846/2846/1679 2843/2843/1676
f 2844/2844/1677 1350/1350/819 2847/2847/1680
f 1350/1350/819 2846/2846/1679 2847/2847/1680
f 2845/2845/1678 2844/2844/1677 2848/2848/1681
f 2844/2844/1677 2847/2847/1680 2848/2848/1681
f 2845/2845/1678 2848/2848/1681 2849/2849/1682
f 2848/2848/1681 2847/2847/1680 2850/2850/1683
f 2851/2851/1684 2845/2845/1678 2849/2849/1682
f 2847/2847/1680 2851/2851/1684 2850/2850/1683
f 2846/2846/1679 2845/2845/1678 2852/2852/1685
f 2847/2847/1680 2846/2846/1679 2852/2852/1685
f 2852/2852/1685 2845/2845/1678 2851/2851/1684
f 2847/2847/1680 2852/2852/1685 2851/2851/1684
f 2853/2853/1686 2854/2854/1687 2855/2855/1688
f 2856/2856/1689 2855/2855/1688 2854/2854/1687
f 2854/2854/1687 2853/2853/1686 2857/2857/1690
f 2853/2853/1686 2858/2858/1691 2857/2857/1690
f 2859/2859/1692 2858/2858/1691 2856/2856/1689
f 2854/2854/1687 2859/2859/1692 2856/2856/1689
f 2860/2860/1693 2857/2857/1690 2858/2858/1691
f 2858/2858/1691 2859/2859/1692 2860/2860/1693
f 2854/2854/1687 2857/2857/1690 2861/2861/1694
f 2860/2860/1693 2861/2861/1694 2857/2857/1690
f 2854/2854/1687 2862/2862/1695 2859/2859/1692
f 2863/2863/1696 2862/2862/1695 2854/2854/1687
f 2861/2861/1694 2863/2863/1696 2854/2854/1687
f 2864/2864/1697 2859/2859/1692 2862/2862/1695
f 2859/2859/1692 2865/2865/1698 2860/2860/1693
f 2864/2864/1697 2865/2865/1698 2859/2859/1692
f 2865/2865/1698 2861/2861/1694 2860/2860/1693
f 2865/2865/1698 2864/2864/1697 2866/2866/1699
f 2864/2864/1697 2867/2867/1700 2866/2866/1699
f 2863/2863/1696 2861/2861/1694 2868/2868/1701
f 2869/2869/1702 2863/2863/1696 2868/2868/1701
f 2870/2870/1703 2868/2868/1701 2861/2861/1694
f 2861/2861/1694 2871/2871/1704 2870/2870/1703
f 2861/2861/1694 2872/2872/1705 2871/2871/1704
f 2868/2868/1701 2870/2870/1703 2873/2873/1706
f 2873/2873/1706 2870/2870/1703 2874/2874/1707
f 2870/2870/1703 2875/2875/1708 2874/2874/1707
f 2875/2875/1708 2870/2870/1703 2871/2871/1704
f 2876/2876/1709 2868/2868/1701 2873/2873/1706
f 2871/2871/1704 2876/2876/1709 2875/2875/1708
f 2868/2868/1701 2876/2876/1709 2869/2869/1702
f 2872/2872/1705 2876/2876/1709 2871/2871/1704
f 2875/2875/1708 2876/2876/1709 2877/2877/1710
f 2873/2873/1706 2877/2877/1710 2876/2876/1709
f 2872/2872/1705 2869/2869/1702 2876/2876/1709
f 2869/2869/1702 2872/2872/1705 2878/2878/1711
f 2879/2879/1712 2869/2869/1702 2878/2878/1711
f 2880/2880/1713 2869/2869/1702 2879/2879/1712
f 2881/2881/1714 2880/2880/1713 2879/2879/1712
f 2882/2882/1715 2872/2872/1705 2881/2881/1714
f 2881/2881/1714 2879/2879/1712 2882/2882/1715
f 2878/2878/1711 2872/2872/1705 2883/2883/1716
f 2872/2872/1705 2882/2882/1715 2883/2883/1716
f 2879/2879/1712 2878/2878/1711 2884/2884/1717
f 2878/2878/1711 2883/2883/1716 2884/2884/1717
f 2879/2879/1712 2884/2884/1717 2885/2885/1718
f 2884/2884/1717 2883/2883/1716 2886/2886/1719
f 2887/2887/1720 2879/2879/1712 2885/2885/1718
f 2883/2883/1716 2887/2887/1720 2886/2886/1719
f 2882/2882/1715 2879/2879/1712 2887/2887/1720
f 2887/2887/1720 2883/2883/1716 2882/2882/1715
f 2866/2866/1699 2888/2888/1721 2865/2865/1698
f 2888/2888/1721 2889/2889/1722 2865/2865/1698
f 2890/2890/1723 2865/2865/1698 2889/2889/1722
f 2888/2888/1721 2866/2866/1699 2891/2891/1724
f 2888/2888/1721 2891/2891/1724 2892/2892/1725
f 2893/2893/1726 2888/2888/1721 2892/2892/1725
f 2889/2889/1722 2888/2888/1721 2893/2893/1726
f 2866/2866/1699 2894/2894/1727 2891/2891/1724
f 2894/2894/1727 2889/2889/1722 2893/2893/1726
f 2894/2894/1727 2890/2890/1723 2889/2889/1722
f 2894/2894/1727 2893/2893/1726 2895/2895/1728
f 2891/2891/1724 2894/2894/1727 2895/2895/1728
f 2866/2866/1699 2867/2867/1700 2894/2894/1727
f 2867/2867/1700 2890/2890/1723 2894/2894/1727
f 2890/2890/1723 2867/2867/1700 2896/2896/1729
f 2896/2896/1729 2867/2867/1700 2897/2897/1730
f 2897/2897/1730 2867/2867/1700 2898/2898/1731
f 2898/2898/1731 2899/2899/1732 2897/2897/1730
f 2899/2899/1732 2890/2890/1723 2900/2900/1733
f 2897/2897/1730 2899/2899/1732 2900/2900/1733
f 2890/2890/1723 2896/2896/1729 2901/2901/1734
f 2900/2900/1733 2890/2890/1723 2901/2901/1734
f 2896/2896/1729 2897/2897/1730 2902/2902/1735
f 2901/2901/1734 2896/2896/1729 2902/2902/1735
f 2902/2902/1735 2897/2897/1730 2903/2903/1736
f 2901/2901/1734 2902/2902/1735 2904/2904/1737
f 2897/2897/1730 2905/2905/1738 2903/2903/1736
f 2905/2905/1738 2901/2901/1734 2904/2904/1737
f 2897/2897/1730 2900/2900/1733 2905/2905/1738
f 2901/2901/1734 2905/2905/1738 2900/2900/1733
o b52-landingOn
v 67.534294 -17.335024 2.510301
v 70.113914 -25.289408 11.665958
v 67.004562 -25.289408 11.665958
v 67.004562 -24.953352 11.664885
v 70.113914 -24.953352 11.664885
v 67.534294 -16.998968 2.700317
v -80.288795 -19.744211 3.627006
v -77.709175 -25.289408 11.665958
v -80.818527 -25.289408 11.665958
v -80.818527 -24.953352 11.664885
v -77.709175 -24.953352 11.664885
v -80.288795 -19.408155 3.817022
v 67.534294 -17.335024 -2.510302
v 67.004562 -25.289408 -11.665960
v 70.113914 -25.289408 -11.665960
v 67.004562 -24.953352 -11.664886
v 67.534294 -16.998968 -2.700319
v 70.113914 -24.953352 -11.664886
v 71.993919 -27.005047 13.555930
v 71.828392 -26.951780 12.027786
v 71.953568 -27.400320 13.037537
v 71.857208 -25.975443 12.646315
v 71.993919 -27.005047 13.555930
v 71.925819 -25.997505 13.279288
v 71.828392 -26.951780 12.027786
v 71.993919 -27.005047 13.555930
v 71.816895 -26.370716 12.127925
v 73.220154 -26.893124 11.948157
v 73.371582 -26.941856 13.346296
v 73.334694 -27.303507 12.872004
v 71.998299 -26.973509 10.259743
v 71.928131 -27.429682 10.721891
v 71.797462 -27.002748 11.668974
v 71.883652 -25.913559 11.136977
v 71.966881 -25.901447 10.553259
v 71.998299 -26.973509 10.259743
v 71.797462 -27.002748 11.668974
v 71.813515 -26.369734 11.599123
v 71.998299 -26.973509 10.259743
v 73.190857 -26.975119 11.771172
v 73.310417 -27.365732 10.904662
v 73.374588 -26.948362 10.481829
v -80.288795 -19.744211 -3.627007
v -80.818527 -25.289408 -11.665960
v -77.709175 -25.289408 -11.665960
v -80.818527 -24.953352 -11.664886
v -80.288795 -19.408155 -3.817024
v -77.709175 -24.953352 -11.664886
v -75.829170 -27.005047 13.555930
v -75.994698 -26.951780 12.027786
v -75.869522 -27.400320 13.037537
v -75.965881 -25.975443 12.646315
v -75.829170 -27.005047 13.555930
v -75.897270 -25.997505 13.279288
v -75.994698 -26.951780 12.027786
v -75.829170 -27.005047 13.555930
v -76.006195 -26.370716 12.127925
v -74.602936 -26.893124 11.948157
v -74.451508 -26.941856 13.346296
v -74.488396 -27.303507 12.872004
v -75.824791 -26.973509 10.259743
v -75.894958 -27.429682 10.721891
v -76.025627 -27.002748 11.668974
v -75.939438 -25.913559 11.136977
v -75.856209 -25.901447 10.553259
v -75.824791 -26.973509 10.259743
v -76.025627 -27.002748 11.668974
v -76.009575 -26.369734 11.599123
v -75.824791 -26.973509 10.259743
v -74.632233 -26.975119 11.771172
v -74.512672 -27.365732 10.904662
v -74.448502 -26.948362 10.481829
v 67.534294 -17.335024 2.510301
v 70.113914 -24.953352 11.664885
v 70.113914 -25.289408 11.665958
v 67.534294 -16.998968 2.700317
v 67.534294 -17.335024 2.510301
v 67.004562 -25.289408 11.665958
v 67.004562 -24.953352 11.664885
v 67.534294 -16.998968 2.700317
v -80.288795 -19.744211 3.627006
v -77.709175 -24.953352 11.664885
v -77.709175 -25.289408 11.665958
v -80.288795 -19.408155 3.817022
v -80.288795 -19.744211 3.627006
v -80.818527 -25.289408 11.665958
v -80.818527 -24.953352 11.664885
v -80.288795 -19.408155 3.817022
v -93.403000 -19.574942 -231.519608
v -103.799423 -1.747915 -232.106400
v -98.576218 -1.786794 -232.211960
v -90.155350 -19.699713 -231.580719
v -103.799423 -1.747935 232.106400
v -93.403000 -19.574961 231.519608
v -98.576218 -1.786814 232.211960
v -90.155350 -19.699732 231.580719
v -103.799423 -1.747915 -232.106400
v -93.403000 -19.574942 -231.519608
v -98.576218 -1.786794 -232.211960
v -90.155350 -19.699713 -231.580719
v -93.403000 -19.574961 231.519608
v -103.799423 -1.747935 232.106400
v -98.576218 -1.786814 232.211960
v -90.155350 -19.699732 231.580719
v -97.112953 0.396185 228.968323
v -100.846649 -11.155076 228.968323
v -97.112953 0.396185 229.693634
v -100.846649 -11.155077 229.693634
v -97.112953 0.396185 229.693634
v -100.667976 -11.212829 229.693634
v -96.934280 0.338434 229.693634
v -100.846649 -11.155077 229.693634
v -96.934280 0.338434 229.693634
v -100.667976 -11.212829 229.693634
v -96.934280 0.338434 228.968323
v -100.667976 -11.212828 228.968323
v -100.846649 -11.155076 228.968323
v -97.112953 0.396185 228.968323
v -100.667976 -11.212828 228.968323
v -96.934280 0.338434 228.968323
v -101.021782 -11.441607 229.827011
v -94.290413 1.388502 218.524719
v -95.170654 1.434229 218.052383
v -101.902016 -11.395880 229.354675
v -94.868980 0.719800 217.421036
v -100.720116 -12.156036 229.195679
v -101.600349 -12.110308 228.723343
v -93.988754 0.674073 217.893372
v -93.988754 0.674073 217.893372
v -101.021782 -11.441607 229.827011
v -100.720116 -12.156036 229.195679
v -94.290413 1.388502 218.524719
v -101.902016 -11.395880 229.354675
v -94.868980 0.719800 217.421036
v -101.600349 -12.110308 228.723343
v -95.170654 1.434229 218.052383
v -101.035126 -32.366394 231.905304
v -101.712906 -32.366394 231.905304
v -101.712906 -32.366394 231.515015
v -101.035126 -32.366394 231.515015
v -101.035126 -27.734324 231.566574
v -101.712906 -32.366394 231.515015
v -101.712906 -27.734324 231.566574
v -101.035126 -32.366394 231.515015
v -101.035126 -27.195335 231.956833
v -101.035126 -32.366394 231.905304
v -101.035126 -27.734324 231.566574
v -101.035126 -32.366394 231.515015
v -101.712906 -32.366394 231.905304
v -101.712906 -27.195335 231.956833
v -101.712906 -27.734324 231.566574
v -101.712906 -32.366394 231.515015
v -100.770874 -24.921122 229.317154
v -101.035126 -27.195335 231.956833
v -101.035126 -27.734324 231.566574
v -100.770874 -24.118389 229.317154
v -101.712906 -27.734324 231.566574
v -101.977158 -24.921122 229.317154
v -100.770874 -24.921122 229.317154
v -101.035126 -27.734324 231.566574
v -101.712906 -27.195335 231.956833
v -101.977158 -24.921122 229.317154
v -101.712906 -27.734324 231.566574
v -101.977158 -24.118389 229.317154
v -80.431656 1.562182 200.415436
v -92.393272 0.671422 232.149460
v -92.164009 0.170141 200.415436
v -104.125626 -0.807590 232.149460
v -104.125626 -0.807590 232.149460
v -92.393272 0.671422 232.149460
v -92.393272 -1.815644 232.149460
v -104.125626 -1.815644 232.149460
v -92.164009 0.170141 200.415436
v -80.431656 -0.797749 200.415436
v -80.431656 1.562182 200.415436
v -92.164009 -0.449276 200.415436
v -80.431656 -0.797749 200.415436
v -92.393272 0.671422 232.149460
v -80.431656 1.562182 200.415436
v -92.393272 -1.815644 232.149460
v -104.125626 -0.807590 232.149460
v -92.164009 -0.449276 200.415436
v -92.164009 0.170141 200.415436
v -104.125626 -1.815644 232.149460
v -97.112953 0.396205 -229.693634
v -100.846649 -11.155057 -228.968323
v -97.112953 0.396205 -228.968323
v -100.846649 -11.155056 -229.693634
v -100.667976 -11.212808 -229.693634
v -97.112953 0.396205 -229.693634
v -96.934280 0.338454 -229.693634
v -100.846649 -11.155056 -229.693634
v -96.934280 0.338454 -228.968323
v -100.667976 -11.212808 -229.693634
v -96.934280 0.338454 -229.693634
v -100.667976 -11.212809 -228.968323
v -97.112953 0.396205 -228.968323
v -100.667976 -11.212809 -228.968323
v -96.934280 0.338454 -228.968323
v -100.846649 -11.155057 -228.968323
v -95.004532 0.232780 -218.871094
v -101.021782 -11.441586 -229.827011
v -95.884773 0.278508 -218.398758
v -101.902016 -11.395859 -229.354675
v -100.720116 -12.156015 -229.195679
v -95.583099 -0.435921 -217.767410
v -101.600349 -12.110289 -228.723343
v -94.702873 -0.481648 -218.239746
v -101.021782 -11.441586 -229.827011
v -94.702873 -0.481648 -218.239746
v -100.720116 -12.156015 -229.195679
v -95.004532 0.232780 -218.871094
v -95.884773 0.278508 -218.398758
v -101.902016 -11.395859 -229.354675
v -95.583099 -0.435921 -217.767410
v -101.600349 -12.110289 -228.723343
v -101.712906 -32.366371 -231.905304
v -101.035126 -32.366371 -231.905304
v -101.712906 -32.366371 -231.515015
v -101.035126 -32.366371 -231.515015
v -101.712906 -27.734304 -231.566574
v -101.712906 -32.366371 -231.515015
v -101.035126 -27.734304 -231.566574
v -101.035126 -32.366371 -231.515015
v -101.035126 -32.366371 -231.905304
v -101.035126 -27.195316 -231.956833
v -101.035126 -27.734304 -231.566574
v -101.035126 -32.366371 -231.515015
v -101.712906 -27.195316 -231.956833
v -101.712906 -32.366371 -231.905304
v -101.712906 -27.734304 -231.566574
v -101.712906 -32.366371 -231.515015
v -100.770874 -24.921103 -229.317154
v -101.035126 -27.734304 -231.566574
v -101.035126 -27.195316 -231.956833
v -100.770874 -24.118370 -229.317154
v -101.712906 -27.734304 -231.566574
v -100.770874 -24.921103 -229.317154
v -101.977158 -24.921103 -229.317154
v -101.035126 -27.734304 -231.566574
v -101.977158 -24.118370 -229.317154
v -101.712906 -27.195316 -231.956833
v -101.977158 -24.921103 -229.317154
v -101.712906 -27.734304 -231.566574
v -92.393272 0.671442 -232.149460
v -80.431656 1.562199 -200.415436
v -92.164009 0.170158 -200.415436
v -104.125626 -0.807570 -232.149460
v -104.125626 -1.815623 -232.149460
v -92.393272 -1.815623 -232.149460
v -104.125626 -0.807570 -232.149460
v -92.393272 0.671442 -232.149460
v -92.164009 0.170158 -200.415436
v -80.431656 -0.797732 -200.415436
v -92.164009 -0.449258 -200.415436
v -80.431656 1.562199 -200.415436
v -92.393272 0.671442 -232.149460
v -80.431656 -0.797732 -200.415436
v -80.431656 1.562199 -200.415436
v -92.393272 -1.815623 -232.149460
v -104.125626 -0.807570 -232.149460
v -92.164009 0.170158 -200.415436
v -92.164009 -0.449258 -200.415436
v -104.125626 -1.815623 -232.149460
v 70.738960 -25.909994 -13.833319
v 66.445038 -25.909994 -13.833319
v 70.738960 -25.909994 -9.737540
v 66.445038 -25.909994 -9.737540
v 66.445038 -27.450594 -9.737540
v 70.738960 -27.450594 -9.737540
v 66.445038 -25.909994 -9.737540
v 70.738960 -25.909994 -9.737540
v 70.738960 -27.450594 -9.737540
v 66.445038 -27.450594 -9.737540
v 70.738960 -27.450594 -13.833319
v 66.445038 -27.450594 -13.833319
v 70.738960 -25.909994 -13.833319
v 66.445038 -27.450594 -13.833319
v 66.445038 -25.909994 -13.833319
v 70.738960 -27.450594 -13.833319
v 70.738960 -25.909994 -13.833319
v 70.738960 -25.909994 -9.737540
v 70.738960 -27.450594 -9.737540
v 70.738960 -27.450594 -13.833319
v 66.445038 -25.909994 -9.737540
v 66.445038 -25.909994 -13.833319
v 66.445038 -27.450594 -13.833319
v 66.445038 -27.450594 -9.737540
v 69.663612 -30.774668 -9.981603
v 73.333046 -28.423216 -10.559392
v 69.695610 -30.167133 -9.980227
v 73.338425 -27.800051 -10.559268
v 73.338425 -27.800512 -11.189955
v 69.695610 -30.167133 -9.980227
v 73.338425 -27.800051 -10.559268
v 69.696838 -30.167049 -13.025820
v 69.663971 -30.775013 -13.025783
v 73.333046 -28.423210 -11.190693
v 69.663612 -30.774668 -9.981603
v 73.333046 -28.423216 -10.559392
v 69.696838 -30.167049 -13.025820
v 73.333046 -28.423210 -11.190693
v 69.663971 -30.775013 -13.025783
v 73.338425 -27.800512 -11.189955
v 73.333046 -27.768707 -12.446971
v 69.695610 -26.363186 -13.026136
v 69.663612 -25.755651 -13.024760
v 73.338425 -28.391872 -12.447095
v 73.338425 -28.391411 -11.816408
v 69.695610 -26.363186 -13.026136
v 73.338425 -28.391872 -12.447095
v 69.696838 -26.363270 -9.980227
v 69.663971 -25.755306 -9.980897
v 73.333046 -27.768713 -11.815670
v 69.663612 -25.755651 -13.024760
v 73.333046 -27.768707 -12.446971
v 73.333046 -27.768713 -11.815670
v 69.696838 -26.363270 -9.980227
v 73.338425 -28.391411 -11.816408
v 69.663971 -25.755306 -9.980897
v 70.113914 -24.953352 -11.664886
v 67.534294 -17.335024 -2.510302
v 70.113914 -25.289408 -11.665960
v 67.534294 -16.998968 -2.700319
v 67.004562 -25.289408 -11.665960
v 67.534294 -17.335024 -2.510302
v 67.004562 -24.953352 -11.664886
v 67.534294 -16.998968 -2.700319
v 69.028824 -23.795479 -18.556898
v 69.028824 -30.183054 -18.556917
v 64.666054 -25.820263 -18.556908
v 62.641277 -30.183054 -18.556917
v 73.391594 -25.820263 -18.556904
v 69.028824 -30.183054 -18.556917
v 69.028824 -23.795479 -18.556898
v 75.416389 -30.183054 -18.556910
v 73.391594 -34.545853 -18.556904
v 69.028824 -30.183054 -18.556917
v 75.416389 -30.183054 -18.556910
v 69.028824 -36.570629 -18.556898
v 64.666054 -34.545853 -18.556908
v 69.028824 -30.183054 -18.556917
v 69.028824 -36.570629 -18.556898
v 62.641277 -30.183054 -18.556917
v 69.028816 -30.183054 -14.617718
v 69.028824 -23.681585 -14.711708
v 64.588264 -25.742472 -14.711718
v 62.527386 -30.183054 -14.711727
v 69.028816 -30.183054 -14.617718
v 73.469376 -25.742472 -14.711714
v 69.028824 -23.681585 -14.711708
v 75.530281 -30.183054 -14.711720
v 69.028816 -30.183054 -14.617718
v 73.469376 -34.623642 -14.711715
v 75.530281 -30.183054 -14.711720
v 69.028824 -36.684517 -14.711709
v 69.028816 -30.183054 -14.617718
v 64.588264 -34.623642 -14.711719
v 69.028824 -36.684517 -14.711709
v 62.527386 -30.183054 -14.711727
v 64.666054 -25.820263 -8.763043
v 69.028816 -30.183056 -8.858364
v 62.641277 -30.183054 -8.763052
v 69.028824 -23.795479 -8.763034
v 69.028816 -30.183056 -8.858364
v 64.666054 -34.545853 -8.763044
v 62.641277 -30.183054 -8.763052
v 69.028824 -36.570629 -8.763035
v 75.416389 -30.183054 -8.763044
v 69.028816 -30.183056 -8.858364
v 73.391594 -25.820263 -8.763040
v 69.028824 -23.795479 -8.763034
v 73.391594 -34.545853 -8.763041
v 69.028816 -30.183056 -8.858364
v 75.416389 -30.183054 -8.763044
v 69.028824 -36.570629 -8.763035
v 69.028824 -30.183054 -4.767974
v 69.028824 -23.681585 -4.863287
v 64.588264 -25.742472 -4.863297
v 62.527386 -30.183054 -4.863307
v 69.028824 -30.183054 -4.767974
v 73.469376 -25.742472 -4.863293
v 69.028824 -23.681585 -4.863287
v 75.530281 -30.183054 -4.863298
v 69.028824 -30.183054 -4.767974
v 73.469376 -34.623642 -4.863293
v 75.530281 -30.183054 -4.863298
v 69.028824 -36.684517 -4.863288
v 69.028824 -30.183054 -4.767974
v 64.588264 -34.623642 -4.863297
v 69.028824 -36.684517 -4.863288
v 62.527386 -30.183054 -4.863307
v 64.666054 -25.820263 18.556904
v 62.641277 -30.183054 18.556913
v 69.028824 -30.183054 18.556913
v 69.028824 -23.795479 18.556894
v 62.641277 -30.183054 18.556913
v 64.666054 -34.545853 18.556904
v 69.028824 -30.183054 18.556913
v 69.028824 -36.570629 18.556894
v 75.416389 -30.183054 18.556906
v 73.391594 -25.820263 18.556900
v 69.028824 -30.183054 18.556913
v 69.028824 -23.795479 18.556894
v 73.391594 -34.545853 18.556900
v 75.416389 -30.183054 18.556906
v 69.028824 -30.183054 18.556913
v 69.028824 -36.570629 18.556894
v 69.028816 -30.183054 14.617716
v 64.588264 -25.742472 14.711716
v 69.028824 -23.681585 14.711706
v 62.527386 -30.183054 14.711725
v 69.028816 -30.183054 14.617716
v 69.028824 -23.681585 14.711706
v 73.469376 -25.742472 14.711712
v 75.530281 -30.183054 14.711718
v 69.028816 -30.183054 14.617716
v 75.530281 -30.183054 14.711718
v 73.469376 -34.623642 14.711711
v 69.028824 -36.684517 14.711705
v 69.028816 -30.183054 14.617716
v 69.028824 -36.684517 14.711705
v 64.588264 -34.623642 14.711715
v 62.527386 -30.183054 14.711725
v 64.666054 -25.820263 8.763041
v 62.641277 -30.183054 8.763050
v 69.028816 -30.183056 8.858362
v 69.028824 -23.795479 8.763032
v 69.028824 -30.183054 4.767972
v 62.527386 -30.183054 4.863304
v 64.588264 -25.742472 4.863295
v 69.028824 -23.681585 4.863286
v 69.028816 -30.183056 8.858362
v 62.641277 -30.183054 8.763050
v 64.666054 -34.545853 8.763041
v 69.028824 -36.570629 8.763031
v 69.028824 -30.183054 4.767972
v 64.588264 -34.623642 4.863294
v 62.527386 -30.183054 4.863304
v 69.028824 -36.684517 4.863285
v 75.416389 -30.183054 8.763042
v 73.391594 -25.820263 8.763038
v 69.028816 -30.183056 8.858362
v 69.028824 -23.795479 8.763032
v 69.028824 -30.183054 4.767972
v 73.469376 -25.742472 4.863291
v 75.530281 -30.183054 4.863296
v 69.028824 -23.681585 4.863286
v 73.391594 -34.545853 8.763037
v 75.416389 -30.183054 8.763042
v 69.028816 -30.183056 8.858362
v 69.028824 -36.570629 8.763031
v 69.028824 -30.183054 4.767972
v 75.530281 -30.183054 4.863296
v 73.469376 -34.623642 4.863290
v 69.028824 -36.684517 4.863285
v 73.325371 -27.764107 -12.580242
v 73.325371 -27.764107 -10.456505
v 73.837296 -27.764107 -12.580242
v 73.837296 -27.764107 -10.456505
v 73.837296 -27.764107 -12.580242
v 73.837296 -28.412718 -12.580242
v 73.325371 -27.764107 -12.580242
v 73.325371 -28.412718 -12.580242
v 73.325371 -28.412718 -10.456505
v 73.325371 -28.412718 -12.580242
v 73.837296 -28.412718 -10.456505
v 73.837296 -28.412718 -12.580242
v 73.837296 -27.764107 -10.456505
v 73.325371 -27.764107 -10.456505
v 73.325371 -28.412718 -10.456505
v 73.837296 -28.412718 -10.456505
v 73.837296 -28.412718 -10.456505
v 73.837296 -28.412718 -12.580242
v 73.837296 -27.764107 -10.456505
v 73.837296 -27.764107 -12.580242
v 73.325371 -27.764107 -12.580242
v 73.325371 -28.412718 -10.456505
v 73.325371 -27.764107 -10.456505
v 73.325371 -28.412718 -12.580242
v 70.738960 -25.909994 9.737538
v 66.445038 -25.909994 9.737538
v 66.445038 -25.909994 13.833317
v 70.738960 -25.909994 13.833317
v 66.445038 -25.909994 9.737538
v 70.738960 -25.909994 9.737538
v 70.738960 -27.450594 9.737538
v 66.445038 -27.450594 9.737538
v 70.738960 -27.450594 13.833317
v 66.445038 -27.450594 13.833317
v 66.445038 -27.450594 9.737538
v 70.738960 -27.450594 9.737538
v 70.738960 -25.909994 13.833317
v 66.445038 -25.909994 13.833317
v 66.445038 -27.450594 13.833317
v 70.738960 -27.450594 13.833317
v 70.738960 -27.450594 13.833317
v 70.738960 -27.450594 9.737538
v 70.738960 -25.909994 13.833317
v 70.738960 -25.909994 9.737538
v 66.445038 -25.909994 9.737538
v 66.445038 -27.450594 13.833317
v 66.445038 -25.909994 13.833317
v 66.445038 -27.450594 9.737538
v 71.797714 -26.042549 12.023932
v 71.816895 -26.370716 12.127925
v 71.857208 -25.975443 12.646315
v 71.993919 -27.005047 13.555930
v 71.805946 -26.021441 11.707597
v 71.883652 -25.913559 11.136977
v 71.813515 -26.369734 11.599123
v 71.998299 -26.973509 10.259743
v 95.356087 -17.593306 -13.984712
v 62.889317 -18.260319 -13.658325
v 95.355934 -18.329716 -13.755727
v 62.889164 -17.593307 -13.984703
v 90.850578 -26.567881 -24.080431
v 95.356087 -22.379351 -20.650112
v 90.850578 -26.842094 -23.552858
v 95.356087 -21.927197 -21.189390
v 62.976841 -20.751041 -17.287497
v 64.218437 -23.047619 -19.848112
v 64.138298 -20.735596 -17.284611
v 62.877445 -23.065603 -19.868288
v 64.138298 -20.735596 -17.284611
v 64.218437 -23.047619 -19.848112
v 65.231735 -22.417589 -20.604502
v 64.686317 -19.098759 -17.141994
v 62.976841 -19.068186 -17.113649
v 64.138298 -20.735596 -17.284611
v 64.686317 -19.098759 -17.141994
v 62.976841 -20.751041 -17.287497
v 85.961487 -32.348915 -25.535782
v 90.850578 -26.567881 -24.080431
v 90.850578 -26.842094 -23.552858
v 85.961487 -32.252640 -26.051651
v 43.256554 -17.593306 13.984710
v 75.723328 -18.260319 13.658323
v 43.256706 -18.329716 13.755725
v 75.723480 -17.593307 13.984701
v 47.762062 -26.567884 24.080427
v 43.256554 -22.379351 20.650108
v 47.762062 -26.842098 23.552855
v 43.256554 -21.927197 21.189386
v 74.474342 -20.735596 17.284611
v 74.394203 -23.047619 19.848108
v 73.380905 -22.417589 20.604498
v 73.926323 -19.098759 17.141994
v 75.635803 -19.068186 17.113649
v 74.474342 -20.735596 17.284611
v 73.926323 -19.098759 17.141994
v 75.635803 -20.751041 17.287497
v 52.651154 -32.348915 25.535778
v 47.762062 -26.567884 24.080427
v 47.762062 -26.842098 23.552855
v 52.651154 -32.252640 26.051647
v -77.084129 -25.909994 -13.833319
v -81.378052 -25.909994 -13.833319
v -77.084129 -25.909994 -9.737540
v -81.378052 -25.909994 -9.737540
v -81.378052 -27.450594 -9.737540
v -77.084129 -27.450594 -9.737540
v -81.378052 -25.909994 -9.737540
v -77.084129 -25.909994 -9.737540
v -77.084129 -27.450594 -9.737540
v -81.378052 -27.450594 -9.737540
v -77.084129 -27.450594 -13.833319
v -81.378052 -27.450594 -13.833319
v -77.084129 -25.909994 -13.833319
v -81.378052 -27.450594 -13.833319
v -81.378052 -25.909994 -13.833319
v -77.084129 -27.450594 -13.833319
v -77.084129 -25.909994 -13.833319
v -77.084129 -25.909994 -9.737540
v -77.084129 -27.450594 -9.737540
v -77.084129 -27.450594 -13.833319
v -81.378052 -25.909994 -9.737540
v -81.378052 -25.909994 -13.833319
v -81.378052 -27.450594 -13.833319
v -81.378052 -27.450594 -9.737540
v -78.159477 -30.774668 -9.981603
v -74.490044 -28.423216 -10.559392
v -78.127480 -30.167133 -9.980227
v -74.484665 -27.800051 -10.559268
v -74.484665 -27.800512 -11.189955
v -78.127480 -30.167133 -9.980227
v -74.484665 -27.800051 -10.559268
v -78.126251 -30.167049 -13.025820
v -78.159119 -30.775013 -13.025783
v -74.490044 -28.423210 -11.190693
v -78.159477 -30.774668 -9.981603
v -74.490044 -28.423216 -10.559392
v -78.126251 -30.167049 -13.025820
v -74.490044 -28.423210 -11.190693
v -78.159119 -30.775013 -13.025783
v -74.484665 -27.800512 -11.189955
v -74.490044 -27.768707 -12.446971
v -78.127480 -26.363186 -13.026136
v -78.159477 -25.755651 -13.024760
v -74.484665 -28.391872 -12.447095
v -74.484665 -28.391411 -11.816408
v -78.127480 -26.363186 -13.026136
v -74.484665 -28.391872 -12.447095
v -78.126251 -26.363270 -9.980227
v -78.159119 -25.755306 -9.980897
v -74.490044 -27.768713 -11.815670
v -78.159477 -25.755651 -13.024760
v -74.490044 -27.768707 -12.446971
v -74.490044 -27.768713 -11.815670
v -78.126251 -26.363270 -9.980227
v -74.484665 -28.391411 -11.816408
v -78.159119 -25.755306 -9.980897
v -77.709175 -24.953352 -11.664886
v -80.288795 -19.744211 -3.627007
v -77.709175 -25.289408 -11.665960
v -80.288795 -19.408155 -3.817024
v -80.818527 -25.289408 -11.665960
v -80.288795 -19.744211 -3.627007
v -80.818527 -24.953352 -11.664886
v -80.288795 -19.408155 -3.817024
v -74.497719 -27.764107 -12.580242
v -74.497719 -27.764107 -10.456505
v -73.985794 -27.764107 -12.580242
v -73.985794 -27.764107 -10.456505
v -73.985794 -27.764107 -12.580242
v -73.985794 -28.412718 -12.580242
v -74.497719 -27.764107 -12.580242
v -74.497719 -28.412718 -12.580242
v -74.497719 -28.412718 -10.456505
v -74.497719 -28.412718 -12.580242
v -73.985794 -28.412718 -10.456505
v -73.985794 -28.412718 -12.580242
v -73.985794 -27.764107 -10.456505
v -74.497719 -27.764107 -10.456505
v -74.497719 -28.412718 -10.456505
v -73.985794 -28.412718 -10.456505
v -73.985794 -28.412718 -10.456505
v -73.985794 -28.412718 -12.580242
v -73.985794 -27.764107 -10.456505
v -73.985794 -27.764107 -12.580242
v -74.497719 -27.764107 -12.580242
v -74.497719 -28.412718 -10.456505
v -74.497719 -27.764107 -10.456505
v -74.497719 -28.412718 -12.580242
v -77.084129 -25.909994 9.737538
v -81.378052 -25.909994 9.737538
v -81.378052 -25.909994 13.833317
v -77.084129 -25.909994 13.833317
v -81.378052 -25.909994 9.737538
v -77.084129 -25.909994 9.737538
v -77.084129 -27.450594 9.737538
v -81.378052 -27.450594 9.737538
v -77.084129 -27.450594 13.833317
v -81.378052 -27.450594 13.833317
v -81.378052 -27.450594 9.737538
v -77.084129 -27.450594 9.737538
v -77.084129 -25.909994 13.833317
v -81.378052 -25.909994 13.833317
v -81.378052 -27.450594 13.833317
v -77.084129 -27.450594 13.833317
v -77.084129 -27.450594 13.833317
v -77.084129 -27.450594 9.737538
v -77.084129 -25.909994 13.833317
v -77.084129 -25.909994 9.737538
v -81.378052 -25.909994 9.737538
v -81.378052 -27.450594 13.833317
v -81.378052 -25.909994 13.833317
v -81.378052 -27.450594 9.737538
v -76.025375 -26.042549 12.023932
v -76.006195 -26.370716 12.127925
v -75.965881 -25.975443 12.646315
v -75.829170 -27.005047 13.555930
v -76.017143 -26.021441 11.707597
v -75.939438 -25.913559 11.136977
v -76.009575 -26.369734 11.599123
v -75.824791 -26.973509 10.259743
v -52.467003 -17.593306 -13.984712
v -84.933777 -18.260319 -13.658325
v -52.467155 -18.329716 -13.755727
v -84.933929 -17.593307 -13.984703
v -56.972511 -26.567881 -24.080431
v -52.467003 -22.379351 -20.650112
v -56.972511 -26.842094 -23.552858
v -52.467003 -21.927197 -21.189390
v -84.846252 -20.751041 -17.287497
v -83.604652 -23.047619 -19.848112
v -83.684792 -20.735596 -17.284611
v -84.945648 -23.065603 -19.868288
v -83.684792 -20.735596 -17.284611
v -83.604652 -23.047619 -19.848112
v -82.591354 -22.417589 -20.604502
v -83.136772 -19.098759 -17.141994
v -84.846252 -19.068186 -17.113649
v -83.684792 -20.735596 -17.284611
v -83.136772 -19.098759 -17.141994
v -84.846252 -20.751041 -17.287497
v -61.861603 -32.348915 -25.535782
v -56.972511 -26.567881 -24.080431
v -56.972511 -26.842094 -23.552858
v -61.861603 -32.252640 -26.051651
v -104.566536 -17.593306 13.984710
v -72.099762 -18.260319 13.658323
v -104.566383 -18.329716 13.755725
v -72.099609 -17.593307 13.984701
v -100.061028 -26.567884 24.080427
v -104.566536 -22.379351 20.650108
v -100.061028 -26.842098 23.552855
v -104.566536 -21.927197 21.189386
v -73.348747 -20.735596 17.284611
v -73.428886 -23.047619 19.848108
v -74.442184 -22.417589 20.604498
v -73.896767 -19.098759 17.141994
v -72.187286 -19.068186 17.113649
v -73.348747 -20.735596 17.284611
v -73.896767 -19.098759 17.141994
v -72.187286 -20.751041 17.287497
v -95.171936 -32.348915 25.535778
v -100.061028 -26.567884 24.080427
v -100.061028 -26.842098 23.552855
v -95.171936 -32.252640 26.051647
v -85.301865 -17.429302 -14.146241
v -53.048279 -17.436991 -14.207622
v -85.306503 -16.555305 -4.412812
v -52.986549 -16.555305 -4.412812
v -68.604614 -23.041382 8.057721
v -62.835564 -23.041382 8.057712
v -94.652344 -10.165565 -201.305237
v -93.403000 -13.471457 -201.144608
v -90.155350 -13.346686 -201.083496
v -84.279022 -7.164435 -201.240326
v -87.761093 -13.254706 -201.038437
v -94.652344 -10.165582 201.305237
v -93.403000 -13.471475 201.144608
v -90.155350 -13.346704 201.083496
v -84.279022 -7.164453 201.240326
v -87.761093 -13.254724 201.038437
v -100.952980 -0.591755 230.060242
v -100.952980 -19.157526 230.060242
v -100.531944 -0.591755 229.330978
v -100.531944 -19.157526 229.330978
v -100.952980 -0.591755 228.601715
v -100.952980 -19.157526 228.601715
v -101.795052 -0.591755 228.601715
v -101.795052 -19.157526 228.601715
v -102.216087 -0.591755 229.330978
v -102.216087 -19.157526 229.330978
v -101.795052 -0.591755 230.060242
v -101.795052 -19.157526 230.060242
v -100.952980 -0.591755 230.060242
v -100.952980 -19.157526 230.060242
v -100.756935 -19.157526 229.330978
v -100.756935 -25.708921 229.330978
v -101.374016 -19.157526 228.766830
v -101.374016 -25.708921 228.766830
v -101.991096 -19.157526 229.330978
v -101.991096 -25.708921 229.330978
v -101.374016 -19.157526 229.895126
v -101.374016 -25.708921 229.895126
v -100.756935 -19.157526 229.330978
v -100.756935 -25.708921 229.330978
v -101.367409 -32.163494 231.841553
v -101.367409 -32.163494 229.306229
v -101.066841 -31.862926 231.841553
v -101.066841 -31.862926 229.306229
v -101.367409 -31.562363 231.841553
v -101.367409 -31.562363 229.306229
v -101.667969 -31.862926 231.841553
v -101.667969 -31.862926 229.306229
v -101.367409 -32.163494 231.841553
v -101.367409 -32.163494 229.306229
v -101.367409 -32.163471 -229.306229
v -101.367409 -32.163471 -231.841553
v -101.066841 -31.862907 -231.841553
v -101.066841 -31.862907 -229.306229
v -101.367409 -31.562344 -231.841553
v -101.367409 -31.562344 -229.306229
v -101.667969 -31.862907 -231.841553
v -101.667969 -31.862907 -229.306229
v -101.367409 -32.163471 -231.841553
v -101.367409 -32.163471 -229.306229
v 67.792297 -28.302113 10.190920
v 67.792297 -17.691982 10.190920
v 69.319397 -17.691982 10.190920
v 69.319397 -28.302113 10.190920
v 70.082947 -17.691982 11.686911
v 70.082947 -28.302113 11.686911
v 69.319397 -28.302113 13.182901
v 69.319397 -17.691982 13.182901
v 67.792297 -28.302113 13.182901
v 67.792297 -17.691982 13.182901
v 67.028748 -17.691982 11.686911
v 67.028748 -28.302120 11.686911
v 67.792297 -28.302113 10.190920
v 67.792297 -17.691982 10.190920
v 69.958893 -30.204090 16.064238
v 69.958893 -30.204090 7.989549
v 69.328522 -29.181961 16.064238
v 69.328522 -29.181961 7.989549
v 68.067787 -29.181961 16.064238
v 68.067787 -29.181961 7.989549
v 67.437401 -30.204090 16.064238
v 67.437401 -30.204090 7.989549
v 67.480911 -27.475842 13.112295
v 67.480911 -30.190580 13.112295
v 68.089539 -30.190580 14.304722
v 68.089539 -27.475842 14.304722
v 69.306763 -30.190580 14.304722
v 69.306763 -27.475842 14.304722
v 69.915375 -30.190580 13.112295
v 69.915375 -27.475842 13.112295
v 67.824165 -17.691982 -10.177051
v 67.824165 -28.302113 -10.177051
v 69.351265 -17.691982 -10.177051
v 69.351265 -28.302113 -10.177051
v 70.114815 -17.691982 -11.673041
v 70.114815 -28.302113 -11.673041
v 69.351265 -28.302113 -13.169032
v 69.351265 -17.691982 -13.169032
v 67.824165 -28.302113 -13.169032
v 67.824165 -17.691982 -13.169032
v 67.060616 -17.691982 -11.673041
v 67.060616 -28.302120 -11.673041
v 67.824165 -28.302113 -10.177051
v 67.824165 -17.691982 -10.177051
v 69.947250 -27.475842 -11.622513
v 69.947250 -30.190580 -11.622513
v 69.338638 -27.475842 -12.814940
v 69.338638 -30.190580 -12.814940
v 68.121414 -27.475842 -12.814940
v 68.121414 -30.190580 -12.814940
v 67.512787 -27.475842 -11.622513
v 67.512787 -30.190580 -11.622513
v 67.512787 -27.475842 -11.622513
v 67.512787 -30.190580 -11.622513
v 68.121414 -30.190580 -10.430086
v 68.121414 -27.475842 -10.430086
v 69.338638 -30.190580 -10.430086
v 69.338638 -27.475842 -10.430086
v 69.947250 -30.190580 -11.622513
v 69.947250 -27.475842 -11.622513
v 69.990768 -30.204090 -15.565338
v 69.990768 -30.204090 -7.490650
v 69.360397 -31.226219 -7.490650
v 69.360397 -31.226219 -15.565338
v 68.099663 -31.226219 -7.490650
v 68.099663 -31.226219 -15.565338
v 67.469276 -30.204090 -7.490650
v 67.469276 -30.204090 -15.565338
v 69.990768 -30.204090 -7.490650
v 69.990768 -30.204090 -15.565338
v 69.360397 -29.181961 -7.490650
v 69.360397 -29.181961 -15.565338
v 68.099663 -29.181961 -7.490650
v 68.099663 -29.181961 -15.565338
v 67.469276 -30.204090 -7.490650
v 67.469276 -30.204090 -15.565338
v 64.218437 -23.047619 -19.848112
v 62.877445 -23.065603 -19.868288
v 62.877445 -21.927185 -21.189390
v 65.231735 -22.417589 -20.604502
v 71.633308 -21.927185 -21.189390
v 71.633308 -22.379353 -20.650114
v -85.295700 -30.183054 -14.711727
v -84.424683 -33.433788 -14.711728
v -78.794273 -30.183054 -14.617718
v -82.044975 -35.813496 -14.711709
v -78.794266 -36.684517 -14.711709
v -84.326050 -26.989269 18.556913
v -85.181808 -30.183054 18.556913
v -78.794266 -30.183054 18.556913
v -81.988029 -24.651257 18.556894
v -78.794266 -23.795479 18.556894
v -85.181808 -30.183054 18.556913
v -84.326050 -33.376842 18.556913
v -78.794266 -30.183054 18.556913
v -81.988029 -35.714859 18.556894
v -78.794266 -36.570629 18.556894
v -72.406700 -30.183054 18.556906
v -73.262497 -26.989269 18.556906
v -78.794266 -30.183054 18.556913
v -75.600494 -24.651257 18.556894
v -78.794266 -23.795479 18.556894
v -73.262497 -33.376842 18.556906
v -72.406700 -30.183054 18.556906
v -78.794266 -30.183054 18.556913
v -75.600494 -35.714859 18.556894
v -78.794266 -36.570629 18.556894
v -84.326050 -26.989269 8.763050
v -85.181808 -30.183054 8.763050
v -78.794273 -30.183056 8.858362
v -81.988029 -24.651257 8.763032
v -78.794266 -23.795479 8.763032
v -81.988029 -35.714859 8.763031
v -78.794266 -36.570629 8.763031
v -78.794273 -30.183056 8.858362
v -84.326050 -33.376842 8.763049
v -85.181808 -30.183054 8.763050
v -72.406700 -30.183054 8.763042
v -73.262497 -26.989269 8.763042
v -78.794273 -30.183056 8.858362
v -75.600494 -24.651257 8.763032
v -78.794266 -23.795479 8.763032
v -73.262497 -33.376842 8.763041
v -72.406700 -30.183054 8.763042
v -78.794273 -30.183056 8.858362
v -75.600494 -35.714859 8.763031
v -78.794266 -36.570629 8.763031
v -80.030792 -28.302113 10.190920
v -80.030792 -17.973736 10.190920
v -78.503693 -17.973736 10.190920
v -78.503693 -28.302113 10.190920
v -77.740143 -17.973736 11.686911
v -77.740143 -28.302113 11.686911
v -78.503693 -28.302113 13.182901
v -78.503693 -17.973736 13.182901
v -80.030792 -28.302113 13.182901
v -80.030792 -17.973736 13.182901
v -80.794342 -17.973736 11.686911
v -80.794342 -28.302120 11.686911
v -80.030792 -28.302113 10.190920
v -80.030792 -17.973736 10.190920
v -80.385689 -30.204090 16.064238
v -80.385689 -30.204090 7.989549
v -79.755302 -31.226219 7.989549
v -79.755302 -31.226219 16.064238
v -78.494568 -31.226219 7.989549
v -78.494568 -31.226219 16.064238
v -77.864197 -30.204090 7.989549
v -77.864197 -30.204090 16.064238
v -77.864197 -30.204090 16.064238
v -77.864197 -30.204090 7.989549
v -78.494568 -29.181961 16.064238
v -78.494568 -29.181961 7.989549
v -79.755302 -29.181961 16.064238
v -79.755302 -29.181961 7.989549
v -80.385689 -30.204090 16.064238
v -80.385689 -30.204090 7.989549
v -80.342178 -27.475842 13.112295
v -80.342178 -30.190580 13.112295
v -79.733551 -30.190580 14.304722
v -79.733551 -27.475842 14.304722
v -78.516327 -30.190580 14.304722
v -78.516327 -27.475842 14.304722
v -77.907715 -30.190580 13.112295
v -77.907715 -27.475842 13.112295
v -79.998924 -17.973736 -10.177051
v -79.998924 -28.302113 -10.177051
v -78.471825 -17.973736 -10.177051
v -78.471825 -28.302113 -10.177051
v -77.708275 -17.973736 -11.673041
v -77.708275 -28.302113 -11.673041
v -78.471825 -28.302113 -13.169032
v -78.471825 -17.973736 -13.169032
v -79.998924 -28.302113 -13.169032
v -79.998924 -17.973736 -13.169032
v -80.762474 -17.973736 -11.673041
v -80.762474 -28.302120 -11.673041
v -79.998924 -28.302113 -10.177051
v -79.998924 -17.973736 -10.177051
v -77.875839 -27.475842 -11.622513
v -77.875839 -30.190580 -11.622513
v -78.484451 -27.475842 -12.814940
v -78.484451 -30.190580 -12.814940
v -79.701675 -27.475842 -12.814940
v -79.701675 -30.190580 -12.814940
v -80.310303 -27.475842 -11.622513
v -80.310303 -30.190580 -11.622513
v -80.310303 -27.475842 -11.622513
v -80.310303 -30.190580 -11.622513
v -79.701675 -30.190580 -10.430086
v -79.701675 -27.475842 -10.430086
v -78.484451 -30.190580 -10.430086
v -78.484451 -27.475842 -10.430086
v -77.875839 -30.190580 -11.622513
v -77.875839 -27.475842 -11.622513
v -77.832321 -30.204090 -15.565338
v -77.832321 -30.204090 -7.490650
v -78.462692 -31.226219 -7.490650
v -78.462692 -31.226219 -15.565338
v -79.723427 -31.226219 -7.490650
v -79.723427 -31.226219 -15.565338
v -80.353813 -30.204090 -7.490650
v -80.353813 -30.204090 -15.565338
v -77.832321 -30.204090 -7.490650
v -77.832321 -30.204090 -15.565338
v -78.462692 -29.181961 -7.490650
v -78.462692 -29.181961 -15.565338
v -79.723427 -29.181961 -7.490650
v -79.723427 -29.181961 -15.565338
v -80.353813 -30.204090 -7.490650
v -80.353813 -30.204090 -15.565338
v -83.604652 -23.047619 -19.848112
v -84.945648 -23.065603 -19.868288
v -84.945648 -21.927185 -21.189390
v -82.591354 -22.417589 -20.604502
v -76.189781 -21.927185 -21.189390
v -76.189781 -22.379353 -20.650114
v -68.604614 -23.041382 8.057721
v -85.301865 -23.041382 -8.057750
v -85.306503 -16.555305 -4.412812
v -85.301865 -17.429302 -14.146241
v -85.301865 -21.879280 -10.844029
v -85.301865 -19.414295 -13.346001
v -104.513313 -17.644768 14.022900
v -72.372597 -16.555305 4.926249
v -72.186829 -17.653446 14.080775
v -104.438629 -16.555305 4.926249
v -89.635796 -23.041382 -8.057756
v -96.368462 -23.041382 -8.057768
v -89.635796 -23.041382 -8.057756
v -72.372551 -23.022297 8.356661
v -72.372597 -16.555305 4.926249
v -72.186829 -17.653446 14.080775
v -72.186829 -21.879278 10.844014
v -72.186829 -19.420963 13.357657
v -104.438629 -16.555305 4.926249
v -104.513313 -23.041382 8.057779
v -96.368462 -23.041382 -8.057768
v -104.513313 -17.644768 14.022900
v -104.513313 -21.879282 10.844045
v -104.513313 -19.404528 13.328922
v 79.779930 -23.041380 8.112123
v 62.728279 -23.041380 -8.057508
v 62.718990 -16.574390 -4.627131
v 62.723633 -17.448387 -14.445416
v 62.728279 -21.879267 -10.843890
v 62.728279 -19.489582 -13.477628
v 95.038948 -16.574390 -4.627131
v 95.052277 -23.041380 -8.057456
v 85.287682 -23.041380 8.112233
v 95.045609 -17.452232 -14.476121
v 95.052277 -21.879263 -10.843861
v 95.052277 -19.505991 -13.506314
v 58.532585 -23.041382 -8.057515
v 75.652946 -23.041382 8.057486
v 75.652901 -16.574390 4.711931
v 75.652946 -17.693132 14.345462
v 75.652946 -21.879265 10.843877
v 75.652954 -19.496136 13.489081
v 43.586868 -16.574390 4.711931
v 43.589085 -23.041380 8.057399
v 51.765430 -23.041380 -8.112290
v 43.587986 -17.452232 14.476064
v 43.589085 -21.879263 10.843803
v 43.589085 -19.505991 13.506257
v 69.073151 -25.209543 13.122461
v 68.312874 -21.278032 15.338048
v 68.849014 -25.216702 13.107597
v 67.941887 -21.289875 15.313432
v 68.464668 -20.912342 15.756068
v 67.713341 -20.936344 15.706248
v 68.367119 -19.425724 16.510899
v 67.615814 -19.449722 16.461065
v 67.747566 -20.586409 15.021480
v 67.615814 -19.449722 16.461065
v 67.650024 -19.099792 15.776299
v 67.713341 -20.936344 15.706248
v 67.958405 -21.120773 14.982516
v 67.941887 -21.289875 15.313432
v 68.849014 -25.216702 13.107597
v 68.859024 -25.114546 12.907699
v 68.401360 -19.075794 15.826129
v 67.747566 -20.586409 15.021480
v 67.650024 -19.099792 15.776299
v 68.498909 -20.562410 15.071313
v 67.958405 -21.120773 14.982516
v 68.329391 -21.108921 15.007115
v 68.859024 -25.114546 12.907699
v 69.083145 -25.107389 12.922569
v 68.329391 -21.108921 15.007115
v 69.073151 -25.209543 13.122461
v 69.083145 -25.107389 12.922569
v 68.312874 -21.278032 15.338048
v 68.498909 -20.562410 15.071313
v 68.464668 -20.912342 15.756068
v 68.367119 -19.425724 16.510899
v 68.401360 -19.075794 15.826129
v -78.749939 -25.209543 13.122461
v -79.510216 -21.278032 15.338048
v -78.974075 -25.216702 13.107597
v -79.881203 -21.289875 15.313432
v -79.358421 -20.912342 15.756068
v -80.109749 -20.936344 15.706248
v -79.455971 -19.425724 16.510899
v -80.207275 -19.449722 16.461065
v -80.075523 -20.586409 15.021480
v -80.207275 -19.449722 16.461065
v -80.173065 -19.099792 15.776299
v -80.109749 -20.936344 15.706248
v -79.864685 -21.120773 14.982516
v -79.881203 -21.289875 15.313432
v -78.974075 -25.216702 13.107597
v -78.964066 -25.114546 12.907699
v -79.421730 -19.075794 15.826129
v -80.075523 -20.586409 15.021480
v -80.173065 -19.099792 15.776299
v -79.324181 -20.562410 15.071313
v -79.864685 -21.120773 14.982516
v -79.493698 -21.108921 15.007115
v -78.964066 -25.114546 12.907699
v -78.739944 -25.107389 12.922569
v -79.493698 -21.108921 15.007115
v -78.749939 -25.209543 13.122461
v -78.739944 -25.107389 12.922569
v -79.510216 -21.278032 15.338048
v -79.324181 -20.562410 15.071313
v -79.358421 -20.912342 15.756068
v -79.455971 -19.425724 16.510899
v -79.421730 -19.075794 15.826129
v -84.279022 -7.164435 -201.240326
v -94.663483 -6.449546 -201.485779
v -94.652344 -10.165565 -201.305237
v -91.472336 -1.424979 -201.645798
v -85.663757 -0.748908 -201.556824
v -85.663757 -0.748925 201.556824
v -84.279022 -7.164453 201.240326
v -91.472336 -1.424997 201.645798
v -94.663483 -6.449563 201.485779
v -94.652344 -10.165582 201.305237
v -90.155350 -13.346704 201.083496
v -84.279022 -7.164453 201.240326
v -87.761093 -13.254724 201.038437
v -94.652344 -10.165582 201.305237
v -93.403000 -13.471475 201.144608
v -85.663757 -0.748908 -201.556824
v -84.279022 -7.164435 -201.240326
v -91.472336 -1.424979 -201.645798
v -94.663483 -6.449546 -201.485779
v -94.652344 -10.165565 -201.305237
v -90.155350 -13.346686 -201.083496
v -84.279022 -7.164435 -201.240326
v -87.761093 -13.254706 -201.038437
v -94.652344 -10.165565 -201.305237
v -93.403000 -13.471457 -201.144608
v -84.279022 -7.164453 201.240326
v -94.663483 -6.449563 201.485779
v -94.652344 -10.165582 201.305237
v -91.472336 -1.424997 201.645798
v -85.663757 -0.748925 201.556824
v -101.795052 -19.157507 -230.060242
v -100.952980 -0.591735 -230.060242
v -100.952980 -19.157507 -230.060242
v -101.795052 -0.591735 -230.060242
v -102.216087 -19.157507 -229.330978
v -102.216087 -0.591735 -229.330978
v -101.795052 -19.157507 -228.601715
v -101.795052 -0.591735 -228.601715
v -100.952980 -19.157507 -228.601715
v -100.952980 -0.591735 -228.601715
v -100.531944 -19.157507 -229.330978
v -100.531944 -0.591735 -229.330978
v -100.952980 -19.157507 -230.060242
v -100.952980 -0.591735 -230.060242
v -101.374016 -25.708902 -229.895126
v -100.756935 -19.157507 -229.330978
v -100.756935 -25.708902 -229.330978
v -101.374016 -19.157507 -229.895126
v -101.991096 -25.708902 -229.330978
v -101.991096 -19.157507 -229.330978
v -101.374016 -25.708902 -228.766830
v -101.374016 -19.157507 -228.766830
v -100.756935 -25.708902 -229.330978
v -100.756935 -19.157507 -229.330978
v 70.511360 -28.071915 9.789571
v 70.434174 -29.351345 9.789571
v 70.434174 -28.071915 9.789571
v 70.511360 -29.351345 9.789571
v 70.434174 -29.822498 10.263358
v 70.511360 -29.822498 10.263358
v 70.434174 -29.822498 11.489213
v 70.511360 -29.822498 11.489213
v 70.434174 -29.351345 11.963000
v 70.511360 -29.351345 11.963000
v 70.434174 -28.071915 11.963000
v 70.511360 -28.071915 11.963000
v 70.434174 -27.600752 11.489213
v 70.511360 -27.600752 11.489213
v 70.434174 -27.600752 11.666910
v 70.511360 -27.600752 11.666910
v 70.434174 -27.434172 11.666910
v 70.511360 -27.434172 11.666910
v 70.434174 -27.434172 11.489213
v 70.511360 -27.434172 11.489213
v 70.434174 -27.434172 10.263358
v 70.511360 -27.434172 10.263358
v 70.434174 -27.434172 10.085661
v 70.511360 -27.434172 10.085661
v 70.434174 -27.600752 10.085661
v 70.511360 -27.600752 10.085661
v 70.434174 -27.600752 10.263358
v 70.511360 -27.600752 10.263358
v 70.434174 -28.071915 9.789571
v 70.511360 -28.071915 9.789571
v 67.480911 -27.475842 13.112295
v 68.089539 -30.190580 11.919868
v 67.480911 -30.190580 13.112295
v 68.089539 -27.475842 11.919868
v 69.306763 -30.190580 11.919868
v 69.306763 -27.475842 11.919868
v 69.915375 -30.190580 13.112295
v 69.915375 -27.475842 13.112295
v 68.849014 -25.216702 -13.107599
v 68.312874 -21.278032 -15.338050
v 69.073151 -25.209543 -13.122463
v 67.941887 -21.289875 -15.313434
v 68.464668 -20.912342 -15.756070
v 67.713341 -20.936344 -15.706250
v 68.367119 -19.425724 -16.510899
v 67.615814 -19.449722 -16.461065
v 67.615814 -19.449722 -16.461065
v 67.747566 -20.586409 -15.021482
v 67.650024 -19.099792 -15.776301
v 67.713341 -20.936344 -15.706250
v 67.958405 -21.120773 -14.982518
v 67.941887 -21.289875 -15.313434
v 68.849014 -25.216702 -13.107599
v 68.859024 -25.114546 -12.907701
v 67.747566 -20.586409 -15.021482
v 68.401360 -19.075794 -15.826131
v 67.650024 -19.099792 -15.776301
v 68.498909 -20.562410 -15.071315
v 67.958405 -21.120773 -14.982518
v 68.329391 -21.108921 -15.007117
v 68.859024 -25.114546 -12.907701
v 69.083145 -25.107389 -12.922571
v 69.073151 -25.209543 -13.122463
v 68.329391 -21.108921 -15.007117
v 69.083145 -25.107389 -12.922571
v 68.312874 -21.278032 -15.338050
v 68.498909 -20.562410 -15.071315
v 68.464668 -20.912342 -15.756070
v 68.367119 -19.425724 -16.510899
v 68.401360 -19.075794 -15.826131
v 70.434174 -28.071915 14.175225
v 70.434174 -29.351345 14.175225
v 70.511360 -28.071915 14.175225
v 70.511360 -29.351345 14.175225
v 70.434174 -29.822498 13.701437
v 70.511360 -29.822498 13.701437
v 70.434174 -29.822498 12.475582
v 70.511360 -29.822498 12.475582
v 70.434174 -29.351345 12.001795
v 70.511360 -29.351345 12.001795
v 70.434174 -28.071915 12.001795
v 70.511360 -28.071915 12.001795
v 70.434174 -27.600752 12.475582
v 70.511360 -27.600752 12.475582
v 70.434174 -27.600752 12.297885
v 70.511360 -27.600752 12.297885
v 70.434174 -27.434172 12.297885
v 70.511360 -27.434172 12.297885
v 70.434174 -27.434172 12.475582
v 70.511360 -27.434172 12.475582
v 70.434174 -27.434172 13.701437
v 70.511360 -27.434172 13.701437
v 70.434174 -27.434172 13.879134
v 70.511360 -27.434172 13.879134
v 70.434174 -27.600752 13.879134
v 70.511360 -27.600752 13.879134
v 70.434174 -27.600752 13.701437
v 70.511360 -27.600752 13.701437
v 70.434174 -28.071915 14.175225
v 70.511360 -28.071915 14.175225
v 70.434174 -29.822498 13.701437
v 70.434174 -29.351345 12.001795
v 70.434174 -29.822498 12.475582
v 70.434174 -29.351345 14.175225
v 70.434174 -28.071915 12.001795
v 70.434174 -28.071915 14.175225
v 70.434174 -27.600752 13.701437
v 70.434174 -27.600752 12.475582
v 70.434174 -27.434172 12.297885
v 70.434174 -27.600752 12.297885
v 70.434174 -27.434172 12.475582
v 70.434174 -27.434172 13.701437
v 70.434174 -27.600752 13.879134
v 70.434174 -27.434172 13.879134
v 71.894928 -26.917473 12.284885
v 69.017151 -27.261652 13.412136
v 68.906151 -26.917473 12.651755
v 72.005936 -27.261652 13.045265
v 69.063133 -26.917473 13.727096
v 72.051918 -26.917473 13.360225
v 72.005936 -26.086548 13.045266
v 69.017151 -26.086548 13.412136
v 71.940918 -26.086548 12.599846
v 68.952126 -26.086548 12.966716
v 71.894928 -26.430727 12.284885
v 68.906151 -26.430727 12.651756
v 68.906151 -26.917473 12.651755
v 71.894928 -26.917473 12.284885
v 73.371582 -26.941856 13.346296
v 71.953568 -27.400320 13.037537
v 73.334694 -27.303507 12.872004
v 71.993919 -27.005047 13.555930
v 73.309250 -26.020031 13.093189
v 71.925819 -25.997505 13.279288
v 71.857208 -25.975443 12.646315
v 73.246506 -25.999844 12.514066
v 73.187958 -25.995165 11.968243
v 71.797714 -26.042549 12.023932
v 71.816895 -26.370716 12.127925
v 73.209641 -26.361488 12.039777
v 73.220154 -26.893124 11.948157
v 71.828392 -26.951780 12.027786
v 71.953568 -27.400320 13.037537
v 73.334694 -27.303507 12.872004
v 95.355934 -18.329716 -13.755727
v 95.450645 -19.072062 -17.167973
v 95.356087 -17.593306 -13.984712
v 95.450645 -18.524101 -17.666611
v 95.356087 -22.379351 -20.650112
v 95.356087 -21.927197 -21.189390
v 62.889164 -17.593307 -13.984703
v 62.976841 -19.068186 -17.113649
v 62.889317 -18.260319 -13.658325
v 62.976841 -18.524090 -17.666611
v 62.976841 -20.751041 -17.287497
v 62.877445 -23.065603 -19.868288
v 62.877445 -21.927185 -21.189390
v 75.808266 -26.567875 -24.080431
v 85.961487 -32.252640 -26.051651
v 79.983223 -32.252640 -26.051651
v 90.850578 -26.567881 -24.080431
v 71.633308 -21.927185 -21.189390
v 95.356087 -21.927197 -21.189390
v 95.450645 -18.524101 -17.666611
v 62.976841 -18.524090 -17.666611
v 62.877445 -21.927185 -21.189390
v 95.356087 -17.593306 -13.984712
v 62.889164 -17.593307 -13.984703
v 43.256706 -18.329716 13.755725
v 43.161995 -19.072062 17.167973
v 43.256554 -17.593306 13.984710
v 43.161995 -18.524101 17.666611
v 43.256554 -22.379351 20.650108
v 43.256554 -21.927197 21.189386
v 75.723480 -17.593307 13.984701
v 75.635803 -19.068186 17.113649
v 75.723328 -18.260319 13.658323
v 75.635803 -18.524090 17.666611
v 75.635803 -20.751041 17.287497
v 75.735199 -23.065603 19.868284
v 75.735199 -21.927185 21.189386
v 62.804375 -26.567879 24.080427
v 52.651154 -32.252640 26.051647
v 58.629417 -32.252640 26.051647
v 47.762062 -26.567884 24.080427
v 66.979332 -21.927185 21.189386
v 43.256554 -21.927197 21.189386
v 43.161995 -18.524101 17.666611
v 75.635803 -18.524090 17.666611
v 75.735199 -21.927185 21.189386
v 43.256554 -17.593306 13.984710
v 75.723480 -17.593307 13.984701
v -78.794266 -23.795479 -18.556898
v -78.794266 -30.183054 -18.556917
v -81.988029 -24.651257 -18.556898
v -84.326050 -26.989269 -18.556917
v -85.181808 -30.183054 -18.556917
v -75.600494 -24.651257 -18.556898
v -78.794266 -30.183054 -18.556917
v -78.794266 -23.795479 -18.556898
v -73.262497 -26.989269 -18.556910
v -72.406700 -30.183054 -18.556910
v -73.262497 -33.376842 -18.556910
v -78.794266 -30.183054 -18.556917
v -72.406700 -30.183054 -18.556910
v -75.600494 -35.714859 -18.556898
v -78.794266 -36.570629 -18.556898
v -81.988029 -35.714859 -18.556898
v -78.794266 -30.183054 -18.556917
v -78.794266 -36.570629 -18.556898
v -84.326050 -33.376842 -18.556917
v -85.181808 -30.183054 -18.556917
v -78.794273 -30.183054 -14.617718
v -78.794266 -23.681585 -14.711708
v -82.044975 -24.552620 -14.711708
v -84.424683 -26.932323 -14.711727
v -85.295700 -30.183054 -14.711727
v -78.794273 -30.183054 -14.617718
v -75.543556 -24.552620 -14.711708
v -78.794266 -23.681585 -14.711708
v -73.163864 -26.932323 -14.711720
v -72.292809 -30.183054 -14.711720
v -78.794273 -30.183054 -14.617718
v -73.163864 -33.433788 -14.711720
v -72.292809 -30.183054 -14.711720
v -75.543556 -35.813496 -14.711709
v -78.794266 -36.684517 -14.711709
v -84.326050 -26.989269 -8.763052
v -78.794273 -30.183056 -8.858364
v -85.181808 -30.183054 -8.763052
v -81.988029 -24.651257 -8.763034
v -78.794266 -23.795479 -8.763034
v -78.794273 -30.183056 -8.858364
v -84.326050 -33.376842 -8.763053
v -85.181808 -30.183054 -8.763052
v -81.988029 -35.714859 -8.763035
v -78.794266 -36.570629 -8.763035
v -72.406700 -30.183054 -8.763044
v -78.794273 -30.183056 -8.858364
v -73.262497 -26.989269 -8.763044
v -75.600494 -24.651257 -8.763034
v -78.794266 -23.795479 -8.763034
v -73.262497 -33.376842 -8.763045
v -78.794273 -30.183056 -8.858364
v -72.406700 -30.183054 -8.763044
v -75.600494 -35.714859 -8.763035
v -78.794266 -36.570629 -8.763035
v -78.794266 -30.183054 -4.767974
v -78.794266 -23.681585 -4.863287
v -82.044975 -24.552620 -4.863287
v -84.424683 -26.932323 -4.863306
v -85.295700 -30.183054 -4.863307
v -78.794266 -30.183054 -4.767974
v -75.543556 -24.552620 -4.863287
v -78.794266 -23.681585 -4.863287
v -73.163864 -26.932323 -4.863298
v -72.292809 -30.183054 -4.863298
v -78.794266 -30.183054 -4.767974
v -73.163864 -33.433788 -4.863298
v -72.292809 -30.183054 -4.863298
v -75.543556 -35.813496 -4.863288
v -78.794266 -36.684517 -4.863288
v -78.794266 -30.183054 -4.767974
v -82.044975 -35.813496 -4.863288
v -78.794266 -36.684517 -4.863288
v -84.424683 -33.433788 -4.863307
v -85.295700 -30.183054 -4.863307
v -78.794273 -30.183054 14.617716
v -82.044975 -24.552620 14.711706
v -78.794266 -23.681585 14.711706
v -84.424683 -26.932323 14.711725
v -85.295700 -30.183054 14.711725
v -78.794273 -30.183054 14.617716
v -78.794266 -23.681585 14.711706
v -75.543556 -24.552620 14.711706
v -73.163864 -26.932323 14.711718
v -72.292809 -30.183054 14.711718
v -78.794273 -30.183054 14.617716
v -72.292809 -30.183054 14.711718
v -73.163864 -33.433788 14.711717
v -75.543556 -35.813496 14.711705
v -78.794266 -36.684517 14.711705
v -78.794273 -30.183054 14.617716
v -78.794266 -36.684517 14.711705
v -82.044975 -35.813496 14.711705
v -84.424683 -33.433788 14.711724
v -85.295700 -30.183054 14.711725
v -78.794266 -30.183054 4.767972
v -85.295700 -30.183054 4.863304
v -84.424683 -26.932323 4.863304
v -82.044975 -24.552620 4.863286
v -78.794266 -23.681585 4.863286
v -78.794266 -30.183054 4.767972
v -84.424683 -33.433788 4.863304
v -85.295700 -30.183054 4.863304
v -82.044975 -35.813496 4.863285
v -78.794266 -36.684517 4.863285
v -78.794266 -30.183054 4.767972
v -73.163864 -26.932323 4.863296
v -72.292809 -30.183054 4.863296
v -75.543556 -24.552620 4.863286
v -78.794266 -23.681585 4.863286
v -78.794266 -30.183054 4.767972
v -72.292809 -30.183054 4.863296
v -73.163864 -33.433788 4.863296
v -75.543556 -35.813496 4.863285
v -78.794266 -36.684517 4.863285
v -77.311729 -28.071915 9.789571
v -77.388916 -29.351345 9.789571
v -77.388916 -28.071915 9.789571
v -77.311729 -29.351345 9.789571
v -77.388916 -29.822498 10.263358
v -77.311729 -29.822498 10.263358
v -77.388916 -29.822498 11.489213
v -77.311729 -29.822498 11.489213
v -77.388916 -29.351345 11.963000
v -77.311729 -29.351345 11.963000
v -77.388916 -28.071915 11.963000
v -77.311729 -28.071915 11.963000
v -77.388916 -27.600752 11.489213
v -77.311729 -27.600752 11.489213
v -77.388916 -27.600752 11.666910
v -77.311729 -27.600752 11.666910
v -77.388916 -27.434172 11.666910
v -77.311729 -27.434172 11.666910
v -77.388916 -27.434172 11.489213
v -77.311729 -27.434172 11.489213
v -77.388916 -27.434172 10.263358
v -77.311729 -27.434172 10.263358
v -77.388916 -27.434172 10.085661
v -77.311729 -27.434172 10.085661
v -77.388916 -27.600752 10.085661
v -77.311729 -27.600752 10.085661
v -77.388916 -27.600752 10.263358
v -77.311729 -27.600752 10.263358
v -77.388916 -28.071915 9.789571
v -77.311729 -28.071915 9.789571
v -80.342178 -27.475842 13.112295
v -79.733551 -30.190580 11.919868
v -80.342178 -30.190580 13.112295
v -79.733551 -27.475842 11.919868
v -78.516327 -30.190580 11.919868
v -78.516327 -27.475842 11.919868
v -77.907715 -30.190580 13.112295
v -77.907715 -27.475842 13.112295
v -78.974075 -25.216702 -13.107599
v -79.510216 -21.278032 -15.338050
v -78.749939 -25.209543 -13.122463
v -79.881203 -21.289875 -15.313434
v -79.358421 -20.912342 -15.756070
v -80.109749 -20.936344 -15.706250
v -79.455971 -19.425724 -16.510899
v -80.207275 -19.449722 -16.461065
v -80.207275 -19.449722 -16.461065
v -80.075523 -20.586409 -15.021482
v -80.173065 -19.099792 -15.776301
v -80.109749 -20.936344 -15.706250
v -79.864685 -21.120773 -14.982518
v -79.881203 -21.289875 -15.313434
v -78.974075 -25.216702 -13.107599
v -78.964066 -25.114546 -12.907701
v -80.075523 -20.586409 -15.021482
v -79.421730 -19.075794 -15.826131
v -80.173065 -19.099792 -15.776301
v -79.324181 -20.562410 -15.071315
v -79.864685 -21.120773 -14.982518
v -79.493698 -21.108921 -15.007117
v -78.964066 -25.114546 -12.907701
v -78.739944 -25.107389 -12.922571
v -78.749939 -25.209543 -13.122463
v -79.493698 -21.108921 -15.007117
v -78.739944 -25.107389 -12.922571
v -79.510216 -21.278032 -15.338050
v -79.324181 -20.562410 -15.071315
v -79.358421 -20.912342 -15.756070
v -79.455971 -19.425724 -16.510899
v -79.421730 -19.075794 -15.826131
v -77.388916 -28.071915 14.175225
v -77.388916 -29.351345 14.175225
v -77.311729 -28.071915 14.175225
v -77.311729 -29.351345 14.175225
v -77.388916 -29.822498 13.701437
v -77.311729 -29.822498 13.701437
v -77.388916 -29.822498 12.475582
v -77.311729 -29.822498 12.475582
v -77.388916 -29.351345 12.001795
v -77.311729 -29.351345 12.001795
v -77.388916 -28.071915 12.001795
v -77.311729 -28.071915 12.001795
v -77.388916 -27.600752 12.475582
v -77.311729 -27.600752 12.475582
v -77.388916 -27.600752 12.297885
v -77.311729 -27.600752 12.297885
v -77.388916 -27.434172 12.297885
v -77.311729 -27.434172 12.297885
v -77.388916 -27.434172 12.475582
v -77.311729 -27.434172 12.475582
v -77.388916 -27.434172 13.701437
v -77.311729 -27.434172 13.701437
v -77.388916 -27.434172 13.879134
v -77.311729 -27.434172 13.879134
v -77.388916 -27.600752 13.879134
v -77.311729 -27.600752 13.879134
v -77.388916 -27.600752 13.701437
v -77.311729 -27.600752 13.701437
v -77.388916 -28.071915 14.175225
v -77.311729 -28.071915 14.175225
v -77.388916 -29.822498 13.701437
v -77.388916 -29.351345 12.001795
v -77.388916 -29.822498 12.475582
v -77.388916 -29.351345 14.175225
v -77.388916 -28.071915 12.001795
v -77.388916 -28.071915 14.175225
v -77.388916 -27.600752 13.701437
v -77.388916 -27.600752 12.475582
v -77.388916 -27.434172 12.297885
v -77.388916 -27.600752 12.297885
v -77.388916 -27.434172 12.475582
v -77.388916 -27.434172 13.701437
v -77.388916 -27.600752 13.879134
v -77.388916 -27.434172 13.879134
v -75.928162 -26.917473 13.464804
v -78.805939 -27.261652 14.592054
v -78.916939 -26.917473 13.831674
v -75.817154 -27.261652 14.225183
v -78.759956 -26.917473 14.907014
v -75.771172 -26.917473 14.540143
v -75.817154 -26.086548 14.225184
v -78.805939 -26.086548 14.592054
v -75.882172 -26.086548 13.779764
v -78.870964 -26.086548 14.146634
v -75.928162 -26.430727 13.464804
v -78.916939 -26.430727 13.831675
v -78.916939 -26.917473 13.831674
v -75.928162 -26.917473 13.464804
v -74.451508 -26.941856 13.346296
v -75.869522 -27.400320 13.037537
v -74.488396 -27.303507 12.872004
v -75.829170 -27.005047 13.555930
v -74.513840 -26.020031 13.093189
v -75.897270 -25.997505 13.279288
v -75.965881 -25.975443 12.646315
v -74.576584 -25.999844 12.514066
v -74.635132 -25.995165 11.968243
v -76.025375 -26.042549 12.023932
v -76.006195 -26.370716 12.127925
v -74.613449 -26.361488 12.039777
v -74.602936 -26.893124 11.948157
v -75.994698 -26.951780 12.027786
v -75.869522 -27.400320 13.037537
v -74.488396 -27.303507 12.872004
v -52.467155 -18.329716 -13.755727
v -52.372444 -19.072062 -17.167973
v -52.467003 -17.593306 -13.984712
v -52.372444 -18.524101 -17.666611
v -52.467003 -22.379351 -20.650112
v -52.467003 -21.927197 -21.189390
v -84.933929 -17.593307 -13.984703
v -84.846252 -19.068186 -17.113649
v -84.933777 -18.260319 -13.658325
v -84.846252 -18.524090 -17.666611
v -84.846252 -20.751041 -17.287497
v -84.945648 -23.065603 -19.868288
v -84.945648 -21.927185 -21.189390
v -72.014824 -26.567875 -24.080431
v -61.861603 -32.252640 -26.051651
v -67.839867 -32.252640 -26.051651
v -56.972511 -26.567881 -24.080431
v -76.189781 -21.927185 -21.189390
v -52.467003 -21.927197 -21.189390
v -52.372444 -18.524101 -17.666611
v -84.846252 -18.524090 -17.666611
v -84.945648 -21.927185 -21.189390
v -52.467003 -17.593306 -13.984712
v -84.933929 -17.593307 -13.984703
v -104.566383 -18.329716 13.755725
v -104.661095 -19.072062 17.167973
v -104.566536 -17.593306 13.984710
v -104.661095 -18.524101 17.666611
v -104.566536 -22.379351 20.650108
v -104.566536 -21.927197 21.189386
v -72.099609 -17.593307 13.984701
v -72.187286 -19.068186 17.113649
v -72.099762 -18.260319 13.658323
v -72.187286 -18.524090 17.666611
v -72.187286 -20.751041 17.287497
v -72.087891 -23.065603 19.868284
v -72.087891 -21.927185 21.189386
v -85.018715 -26.567879 24.080427
v -95.171936 -32.252640 26.051647
v -89.193672 -32.252640 26.051647
v -100.061028 -26.567884 24.080427
v -80.843758 -21.927185 21.189386
v -104.566536 -21.927197 21.189386
v -104.661095 -18.524101 17.666611
v -72.187286 -18.524090 17.666611
v -72.087891 -21.927185 21.189386
v -104.566536 -17.593306 13.984710
v -72.099609 -17.593307 13.984701
v -52.986549 -16.555305 -4.412812
v -53.048279 -23.041382 -8.057697
v -62.835564 -23.041382 8.057712
v -53.048279 -17.436991 -14.207622
v -52.973221 -19.486906 -13.207139
v -53.048279 -21.879276 -10.843999
v 95.038948 -16.574390 -4.627131
v 62.723633 -17.448387 -14.445416
v 95.045609 -17.452232 -14.476121
v 62.718990 -16.574390 -4.627131
v 79.779930 -23.041380 8.112123
v 85.287682 -23.041380 8.112233
v 43.586868 -16.574390 4.711931
v 75.652946 -17.693132 14.345462
v 43.587986 -17.452232 14.476064
v 75.652901 -16.574390 4.711931
v 58.532585 -23.041382 -8.057515
v 51.765430 -23.041380 -8.112290
v -101.712906 -27.195335 231.956833
v -101.712906 -32.366394 231.905304
v -101.035126 -32.366394 231.905304
v -101.035126 -27.195335 231.956833
v -101.374016 -24.117950 229.870041
v -101.977158 -24.118389 229.317154
v -100.770874 -24.118389 229.317154
v -101.712906 -27.195316 -231.956833
v -101.035126 -32.366371 -231.905304
v -101.712906 -32.366371 -231.905304
v -101.035126 -27.195316 -231.956833
v -101.374016 -24.117931 -229.870041
v -101.977158 -24.118370 -229.317154
v -100.770874 -24.118370 -229.317154
v 70.511360 -29.822498 10.263358
v 70.511360 -29.351345 11.963000
v 70.511360 -29.822498 11.489213
v 70.511360 -29.351345 9.789571
v 70.511360 -28.071915 9.789571
v 70.511360 -28.071915 11.963000
v 70.511360 -27.600752 11.489213
v 70.511360 -27.600752 10.263358
v 70.511360 -27.434172 10.085661
v 70.511360 -27.600752 10.085661
v 70.511360 -27.434172 10.263358
v 70.511360 -27.434172 11.489213
v 70.511360 -27.600752 11.666910
v 70.511360 -27.434172 11.666910
v 70.434174 -29.822498 11.489213
v 70.434174 -29.351345 9.789571
v 70.434174 -29.822498 10.263358
v 70.434174 -29.351345 11.963000
v 70.434174 -28.071915 11.963000
v 70.434174 -28.071915 9.789571
v 70.434174 -27.600752 10.263358
v 70.434174 -27.600752 11.489213
v 70.434174 -27.434172 11.666910
v 70.434174 -27.600752 11.666910
v 70.434174 -27.434172 11.489213
v 70.434174 -27.434172 10.263358
v 70.434174 -27.600752 10.085661
v 70.434174 -27.434172 10.085661
v 67.437401 -30.204090 16.064238
v 67.437401 -30.204090 7.989549
v 68.067787 -31.226219 9.169468
v 68.067787 -31.226219 17.244156
v 69.328522 -31.226219 16.064238
v 69.328522 -31.226219 7.989549
v 69.958893 -30.204090 7.989549
v 69.958893 -30.204090 16.064238
v 70.511360 -29.351345 12.001795
v 70.511360 -29.822498 13.701437
v 70.511360 -29.822498 12.475582
v 70.511360 -29.351345 14.175225
v 70.511360 -28.071915 14.175225
v 70.511360 -28.071915 12.001795
v 70.511360 -27.600752 13.701437
v 70.511360 -27.600752 12.475582
v 70.511360 -27.434172 13.879134
v 70.511360 -27.600752 13.879134
v 70.511360 -27.434172 13.701437
v 70.511360 -27.434172 12.475582
v 70.511360 -27.600752 12.297885
v 70.511360 -27.434172 12.297885
v 68.929352 -26.917473 11.135416
v 71.996284 -27.261652 10.734641
v 71.918304 -26.917473 11.499114
v 69.007332 -27.261652 10.370943
v 69.039635 -26.917473 10.054288
v 72.028587 -26.917473 10.417986
v 71.996284 -26.086548 10.734640
v 69.007332 -26.086548 10.370943
v 68.961647 -26.086548 10.818761
v 71.950607 -26.086548 11.182458
v 71.918304 -26.430727 11.499114
v 68.929352 -26.430727 11.135415
v 68.929352 -26.917473 11.135416
v 71.918304 -26.917473 11.499114
v 73.190857 -26.975119 11.771172
v 71.928131 -27.429682 10.721891
v 73.310417 -27.365732 10.904662
v 71.797462 -27.002748 11.668974
v 71.813515 -26.369734 11.599123
v 73.205536 -26.395950 11.707263
v 73.197906 -26.004520 11.787230
v 71.805946 -26.021441 11.707597
v 71.883652 -25.913559 11.136977
v 73.269691 -25.978586 11.284432
v 71.966881 -25.901447 10.553259
v 73.345810 -25.967506 10.750374
v 71.998299 -26.973509 10.259743
v 73.374588 -26.948362 10.481829
v 73.310417 -27.365732 10.904662
v 71.928131 -27.429682 10.721891
v 85.961487 -32.348915 -25.535782
v 79.983223 -32.252640 -26.051651
v 85.961487 -32.252640 -26.051651
v 79.983223 -32.348896 -25.535782
v 75.808266 -26.842087 -23.552858
v 90.850578 -26.842094 -23.552858
v 71.633308 -22.379353 -20.650114
v 95.356087 -22.379351 -20.650112
v 95.450645 -19.072062 -17.167973
v 64.686317 -19.098759 -17.141994
v 65.231735 -22.417589 -20.604502
v 95.355934 -18.329716 -13.755727
v 62.889317 -18.260319 -13.658325
v 62.976841 -19.068186 -17.113649
v 75.808266 -26.567875 -24.080431
v 71.633308 -22.379353 -20.650114
v 71.633308 -21.927185 -21.189390
v 75.808266 -26.842087 -23.552858
v 79.983223 -32.348896 -25.535782
v 79.983223 -32.252640 -26.051651
v 58.629417 -32.252640 26.051647
v 52.651154 -32.252640 26.051647
v 52.651154 -32.348915 25.535778
v 58.629417 -32.348896 25.535778
v 62.804375 -26.842091 23.552855
v 47.762062 -26.842098 23.552855
v 66.979332 -22.379353 20.650110
v 43.256554 -22.379351 20.650108
v 43.161995 -19.072062 17.167973
v 73.926323 -19.098759 17.141994
v 43.256706 -18.329716 13.755725
v 75.723328 -18.260319 13.658323
v 75.635803 -19.068186 17.113649
v 73.380905 -22.417589 20.604498
v 66.979332 -21.927185 21.189386
v 75.735199 -21.927185 21.189386
v 74.394203 -23.047619 19.848108
v 75.735199 -23.065603 19.868284
v 75.635803 -20.751041 17.287497
v 74.474342 -20.735596 17.284611
v 62.804375 -26.567879 24.080427
v 66.979332 -22.379353 20.650110
v 66.979332 -21.927185 21.189386
v 62.804375 -26.842091 23.552855
v 58.629417 -32.348896 25.535778
v 58.629417 -32.252640 26.051647
v -77.311729 -29.822498 10.263358
v -77.311729 -29.351345 11.963000
v -77.311729 -29.822498 11.489213
v -77.311729 -29.351345 9.789571
v -77.311729 -28.071915 9.789571
v -77.311729 -28.071915 11.963000
v -77.311729 -27.600752 11.489213
v -77.311729 -27.600752 10.263358
v -77.311729 -27.434172 10.085661
v -77.311729 -27.600752 10.085661
v -77.311729 -27.434172 10.263358
v -77.311729 -27.434172 11.489213
v -77.311729 -27.600752 11.666910
v -77.311729 -27.434172 11.666910
v -77.388916 -29.822498 11.489213
v -77.388916 -29.351345 9.789571
v -77.388916 -29.822498 10.263358
v -77.388916 -29.351345 11.963000
v -77.388916 -28.071915 11.963000
v -77.388916 -28.071915 9.789571
v -77.388916 -27.600752 10.263358
v -77.388916 -27.600752 11.489213
v -77.388916 -27.434172 11.666910
v -77.388916 -27.600752 11.666910
v -77.388916 -27.434172 11.489213
v -77.388916 -27.434172 10.263358
v -77.388916 -27.600752 10.085661
v -77.388916 -27.434172 10.085661
v -77.311729 -29.351345 12.001795
v -77.311729 -29.822498 13.701437
v -77.311729 -29.822498 12.475582
v -77.311729 -29.351345 14.175225
v -77.311729 -28.071915 14.175225
v -77.311729 -28.071915 12.001795
v -77.311729 -27.600752 13.701437
v -77.311729 -27.600752 12.475582
v -77.311729 -27.434172 13.879134
v -77.311729 -27.600752 13.879134
v -77.311729 -27.434172 13.701437
v -77.311729 -27.434172 12.475582
v -77.311729 -27.600752 12.297885
v -77.311729 -27.434172 12.297885
v -78.893738 -26.917473 12.315334
v -75.826805 -27.261652 11.914559
v -75.904785 -26.917473 12.679032
v -78.815758 -27.261652 11.550861
v -78.783455 -26.917473 11.234206
v -75.794502 -26.917473 11.597904
v -75.826805 -26.086548 11.914558
v -78.815758 -26.086548 11.550861
v -78.861443 -26.086548 11.998679
v -75.872482 -26.086548 12.362376
v -75.904785 -26.430727 12.679032
v -78.893738 -26.430727 12.315333
v -78.893738 -26.917473 12.315334
v -75.904785 -26.917473 12.679032
v -74.632233 -26.975119 11.771172
v -75.894958 -27.429682 10.721891
v -74.512672 -27.365732 10.904662
v -76.025627 -27.002748 11.668974
v -76.009575 -26.369734 11.599123
v -74.617554 -26.395950 11.707263
v -74.625183 -26.004520 11.787230
v -76.017143 -26.021441 11.707597
v -75.939438 -25.913559 11.136977
v -74.553398 -25.978586 11.284432
v -75.856209 -25.901447 10.553259
v -74.477280 -25.967506 10.750374
v -75.824791 -26.973509 10.259743
v -74.448502 -26.948362 10.481829
v -74.512672 -27.365732 10.904662
v -75.894958 -27.429682 10.721891
v -61.861603 -32.348915 -25.535782
v -67.839867 -32.252640 -26.051651
v -61.861603 -32.252640 -26.051651
v -67.839867 -32.348896 -25.535782
v -72.014824 -26.842087 -23.552858
v -56.972511 -26.842094 -23.552858
v -76.189781 -22.379353 -20.650114
v -52.467003 -22.379351 -20.650112
v -52.372444 -19.072062 -17.167973
v -83.136772 -19.098759 -17.141994
v -82.591354 -22.417589 -20.604502
v -52.467155 -18.329716 -13.755727
v -84.933777 -18.260319 -13.658325
v -84.846252 -19.068186 -17.113649
v -72.014824 -26.567875 -24.080431
v -76.189781 -22.379353 -20.650114
v -76.189781 -21.927185 -21.189390
v -72.014824 -26.842087 -23.552858
v -67.839867 -32.348896 -25.535782
v -67.839867 -32.252640 -26.051651
v -89.193672 -32.252640 26.051647
v -95.171936 -32.252640 26.051647
v -95.171936 -32.348915 25.535778
v -89.193672 -32.348896 25.535778
v -85.018715 -26.842091 23.552855
v -100.061028 -26.842098 23.552855
v -80.843758 -22.379353 20.650110
v -104.566536 -22.379351 20.650108
v -104.661095 -19.072062 17.167973
v -73.896767 -19.098759 17.141994
v -104.566383 -18.329716 13.755725
v -72.099762 -18.260319 13.658323
v -72.187286 -19.068186 17.113649
v -74.442184 -22.417589 20.604498
v -80.843758 -21.927185 21.189386
v -72.087891 -21.927185 21.189386
v -73.428886 -23.047619 19.848108
v -72.087891 -23.065603 19.868284
v -72.187286 -20.751041 17.287497
v -73.348747 -20.735596 17.284611
v -85.018715 -26.567879 24.080427
v -80.843758 -22.379353 20.650110
v -80.843758 -21.927185 21.189386
v -85.018715 -26.842091 23.552855
v -89.193672 -32.348896 25.535778
v -89.193672 -32.252640 26.051647
v -101.374023 -33.848080 231.102081
v -103.505302 -35.377373 231.044373
v -101.374023 -35.948452 231.044373
v -102.455124 -33.558399 231.102081
v -105.065529 -33.817154 231.044388
v -101.374023 -31.685852 230.470230
v -103.246559 -32.766964 231.102097
v -105.636604 -31.685852 231.044388
v -103.536240 -31.685852 231.102097
v -103.505302 -35.377373 231.044373
v -101.374023 -36.408417 230.214706
v -101.374023 -35.948452 231.044373
v -103.735283 -35.775711 230.214706
v -101.374023 -36.427624 229.505096
v -105.065529 -33.817154 231.044388
v -103.543312 -35.443195 228.683624
v -101.374023 -36.024452 228.683624
v -103.744896 -35.792347 229.505096
v -105.131348 -33.855152 228.683624
v -105.463867 -34.047134 230.214706
v -105.480507 -34.056744 229.505096
v -106.115776 -31.685852 229.505096
v -105.712608 -31.685852 228.683624
v -105.131348 -29.516554 228.683624
v -106.096565 -31.685852 230.214706
v -105.636604 -31.685852 231.044388
v -105.065529 -29.554556 231.044388
v -105.480507 -29.314968 229.505096
v -103.543312 -27.928516 228.683624
v -105.463867 -29.324575 230.214706
v -103.744896 -27.579357 229.505096
v -103.735283 -27.595995 230.214706
v -103.505302 -27.994339 231.044373
v -101.374023 -26.944082 229.505096
v -101.374023 -27.347252 228.683624
v -101.374023 -26.963293 230.214706
v -101.374023 -27.423256 231.044373
v -99.204735 -27.928516 228.683624
v -99.242737 -27.994339 231.044373
v -99.003151 -27.579357 229.505096
v -99.012749 -27.595995 230.214706
v -97.267540 -29.314968 229.505096
v -97.616707 -29.516554 228.683624
v -97.284180 -29.324574 230.214706
v -97.682533 -29.554556 231.044388
v -96.632256 -31.685852 229.505096
v -97.035431 -31.685852 228.683624
v -97.616707 -33.855152 228.683624
v -96.651474 -31.685852 230.214706
v -97.111435 -31.685852 231.044388
v -97.682533 -33.817154 231.044388
v -97.267540 -34.056744 229.505096
v -97.284180 -34.047134 230.214706
v -99.204735 -35.443195 228.683624
v -99.242737 -35.377373 231.044373
v -99.003151 -35.792347 229.505096
v -101.374023 -36.427624 229.505096
v -101.374023 -36.024452 228.683624
v -99.012749 -35.775711 230.214706
v -101.374023 -36.408417 230.214706
v -101.374023 -35.948452 231.044373
v -101.374023 -27.423256 231.044373
v -101.374023 -29.523628 231.102081
v -99.242737 -27.994339 231.044373
v -100.292915 -29.813313 231.102081
v -101.374023 -31.685852 230.470230
v -97.682533 -29.554556 231.044388
v -99.501503 -30.604740 231.102097
v -99.211807 -31.685852 231.102097
v -97.111435 -31.685852 231.044388
v -99.242737 -35.377373 231.044373
v -101.374023 -33.848080 231.102081
v -101.374023 -35.948452 231.044373
v -100.292915 -33.558399 231.102081
v -101.374023 -31.685852 230.470230
v -97.682533 -33.817154 231.044388
v -99.501503 -32.766964 231.102097
v -99.211807 -31.685852 231.102097
v -97.111435 -31.685852 231.044388
v -103.543312 -27.928516 228.683624
v -101.374023 -27.347252 228.683624
v -101.374023 -29.485077 228.625916
v -102.474403 -29.779922 228.625916
v -105.131348 -29.516554 228.683624
v -101.374023 -31.685852 229.257767
v -103.279945 -30.585463 228.625916
v -105.712608 -31.685852 228.683624
v -103.574791 -31.685852 228.625916
v -99.204735 -27.928516 228.683624
v -101.374023 -29.485077 228.625916
v -101.374023 -27.347252 228.683624
v -100.273643 -29.779922 228.625916
v -101.374023 -31.685852 229.257767
v -97.616707 -29.516554 228.683624
v -99.468109 -30.585463 228.625916
v -99.173256 -31.685852 228.625916
v -97.035431 -31.685852 228.683624
v -101.374023 -33.886631 228.625916
v -99.204735 -35.443195 228.683624
v -101.374023 -36.024452 228.683624
v -100.273643 -33.591785 228.625916
v -101.374023 -31.685852 229.257767
v -97.616707 -33.855152 228.683624
v -99.468109 -32.786243 228.625916
v -99.173256 -31.685852 228.625916
v -97.035431 -31.685852 228.683624
v -103.543312 -35.443195 228.683624
v -101.374023 -33.886631 228.625916
v -101.374023 -36.024452 228.683624
v -102.474403 -33.591785 228.625916
v -101.374023 -31.685852 229.257767
v -105.131348 -33.855152 228.683624
v -103.279945 -32.786243 228.625916
v -103.574791 -31.685852 228.625916
v -105.712608 -31.685852 228.683624
v -103.505302 -35.377350 -231.044373
v -101.374023 -33.848057 -231.102081
v -101.374023 -35.948429 -231.044373
v -102.455124 -33.558376 -231.102081
v -101.374023 -31.685833 -230.470230
v -105.065529 -33.817131 -231.044388
v -103.246559 -32.766941 -231.102097
v -103.536240 -31.685833 -231.102097
v -105.636604 -31.685833 -231.044388
v -101.374023 -36.408394 -230.214706
v -103.505302 -35.377350 -231.044373
v -101.374023 -35.948429 -231.044373
v -103.735283 -35.775688 -230.214706
v -105.065529 -33.817131 -231.044388
v -101.374023 -36.427601 -229.505096
v -101.374023 -36.024429 -228.683624
v -103.543312 -35.443172 -228.683624
v -103.744896 -35.792324 -229.505096
v -105.131348 -33.855129 -228.683624
v -105.463867 -34.047112 -230.214706
v -105.480507 -34.056721 -229.505096
v -106.115776 -31.685833 -229.505096
v -105.712608 -31.685833 -228.683624
v -105.131348 -29.516535 -228.683624
v -106.096565 -31.685833 -230.214706
v -105.636604 -31.685833 -231.044388
v -105.065529 -29.554537 -231.044388
v -105.480507 -29.314949 -229.505096
v -103.543312 -27.928497 -228.683624
v -105.463867 -29.324556 -230.214706
v -103.744896 -27.579338 -229.505096
v -103.735283 -27.595976 -230.214706
v -103.505302 -27.994320 -231.044373
v -101.374023 -26.944063 -229.505096
v -101.374023 -27.347233 -228.683624
v -101.374023 -26.963274 -230.214706
v -101.374023 -27.423237 -231.044373
v -99.204735 -27.928497 -228.683624
v -99.242737 -27.994320 -231.044373
v -99.003151 -27.579338 -229.505096
v -99.012749 -27.595976 -230.214706
v -97.267540 -29.314949 -229.505096
v -97.616707 -29.516535 -228.683624
v -97.284180 -29.324554 -230.214706
v -97.682533 -29.554537 -231.044388
v -96.632256 -31.685833 -229.505096
v -97.035431 -31.685833 -228.683624
v -97.616707 -33.855129 -228.683624
v -96.651474 -31.685833 -230.214706
v -97.111435 -31.685833 -231.044388
v -97.682533 -33.817131 -231.044388
v -97.267540 -34.056721 -229.505096
v -97.284180 -34.047112 -230.214706
v -99.204735 -35.443172 -228.683624
v -99.242737 -35.377350 -231.044373
v -99.003151 -35.792324 -229.505096
v -101.374023 -36.024429 -228.683624
v -101.374023 -36.427601 -229.505096
v -99.012749 -35.775688 -230.214706
v -101.374023 -36.408394 -230.214706
v -101.374023 -35.948429 -231.044373
v -101.374023 -27.423237 -231.044373
v -99.242737 -27.994320 -231.044373
v -101.374023 -29.523609 -231.102081
v -100.292915 -29.813293 -231.102081
v -101.374023 -31.685833 -230.470230
v -97.682533 -29.554537 -231.044388
v -99.501503 -30.604721 -231.102097
v -99.211807 -31.685833 -231.102097
v -97.111435 -31.685833 -231.044388
v -101.374023 -33.848057 -231.102081
v -99.242737 -35.377350 -231.044373
v -101.374023 -35.948429 -231.044373
v -100.292915 -33.558376 -231.102081
v -101.374023 -31.685833 -230.470230
v -97.682533 -33.817131 -231.044388
v -99.501503 -32.766941 -231.102097
v -99.211807 -31.685833 -231.102097
v -97.111435 -31.685833 -231.044388
v -103.543312 -27.928497 -228.683624
v -101.374023 -29.485058 -228.625916
v -101.374023 -27.347233 -228.683624
v -102.474403 -29.779903 -228.625916
v -101.374023 -31.685833 -229.257767
v -105.131348 -29.516535 -228.683624
v -103.279945 -30.585443 -228.625916
v -103.574791 -31.685833 -228.625916
v -105.712608 -31.685833 -228.683624
v -101.374023 -29.485058 -228.625916
v -99.204735 -27.928497 -228.683624
v -101.374023 -27.347233 -228.683624
v -100.273643 -29.779903 -228.625916
v -101.374023 -31.685833 -229.257767
v -97.616707 -29.516535 -228.683624
v -99.468109 -30.585443 -228.625916
v -99.173256 -31.685833 -228.625916
v -97.035431 -31.685833 -228.683624
v -101.374023 -33.886608 -228.625916
v -101.374023 -36.024429 -228.683624
v -99.204735 -35.443172 -228.683624
v -100.273643 -33.591763 -228.625916
v -101.374023 -31.685833 -229.257767
v -97.616707 -33.855129 -228.683624
v -99.468109 -32.786221 -228.625916
v -99.173256 -31.685833 -228.625916
v -97.035431 -31.685833 -228.683624
v -101.374023 -33.886608 -228.625916
v -103.543312 -35.443172 -228.683624
v -101.374023 -36.024429 -228.683624
v -102.474403 -33.591763 -228.625916
v -105.131348 -33.855129 -228.683624
v -101.374023 -31.685833 -229.257767
v -103.279945 -32.786221 -228.625916
v -105.712608 -31.685833 -228.683624
v -103.574791 -31.685833 -228.625916
v 73.209641 -26.361488 12.039777
v 73.187958 -25.995165 11.968243
v 73.246506 -25.999844 12.514066
v 73.371582 -26.941856 13.346296
v 73.220154 -26.893124 11.948157
v 73.309250 -26.020031 13.093189
v 73.205536 -26.395950 11.707263
v 73.269691 -25.978586 11.284432
v 73.197906 -26.004520 11.787230
v 73.374588 -26.948362 10.481829
v 73.190857 -26.975119 11.771172
v 73.345810 -25.967506 10.750374
v -78.794266 -37.259895 -17.205523
v -81.988029 -35.714859 -18.556898
v -78.794266 -36.570629 -18.556898
v -82.332657 -36.311775 -17.205540
v -84.326050 -33.376842 -18.556917
v -78.794266 -37.288681 -16.049717
v -78.794266 -36.684517 -14.711709
v -82.044975 -35.813496 -14.711709
v -82.347061 -36.336700 -16.049730
v -84.922958 -33.721474 -17.205544
v -84.947899 -33.735874 -16.049738
v -84.424683 -33.433788 -14.711728
v -85.871078 -30.183054 -17.205544
v -85.181808 -30.183054 -18.556917
v -84.326050 -26.989269 -18.556917
v -85.899864 -30.183054 -16.049738
v -85.295700 -30.183054 -14.711727
v -84.424683 -26.932323 -14.711727
v -84.922958 -26.644638 -17.205544
v -84.947899 -26.630243 -16.049738
v -82.044975 -24.552620 -14.711708
v -82.332657 -24.054333 -17.205540
v -81.988029 -24.651257 -18.556898
v -82.347061 -24.029400 -16.049730
v -78.794266 -23.077431 -16.049717
v -78.794266 -23.681585 -14.711708
v -78.794266 -23.106216 -17.205526
v -78.794266 -23.795479 -18.556898
v -75.543556 -24.552620 -14.711708
v -75.600494 -24.651257 -18.556898
v -75.241470 -24.029400 -16.049728
v -75.255859 -24.054333 -17.205534
v -72.640625 -26.630243 -16.049728
v -73.163864 -26.932323 -14.711720
v -72.665565 -26.644636 -17.205534
v -73.262497 -26.989269 -18.556910
v -71.688652 -30.183054 -16.049728
v -72.292809 -30.183054 -14.711720
v -73.163864 -33.433788 -14.711720
v -71.717445 -30.183054 -17.205534
v -72.406700 -30.183054 -18.556910
v -73.262497 -33.376842 -18.556910
v -72.640625 -33.735874 -16.049730
v -72.665565 -33.721474 -17.205532
v -75.543556 -35.813496 -14.711709
v -75.600494 -35.714859 -18.556898
v -75.241470 -36.336700 -16.049725
v -78.794266 -36.684517 -14.711709
v -78.794266 -37.288681 -16.049717
v -75.255859 -36.311775 -17.205534
v -78.794266 -37.259895 -17.205523
v -78.794266 -36.570629 -18.556898
v -78.794266 -37.259895 -7.392486
v -81.988029 -35.714859 -8.763035
v -78.794266 -36.570629 -8.763035
v -82.332657 -36.311775 -7.392501
v -84.326050 -33.376842 -8.763053
v -78.794266 -37.288681 -6.220281
v -78.794266 -36.684517 -4.863288
v -82.044975 -35.813496 -4.863288
v -82.347061 -36.336700 -6.220294
v -84.922958 -33.721474 -7.392506
v -84.947899 -33.735874 -6.220302
v -84.424683 -33.433788 -4.863307
v -85.871078 -30.183054 -7.392506
v -85.181808 -30.183054 -8.763052
v -84.326050 -26.989269 -8.763052
v -85.899864 -30.183054 -6.220302
v -85.295700 -30.183054 -4.863307
v -84.424683 -26.932323 -4.863306
v -84.922958 -26.644638 -7.392505
v -84.947899 -26.630243 -6.220301
v -82.044975 -24.552620 -4.863287
v -82.332657 -24.054333 -7.392500
v -81.988029 -24.651257 -8.763034
v -82.347061 -24.029400 -6.220294
v -78.794266 -23.077431 -6.220281
v -78.794266 -23.681585 -4.863287
v -78.794266 -23.106216 -7.392487
v -78.794266 -23.795479 -8.763034
v -75.543556 -24.552620 -4.863287
v -75.600494 -24.651257 -8.763034
v -75.241470 -24.029400 -6.220291
v -75.255859 -24.054333 -7.392495
v -72.640625 -26.630243 -6.220291
v -73.163864 -26.932323 -4.863298
v -72.665565 -26.644636 -7.392495
v -73.262497 -26.989269 -8.763044
v -71.688652 -30.183054 -6.220291
v -72.292809 -30.183054 -4.863298
v -73.163864 -33.433788 -4.863298
v -71.717445 -30.183054 -7.392495
v -72.406700 -30.183054 -8.763044
v -73.262497 -33.376842 -8.763045
v -72.640625 -33.735874 -6.220294
v -72.665565 -33.721474 -7.392493
v -75.543556 -35.813496 -4.863288
v -75.600494 -35.714859 -8.763035
v -75.241470 -36.336700 -6.220289
v -78.794266 -36.684517 -4.863288
v -78.794266 -37.288681 -6.220281
v -75.255859 -36.311775 -7.392495
v -78.794266 -37.259895 -7.392486
v -78.794266 -36.570629 -8.763035
v -81.988029 -35.714859 18.556894
v -78.794266 -37.259895 17.205519
v -78.794266 -36.570629 18.556894
v -82.332657 -36.311775 17.205536
v -78.794266 -37.288681 16.049713
v -84.326050 -33.376842 18.556913
v -82.044975 -35.813496 14.711705
v -78.794266 -36.684517 14.711705
v -82.347061 -36.336700 16.049726
v -84.922958 -33.721474 17.205540
v -84.947899 -33.735874 16.049734
v -84.424683 -33.433788 14.711724
v -85.871078 -30.183054 17.205540
v -85.181808 -30.183054 18.556913
v -84.326050 -26.989269 18.556913
v -85.899864 -30.183054 16.049734
v -85.295700 -30.183054 14.711725
v -84.424683 -26.932323 14.711725
v -84.922958 -26.644638 17.205540
v -84.947899 -26.630243 16.049734
v -82.044975 -24.552620 14.711706
v -82.332657 -24.054333 17.205536
v -81.988029 -24.651257 18.556894
v -82.347061 -24.029400 16.049726
v -78.794266 -23.077431 16.049713
v -78.794266 -23.681585 14.711706
v -78.794266 -23.106216 17.205523
v -78.794266 -23.795479 18.556894
v -75.543556 -24.552620 14.711706
v -75.600494 -24.651257 18.556894
v -75.241470 -24.029400 16.049725
v -75.255859 -24.054333 17.205530
v -72.640625 -26.630243 16.049725
v -73.163864 -26.932323 14.711718
v -72.665565 -26.644636 17.205530
v -73.262497 -26.989269 18.556906
v -71.688652 -30.183054 16.049725
v -72.292809 -30.183054 14.711718
v -73.163864 -33.433788 14.711717
v -71.717445 -30.183054 17.205530
v -72.406700 -30.183054 18.556906
v -73.262497 -33.376842 18.556906
v -72.640625 -33.735874 16.049726
v -72.665565 -33.721474 17.205528
v -75.543556 -35.813496 14.711705
v -75.600494 -35.714859 18.556894
v -75.241470 -36.336700 16.049721
v -78.794266 -37.288681 16.049713
v -78.794266 -36.684517 14.711705
v -75.255859 -36.311775 17.205530
v -78.794266 -37.259895 17.205519
v -78.794266 -36.570629 18.556894
v -81.988029 -35.714859 8.763031
v -78.794266 -37.259895 7.392483
v -78.794266 -36.570629 8.763031
v -82.332657 -36.311775 7.392498
v -78.794266 -37.288681 6.220278
v -84.326050 -33.376842 8.763049
v -82.044975 -35.813496 4.863285
v -78.794266 -36.684517 4.863285
v -82.347061 -36.336700 6.220291
v -84.922958 -33.721474 7.392503
v -84.947899 -33.735874 6.220299
v -84.424683 -33.433788 4.863304
v -85.871078 -30.183054 7.392503
v -85.181808 -30.183054 8.763050
v -84.326050 -26.989269 8.763050
v -85.899864 -30.183054 6.220299
v -85.295700 -30.183054 4.863304
v -84.424683 -26.932323 4.863304
v -84.922958 -26.644638 7.392503
v -84.947899 -26.630243 6.220299
v -82.044975 -24.552620 4.863286
v -82.332657 -24.054333 7.392498
v -81.988029 -24.651257 8.763032
v -82.347061 -24.029400 6.220292
v -78.794266 -23.077431 6.220279
v -78.794266 -23.681585 4.863286
v -78.794266 -23.106216 7.392485
v -78.794266 -23.795479 8.763032
v -75.543556 -24.552620 4.863286
v -75.600494 -24.651257 8.763032
v -75.241470 -24.029400 6.220289
v -75.255859 -24.054333 7.392493
v -72.640625 -26.630243 6.220289
v -73.163864 -26.932323 4.863296
v -72.665565 -26.644636 7.392493
v -73.262497 -26.989269 8.763042
v -71.688652 -30.183054 6.220288
v -72.292809 -30.183054 4.863296
v -73.163864 -33.433788 4.863296
v -71.717445 -30.183054 7.392492
v -72.406700 -30.183054 8.763042
v -73.262497 -33.376842 8.763041
v -72.640625 -33.735874 6.220291
v -72.665565 -33.721474 7.392490
v -75.543556 -35.813496 4.863285
v -75.600494 -35.714859 8.763031
v -75.241470 -36.336700 6.220286
v -78.794266 -37.288681 6.220278
v -78.794266 -36.684517 4.863285
v -75.255859 -36.311775 7.392492
v -78.794266 -37.259895 7.392483
v -78.794266 -36.570629 8.763031
v -74.613449 -26.361488 12.039777
v -74.635132 -25.995165 11.968243
v -74.576584 -25.999844 12.514066
v -74.451508 -26.941856 13.346296
v -74.602936 -26.893124 11.948157
v -74.513840 -26.020031 13.093189
v -74.617554 -26.395950 11.707263
v -74.553398 -25.978586 11.284432
v -74.625183 -26.004520 11.787230
v -74.448502 -26.948362 10.481829
v -74.632233 -26.975119 11.771172
v -74.477280 -25.967506 10.750374
v -103.505302 -27.994339 231.044373
v -101.374023 -29.523628 231.102081
v -101.374023 -27.423256 231.044373
v -102.455124 -29.813313 231.102081
v -101.374023 -31.685852 230.470230
v -103.246559 -30.604740 231.102097
v -105.065529 -29.554556 231.044388
v -103.536240 -31.685852 231.102097
v -105.636604 -31.685852 231.044388
v -101.374023 -29.523609 -231.102081
v -103.505302 -27.994320 -231.044373
v -101.374023 -27.423237 -231.044373
v -102.455124 -29.813293 -231.102081
v -101.374023 -31.685833 -230.470230
v -103.246559 -30.604721 -231.102097
v -105.065529 -29.554537 -231.044388
v -103.536240 -31.685833 -231.102097
v -105.636604 -31.685833 -231.044388
v -101.991096 -25.708902 -229.330978
v -101.374016 -25.708902 -229.330978
v -101.374016 -25.708902 -228.766830
v -101.374016 -25.708902 -229.895126
v -100.756935 -25.708902 -229.330978
v -101.991096 -25.708921 229.330978
v -101.374016 -25.708921 228.766830
v -101.374016 -25.708921 229.330978
v -101.374016 -25.708921 229.895126
v -100.756935 -25.708921 229.330978
v -101.795052 -19.157526 228.601715
v -100.952980 -19.157526 228.601715
v -101.374016 -19.157526 229.330978
v -102.216087 -19.157526 229.330978
v -100.531944 -19.157526 229.330978
v -101.795052 -19.157526 230.060242
v -100.952980 -19.157526 230.060242
v -101.795052 -19.157507 -228.601715
v -101.374016 -19.157507 -229.330978
v -100.952980 -19.157507 -228.601715
v -100.531944 -19.157507 -229.330978
v -102.216087 -19.157507 -229.330978
v -100.952980 -19.157507 -230.060242
v -101.795052 -19.157507 -230.060242
v 65.490433 -36.311775 -17.205540
v 69.028824 -36.570629 -18.556898
v 69.028824 -37.259895 -17.205523
v 64.666054 -34.545853 -18.556908
v 69.028824 -37.288681 -16.049717
v 62.900127 -33.721474 -17.205544
v 65.476028 -36.336700 -16.049730
v 69.028824 -36.684517 -14.711709
v 64.588264 -34.623642 -14.711719
v 62.641277 -30.183054 -18.556917
v 62.875191 -33.735874 -16.049738
v 62.527386 -30.183054 -14.711727
v 61.952011 -30.183054 -17.205544
v 61.923225 -30.183054 -16.049738
v 62.900127 -26.644638 -17.205544
v 64.666054 -25.820263 -18.556908
v 62.875191 -26.630243 -16.049738
v 64.588264 -25.742472 -14.711718
v 65.490433 -24.054333 -17.205540
v 69.028824 -23.795479 -18.556898
v 65.476028 -24.029400 -16.049730
v 69.028824 -23.681585 -14.711708
v 69.028824 -23.106216 -17.205526
v 69.028824 -23.077431 -16.049717
v 72.567230 -24.054333 -17.205534
v 73.391594 -25.820263 -18.556904
v 72.581619 -24.029400 -16.049728
v 73.469376 -25.742472 -14.711714
v 75.157524 -26.644636 -17.205534
v 75.182465 -26.630243 -16.049728
v 75.530281 -30.183054 -14.711720
v 75.416389 -30.183054 -18.556910
v 76.134438 -30.183054 -16.049728
v 76.105644 -30.183054 -17.205534
v 75.157524 -33.721474 -17.205532
v 73.391594 -34.545853 -18.556904
v 75.182465 -33.735874 -16.049730
v 73.469376 -34.623642 -14.711715
v 72.567230 -36.311775 -17.205534
v 69.028824 -36.570629 -18.556898
v 69.028824 -37.259895 -17.205523
v 69.028824 -37.288681 -16.049717
v 72.581619 -36.336700 -16.049725
v 69.028824 -36.684517 -14.711709
v 65.490433 -36.311775 -7.392501
v 69.028824 -36.570629 -8.763035
v 69.028824 -37.259895 -7.392486
v 64.666054 -34.545853 -8.763044
v 69.028824 -37.288681 -6.220281
v 62.900127 -33.721474 -7.392506
v 65.476028 -36.336700 -6.220294
v 69.028824 -36.684517 -4.863288
v 64.588264 -34.623642 -4.863297
v 62.641277 -30.183054 -8.763052
v 62.875191 -33.735874 -6.220302
v 62.527386 -30.183054 -4.863307
v 61.952011 -30.183054 -7.392506
v 61.923225 -30.183054 -6.220302
v 62.900127 -26.644638 -7.392505
v 64.666054 -25.820263 -8.763043
v 62.875191 -26.630243 -6.220301
v 64.588264 -25.742472 -4.863297
v 65.490433 -24.054333 -7.392500
v 69.028824 -23.795479 -8.763034
v 65.476028 -24.029400 -6.220294
v 69.028824 -23.681585 -4.863287
v 69.028824 -23.106216 -7.392487
v 69.028824 -23.077431 -6.220281
v 72.567230 -24.054333 -7.392495
v 73.391594 -25.820263 -8.763040
v 72.581619 -24.029400 -6.220291
v 73.469376 -25.742472 -4.863293
v 75.157524 -26.644636 -7.392495
v 75.182465 -26.630243 -6.220291
v 75.530281 -30.183054 -4.863298
v 75.416389 -30.183054 -8.763044
v 76.134438 -30.183054 -6.220291
v 76.105644 -30.183054 -7.392495
v 75.157524 -33.721474 -7.392493
v 73.391594 -34.545853 -8.763041
v 75.182465 -33.735874 -6.220294
v 73.469376 -34.623642 -4.863293
v 72.567230 -36.311775 -7.392495
v 69.028824 -36.570629 -8.763035
v 69.028824 -37.259895 -7.392486
v 69.028824 -37.288681 -6.220281
v 72.581619 -36.336700 -6.220289
v 69.028824 -36.684517 -4.863288
v 69.028824 -36.570629 18.556894
v 65.490433 -36.311775 17.205536
v 69.028824 -37.259895 17.205519
v 64.666054 -34.545853 18.556904
v 69.028824 -37.288681 16.049713
v 62.900127 -33.721474 17.205540
v 65.476028 -36.336700 16.049726
v 69.028824 -36.684517 14.711705
v 64.588264 -34.623642 14.711715
v 62.641277 -30.183054 18.556913
v 62.875191 -33.735874 16.049734
v 62.527386 -30.183054 14.711725
v 61.952011 -30.183054 17.205540
v 61.923225 -30.183054 16.049734
v 62.900127 -26.644638 17.205540
v 64.666054 -25.820263 18.556904
v 62.875191 -26.630243 16.049734
v 64.588264 -25.742472 14.711716
v 65.490433 -24.054333 17.205536
v 69.028824 -23.795479 18.556894
v 65.476028 -24.029400 16.049726
v 69.028824 -23.681585 14.711706
v 69.028824 -23.106216 17.205523
v 69.028824 -23.077431 16.049713
v 72.567230 -24.054333 17.205530
v 73.391594 -25.820263 18.556900
v 72.581619 -24.029400 16.049725
v 73.469376 -25.742472 14.711712
v 75.157524 -26.644636 17.205530
v 75.182465 -26.630243 16.049725
v 75.530281 -30.183054 14.711718
v 75.416389 -30.183054 18.556906
v 76.134438 -30.183054 16.049725
v 76.105644 -30.183054 17.205530
v 75.157524 -33.721474 17.205528
v 73.391594 -34.545853 18.556900
v 75.182465 -33.735874 16.049726
v 73.469376 -34.623642 14.711711
v 72.567230 -36.311775 17.205530
v 69.028824 -36.570629 18.556894
v 69.028824 -37.259895 17.205519
v 69.028824 -37.288681 16.049713
v 72.581619 -36.336700 16.049721
v 69.028824 -36.684517 14.711705
v 69.028824 -36.570629 8.763031
v 65.490433 -36.311775 7.392498
v 69.028824 -37.259895 7.392483
v 64.666054 -34.545853 8.763041
v 69.028824 -37.288681 6.220278
v 62.900127 -33.721474 7.392503
v 65.476028 -36.336700 6.220291
v 69.028824 -36.684517 4.863285
v 64.588264 -34.623642 4.863294
v 62.641277 -30.183054 8.763050
v 62.875191 -33.735874 6.220299
v 62.527386 -30.183054 4.863304
v 61.952011 -30.183054 7.392503
v 61.923225 -30.183054 6.220299
v 62.900127 -26.644638 7.392503
v 64.666054 -25.820263 8.763041
v 62.875191 -26.630243 6.220299
v 64.588264 -25.742472 4.863295
v 65.490433 -24.054333 7.392498
v 69.028824 -23.795479 8.763032
v 65.476028 -24.029400 6.220292
v 69.028824 -23.681585 4.863286
v 69.028824 -23.106216 7.392485
v 69.028824 -23.077431 6.220279
v 72.567230 -24.054333 7.392493
v 73.391594 -25.820263 8.763038
v 72.581619 -24.029400 6.220289
v 73.469376 -25.742472 4.863291
v 75.157524 -26.644636 7.392493
v 75.182465 -26.630243 6.220289
v 75.530281 -30.183054 4.863296
v 75.416389 -30.183054 8.763042
v 76.134438 -30.183054 6.220288
v 76.105644 -30.183054 7.392492
v 75.157524 -33.721474 7.392490
v 73.391594 -34.545853 8.763037
v 75.182465 -33.735874 6.220291
v 73.469376 -34.623642 4.863290
v 72.567230 -36.311775 7.392492
v 69.028824 -36.570629 8.763031
v 69.028824 -37.259895 7.392483
v 69.028824 -37.288681 6.220278
v 72.581619 -36.336700 6.220286
v 69.028824 -36.684517 4.863285
v 69.319397 -28.302113 10.190920
v 68.555855 -28.302113 11.686911
v 67.792297 -28.302113 10.190920
v 67.028748 -28.302120 11.686911
v 70.082947 -28.302113 11.686911
v 67.792297 -28.302113 13.182901
v 69.319397 -28.302113 13.182901
v 69.351265 -28.302113 -13.169032
v 68.587723 -28.302113 -11.673041
v 67.824165 -28.302113 -13.169032
v 67.060616 -28.302120 -11.673041
v 70.114815 -28.302113 -11.673041
v 67.824165 -28.302113 -10.177051
v 69.351265 -28.302113 -10.177051
v -78.503693 -28.302113 10.190920
v -79.267235 -28.302113 11.686911
v -80.030792 -28.302113 10.190920
v -80.794342 -28.302120 11.686911
v -77.740143 -28.302113 11.686911
v -80.030792 -28.302113 13.182901
v -78.503693 -28.302113 13.182901
v -78.471825 -28.302113 -13.169032
v -79.235367 -28.302113 -11.673041
v -79.998924 -28.302113 -13.169032
v -80.762474 -28.302120 -11.673041
v -77.708275 -28.302113 -11.673041
v -79.998924 -28.302113 -10.177051
v -78.471825 -28.302113 -10.177051
vt 0.741699 -0.028275
vt 0.698730 -0.019852
vt 0.698730 -0.029999
vt 0.698730 -0.029999
vt 0.698730 -0.019852
vt 0.741699 -0.028275
vt 0.741699 -0.028275
vt 0.698730 -0.019852
vt 0.698730 -0.029999
vt 0.698730 -0.029999
vt 0.698730 -0.019852
vt 0.741699 -0.028275
vt 0.741699 -0.028275
vt 0.698730 -0.029999
vt 0.698730 -0.019852
vt 0.698730 -0.029999
vt 0.741699 -0.028275
vt 0.698730 -0.019852
vt 0.682617 -0.033813
vt 0.690430 -0.013100
vt 0.691406 -0.029022
vt 0.673828 -0.015823
vt 0.682617 -0.033813
vt 0.670410 -0.024307
vt 0.690430 -0.013100
vt 0.682617 -0.033813
vt 0.682129 -0.011063
vt 0.690430 -0.013100
vt 0.682617 -0.033813
vt 0.691406 -0.029022
vt 0.682617 -0.033813
vt 0.691406 -0.029022
vt 0.690430 -0.013100
vt 0.673828 -0.015823
vt 0.670410 -0.024307
vt 0.682617 -0.033813
vt 0.690430 -0.013100
vt 0.682129 -0.011063
vt 0.682617 -0.033813
vt 0.690430 -0.013100
vt 0.691406 -0.029022
vt 0.682617 -0.033813
vt 0.741699 -0.028275
vt 0.698730 -0.029999
vt 0.698730 -0.019852
vt 0.698730 -0.029999
vt 0.741699 -0.028275
vt 0.698730 -0.019852
vt 0.682617 -0.033813
vt 0.690430 -0.013100
vt 0.691406 -0.029022
vt 0.673828 -0.015823
vt 0.682617 -0.033813
vt 0.670410 -0.024307
vt 0.690430 -0.013100
vt 0.682617 -0.033813
vt 0.682129 -0.011063
vt 0.690430 -0.013100
vt 0.682617 -0.033813
vt 0.691406 -0.029022
vt 0.682617 -0.033813
vt 0.691406 -0.029022
vt 0.690430 -0.013100
vt 0.673828 -0.015823
vt 0.670410 -0.024307
vt 0.682617 -0.033813
vt 0.690430 -0.013100
vt 0.682129 -0.011063
vt 0.682617 -0.033813
vt 0.690430 -0.013100
vt 0.691406 -0.029022
vt 0.682617 -0.033813
vt 0.698730 -0.031204
vt 0.739258 -0.031647
vt 0.740234 -0.030457
vt 0.698242 -0.032837
vt 0.698730 -0.031204
vt 0.740234 -0.030457
vt 0.739258 -0.031647
vt 0.698242 -0.032837
vt 0.698730 -0.031204
vt 0.739258 -0.031647
vt 0.740234 -0.030457
vt 0.698242 -0.032837
vt 0.698730 -0.031204
vt 0.740234 -0.030457
vt 0.739258 -0.031647
vt 0.698242 -0.032837
vt 0.479004 -0.502930
vt 0.437500 -0.526855
vt 0.437500 -0.515137
vt 0.479492 -0.495361
vt 0.437500 -0.526855
vt 0.479004 -0.502930
vt 0.437500 -0.515137
vt 0.479492 -0.495361
vt 0.488037 -0.941895
vt 0.541016 -0.903320
vt 0.486572 -0.925293
vt 0.540039 -0.893555
vt 0.541016 -0.903320
vt 0.488037 -0.941895
vt 0.486572 -0.925293
vt 0.540039 -0.893555
vt 0.840820 -0.089172
vt 0.840820 -0.007648
vt 0.845703 -0.089172
vt 0.845703 -0.007648
vt 0.846680 -0.006729
vt 0.845703 -0.089783
vt 0.845703 -0.007843
vt 0.846680 -0.090698
vt 0.845703 -0.007843
vt 0.845703 -0.089783
vt 0.840820 -0.007843
vt 0.840820 -0.089783
vt 0.839844 -0.090698
vt 0.839844 -0.006729
vt 0.840820 -0.089783
vt 0.840820 -0.007843
vt 0.835449 -0.007080
vt 0.835449 -0.104431
vt 0.830078 -0.101990
vt 0.830078 -0.004604
vt 0.829590 -0.010475
vt 0.836426 -0.098572
vt 0.829590 -0.098877
vt 0.836426 -0.010170
vt 0.819336 -0.006794
vt 0.825684 -0.120911
vt 0.819336 -0.121704
vt 0.825684 -0.005997
vt 0.819336 -0.120911
vt 0.825684 -0.006794
vt 0.825684 -0.121704
vt 0.819336 -0.005997
vt 0.855469 -0.053009
vt 0.855469 -0.048889
vt 0.857910 -0.048889
vt 0.857910 -0.053009
vt 0.871582 -0.068115
vt 0.867676 -0.095398
vt 0.867676 -0.068115
vt 0.871582 -0.095398
vt 0.866211 -0.068726
vt 0.866211 -0.100037
vt 0.863770 -0.071960
vt 0.863770 -0.100037
vt 0.866211 -0.100037
vt 0.866211 -0.068726
vt 0.863770 -0.071960
vt 0.863770 -0.100037
vt 0.850586 -0.054932
vt 0.866211 -0.068726
vt 0.863770 -0.071960
vt 0.850586 -0.050079
vt 0.867676 -0.068115
vt 0.866211 -0.050262
vt 0.873535 -0.050262
vt 0.871582 -0.068115
vt 0.866211 -0.068726
vt 0.850586 -0.054932
vt 0.863770 -0.071960
vt 0.850586 -0.050079
vt 0.957031 -0.742676
vt 0.957031 -0.638184
vt 0.991699 -0.729980
vt 0.991211 -0.624023
vt 0.955078 -0.745605
vt 0.991211 -0.741211
vt 0.991211 -0.749023
vt 0.955078 -0.749023
vt 0.954590 -0.746582
vt 0.991211 -0.748535
vt 0.991211 -0.741211
vt 0.954590 -0.748535
vt 0.947266 -0.742676
vt 0.954590 -0.638184
vt 0.954590 -0.742676
vt 0.946777 -0.637695
vt 0.941406 -0.635742
vt 0.943359 -0.741699
vt 0.941406 -0.741699
vt 0.944336 -0.635742
vt 0.845703 -0.089172
vt 0.840820 -0.007648
vt 0.840820 -0.089172
vt 0.845703 -0.007648
vt 0.845703 -0.089783
vt 0.846680 -0.006729
vt 0.845703 -0.007843
vt 0.846680 -0.090698
vt 0.840820 -0.007843
vt 0.845703 -0.089783
vt 0.845703 -0.007843
vt 0.840820 -0.089783
vt 0.839844 -0.006729
vt 0.840820 -0.089783
vt 0.840820 -0.007843
vt 0.839844 -0.090698
vt 0.835449 -0.104431
vt 0.835449 -0.007080
vt 0.830078 -0.101990
vt 0.830078 -0.004604
vt 0.836426 -0.098572
vt 0.829590 -0.010475
vt 0.829590 -0.098877
vt 0.836426 -0.010170
vt 0.825684 -0.120911
vt 0.819336 -0.006794
vt 0.819336 -0.121704
vt 0.825684 -0.005997
vt 0.819336 -0.005997
vt 0.819336 -0.120911
vt 0.825684 -0.006794
vt 0.825684 -0.121704
vt 0.855469 -0.048889
vt 0.855469 -0.053009
vt 0.857910 -0.048889
vt 0.857910 -0.053009
vt 0.867676 -0.068115
vt 0.867676 -0.095398
vt 0.871582 -0.068115
vt 0.871582 -0.095398
vt 0.866211 -0.100037
vt 0.866211 -0.068726
vt 0.863770 -0.071960
vt 0.863770 -0.100037
vt 0.866211 -0.068726
vt 0.866211 -0.100037
vt 0.863770 -0.071960
vt 0.863770 -0.100037
vt 0.850586 -0.054932
vt 0.863770 -0.071960
vt 0.866211 -0.068726
vt 0.850586 -0.050079
vt 0.867676 -0.068115
vt 0.873535 -0.050262
vt 0.866211 -0.050262
vt 0.871582 -0.068115
vt 0.850586 -0.050079
vt 0.866211 -0.068726
vt 0.850586 -0.054932
vt 0.863770 -0.071960
vt 0.957031 -0.638184
vt 0.957031 -0.742676
vt 0.991699 -0.729980
vt 0.991211 -0.624023
vt 0.955078 -0.749023
vt 0.991211 -0.749023
vt 0.955078 -0.745605
vt 0.991211 -0.741211
vt 0.954590 -0.746582
vt 0.991211 -0.748535
vt 0.954590 -0.748535
vt 0.991211 -0.741211
vt 0.954590 -0.638184
vt 0.947266 -0.742676
vt 0.954590 -0.742676
vt 0.946777 -0.637695
vt 0.941406 -0.635742
vt 0.941406 -0.741699
vt 0.943359 -0.741699
vt 0.944336 -0.635742
vt 0.745605 -0.067200
vt 0.745605 -0.050812
vt 0.761230 -0.067200
vt 0.761230 -0.050812
vt 0.769531 -0.050934
vt 0.769531 -0.067261
vt 0.763672 -0.050934
vt 0.763672 -0.067261
vt 0.745605 -0.067200
vt 0.745605 -0.050812
vt 0.761230 -0.067200
vt 0.761230 -0.050812
vt 0.769531 -0.067261
vt 0.763672 -0.050934
vt 0.769531 -0.050934
vt 0.763672 -0.067261
vt 0.707520 -0.054535
vt 0.741699 -0.054535
vt 0.741699 -0.067383
vt 0.707520 -0.067383
vt 0.763672 -0.067322
vt 0.763672 -0.050934
vt 0.769531 -0.050934
vt 0.769043 -0.067322
vt 0.715332 -0.139526
vt 0.714844 -0.117126
vt 0.717773 -0.137695
vt 0.717773 -0.115417
vt 0.684570 -0.130127
vt 0.713867 -0.138428
vt 0.684570 -0.134399
vt 0.713867 -0.117615
vt 0.713867 -0.117859
vt 0.684570 -0.130249
vt 0.713867 -0.138428
vt 0.684570 -0.134521
vt 0.717773 -0.137695
vt 0.714844 -0.117188
vt 0.715332 -0.139526
vt 0.717773 -0.115417
vt 0.714844 -0.117126
vt 0.717773 -0.137695
vt 0.715332 -0.139526
vt 0.717773 -0.115417
vt 0.684570 -0.130127
vt 0.713867 -0.138428
vt 0.684570 -0.134399
vt 0.713867 -0.117615
vt 0.713867 -0.117859
vt 0.684570 -0.130249
vt 0.713867 -0.138428
vt 0.684570 -0.134521
vt 0.714844 -0.117188
vt 0.717773 -0.137695
vt 0.717773 -0.115417
vt 0.715332 -0.139526
vt 0.739258 -0.031647
vt 0.698730 -0.031204
vt 0.740234 -0.030457
vt 0.698242 -0.032837
vt 0.740234 -0.030457
vt 0.698730 -0.031204
vt 0.739258 -0.031647
vt 0.698242 -0.032837
vt 0.544922 -0.276123
vt 0.497803 -0.236938
vt 0.500977 -0.293701
vt 0.455566 -0.281006
vt 0.500977 -0.293701
vt 0.497803 -0.236938
vt 0.544922 -0.276123
vt 0.455566 -0.281006
vt 0.500977 -0.293701
vt 0.497803 -0.236938
vt 0.455566 -0.281006
vt 0.544922 -0.276123
vt 0.500977 -0.293701
vt 0.497803 -0.236938
vt 0.544922 -0.276123
vt 0.455566 -0.281006
vt 0.498535 -0.236694
vt 0.544922 -0.276123
vt 0.500977 -0.293701
vt 0.455566 -0.281006
vt 0.498535 -0.236694
vt 0.500977 -0.293701
vt 0.544922 -0.276123
vt 0.455566 -0.281006
vt 0.498535 -0.236694
vt 0.500977 -0.293701
vt 0.455566 -0.281006
vt 0.544922 -0.276123
vt 0.498535 -0.236694
vt 0.500977 -0.293701
vt 0.544922 -0.276123
vt 0.455566 -0.281006
vt 0.500977 -0.293701
vt 0.498535 -0.236572
vt 0.455566 -0.281006
vt 0.544922 -0.276123
vt 0.498535 -0.236572
vt 0.500977 -0.293701
vt 0.455566 -0.281006
vt 0.544922 -0.276123
vt 0.455566 -0.281006
vt 0.498535 -0.236572
vt 0.500977 -0.293701
vt 0.544922 -0.276123
vt 0.500977 -0.293701
vt 0.498535 -0.236572
vt 0.455566 -0.281006
vt 0.544922 -0.276123
vt 0.497559 -0.236938
vt 0.544922 -0.276123
vt 0.500977 -0.293701
vt 0.455566 -0.281006
vt 0.497559 -0.236938
vt 0.500977 -0.293701
vt 0.544922 -0.276123
vt 0.455566 -0.281006
vt 0.497803 -0.236938
vt 0.500977 -0.293701
vt 0.455566 -0.281006
vt 0.544922 -0.276123
vt 0.497559 -0.236938
vt 0.500977 -0.293701
vt 0.544922 -0.276123
vt 0.455566 -0.281006
vt 0.500977 -0.293701
vt 0.455566 -0.281006
vt 0.497803 -0.236938
vt 0.544922 -0.276123
vt 0.455566 -0.281006
vt 0.500977 -0.293701
vt 0.497803 -0.236938
vt 0.544922 -0.276123
vt 0.455566 -0.281006
vt 0.500977 -0.293701
vt 0.497803 -0.236938
vt 0.544922 -0.276123
vt 0.500977 -0.293701
vt 0.455566 -0.281006
vt 0.497803 -0.236938
vt 0.544922 -0.276123
vt 0.498535 -0.236694
vt 0.500977 -0.293701
vt 0.544922 -0.276123
vt 0.455566 -0.281006
vt 0.498535 -0.236694
vt 0.544922 -0.276123
vt 0.500977 -0.293701
vt 0.455566 -0.281006
vt 0.498535 -0.236694
vt 0.455566 -0.281006
vt 0.500977 -0.293701
vt 0.544922 -0.276123
vt 0.498535 -0.236694
vt 0.544922 -0.276123
vt 0.500977 -0.293701
vt 0.455566 -0.281006
vt 0.500977 -0.293701
vt 0.455566 -0.281006
vt 0.498535 -0.236572
vt 0.544922 -0.276123
vt 0.497559 -0.236938
vt 0.455566 -0.281006
vt 0.500977 -0.293701
vt 0.544922 -0.276123
vt 0.498535 -0.236572
vt 0.455566 -0.281006
vt 0.500977 -0.293701
vt 0.544922 -0.276123
vt 0.497559 -0.236938
vt 0.500977 -0.293701
vt 0.455566 -0.281006
vt 0.544922 -0.276123
vt 0.455566 -0.281006
vt 0.500977 -0.293701
vt 0.498535 -0.236572
vt 0.544922 -0.276123
vt 0.497559 -0.236938
vt 0.500977 -0.293701
vt 0.455566 -0.281006
vt 0.544922 -0.276123
vt 0.500977 -0.293701
vt 0.455566 -0.281006
vt 0.498535 -0.236572
vt 0.544922 -0.276123
vt 0.497803 -0.236938
vt 0.455566 -0.281006
vt 0.500977 -0.293701
vt 0.544922 -0.276123
vt 0.784180 -0.019180
vt 0.761230 -0.019150
vt 0.784668 -0.024841
vt 0.761230 -0.024811
vt 0.761230 -0.024811
vt 0.784668 -0.024841
vt 0.761230 -0.019150
vt 0.784180 -0.019180
vt 0.784668 -0.024841
vt 0.784180 -0.019180
vt 0.761230 -0.024811
vt 0.761230 -0.019150
vt 0.784668 -0.024841
vt 0.784180 -0.019180
vt 0.761230 -0.019150
vt 0.761230 -0.024811
vt 0.761230 -0.024811
vt 0.784668 -0.024841
vt 0.761230 -0.019150
vt 0.784180 -0.019180
vt 0.784668 -0.024841
vt 0.761230 -0.019150
vt 0.761230 -0.024811
vt 0.784180 -0.019180
vt 0.761230 -0.067200
vt 0.761230 -0.050812
vt 0.745605 -0.050812
vt 0.745605 -0.067200
vt 0.763672 -0.050934
vt 0.763672 -0.067261
vt 0.769531 -0.067261
vt 0.769531 -0.050934
vt 0.761230 -0.067200
vt 0.761230 -0.050812
vt 0.745605 -0.050812
vt 0.745605 -0.067200
vt 0.769531 -0.067261
vt 0.769531 -0.050934
vt 0.763672 -0.050934
vt 0.763672 -0.067261
vt 0.707031 -0.052551
vt 0.741211 -0.052551
vt 0.707031 -0.039703
vt 0.741211 -0.039703
vt 0.763672 -0.067322
vt 0.769531 -0.050934
vt 0.763672 -0.050934
vt 0.769043 -0.067322
vt 0.677734 -0.007820
vt 0.682129 -0.011063
vt 0.673828 -0.015823
vt 0.682617 -0.033813
vt 0.677734 -0.007820
vt 0.673828 -0.015823
vt 0.682129 -0.011063
vt 0.682617 -0.033813
vt 0.489502 -0.994629
vt 0.386230 -0.991211
vt 0.489502 -0.992188
vt 0.386230 -0.993652
vt 0.476807 -0.947754
vt 0.489990 -0.965820
vt 0.475342 -0.949219
vt 0.491699 -0.964844
vt 0.386475 -0.974609
vt 0.389160 -0.964355
vt 0.389404 -0.975098
vt 0.385010 -0.964355
vt 0.389404 -0.975098
vt 0.389160 -0.964355
vt 0.393555 -0.962891
vt 0.391846 -0.979492
vt 0.385498 -0.979980
vt 0.389404 -0.975098
vt 0.391846 -0.979492
vt 0.386475 -0.974609
vt 0.461182 -0.930664
vt 0.477051 -0.948242
vt 0.475342 -0.949219
vt 0.462402 -0.929688
vt 0.489502 -0.994629
vt 0.386230 -0.991211
vt 0.489502 -0.992188
vt 0.386230 -0.993652
vt 0.476807 -0.947754
vt 0.489990 -0.965820
vt 0.475342 -0.949219
vt 0.491699 -0.964844
vt 0.389404 -0.975098
vt 0.389160 -0.964355
vt 0.393555 -0.962891
vt 0.391846 -0.979492
vt 0.385498 -0.979980
vt 0.389404 -0.975098
vt 0.391846 -0.979492
vt 0.386475 -0.974609
vt 0.461182 -0.930664
vt 0.477051 -0.948242
vt 0.475342 -0.949219
vt 0.462402 -0.929688
vt 0.745605 -0.067200
vt 0.745605 -0.050812
vt 0.761230 -0.067200
vt 0.761230 -0.050812
vt 0.769531 -0.050934
vt 0.769531 -0.067261
vt 0.763672 -0.050934
vt 0.763672 -0.067261
vt 0.745605 -0.067200
vt 0.745605 -0.050812
vt 0.761230 -0.067200
vt 0.761230 -0.050812
vt 0.769531 -0.067261
vt 0.763672 -0.050934
vt 0.769531 -0.050934
vt 0.763672 -0.067261
vt 0.707520 -0.054535
vt 0.741699 -0.054535
vt 0.741699 -0.067383
vt 0.707520 -0.067383
vt 0.763672 -0.067322
vt 0.763672 -0.050934
vt 0.769531 -0.050934
vt 0.769043 -0.067322
vt 0.715332 -0.139526
vt 0.714844 -0.117126
vt 0.717773 -0.137695
vt 0.717773 -0.115417
vt 0.684570 -0.130127
vt 0.713867 -0.138428
vt 0.684570 -0.134399
vt 0.713867 -0.117615
vt 0.713867 -0.117859
vt 0.684570 -0.130249
vt 0.713867 -0.138428
vt 0.684570 -0.134521
vt 0.717773 -0.137695
vt 0.714844 -0.117188
vt 0.715332 -0.139526
vt 0.717773 -0.115417
vt 0.714844 -0.117126
vt 0.717773 -0.137695
vt 0.715332 -0.139526
vt 0.717773 -0.115417
vt 0.684570 -0.130127
vt 0.713867 -0.138428
vt 0.684570 -0.134399
vt 0.713867 -0.117615
vt 0.713867 -0.117859
vt 0.684570 -0.130249
vt 0.713867 -0.138428
vt 0.684570 -0.134521
vt 0.714844 -0.117188
vt 0.717773 -0.137695
vt 0.717773 -0.115417
vt 0.715332 -0.139526
vt 0.739258 -0.031647
vt 0.698730 -0.031204
vt 0.740234 -0.030457
vt 0.698242 -0.032837
vt 0.740234 -0.030457
vt 0.698730 -0.031204
vt 0.739258 -0.031647
vt 0.698242 -0.032837
vt 0.784180 -0.019180
vt 0.761230 -0.019150
vt 0.784668 -0.024841
vt 0.761230 -0.024811
vt 0.761230 -0.024811
vt 0.784668 -0.024841
vt 0.761230 -0.019150
vt 0.784180 -0.019180
vt 0.784668 -0.024841
vt 0.784180 -0.019180
vt 0.761230 -0.024811
vt 0.761230 -0.019150
vt 0.784668 -0.024841
vt 0.784180 -0.019180
vt 0.761230 -0.019150
vt 0.761230 -0.024811
vt 0.761230 -0.024811
vt 0.784668 -0.024841
vt 0.761230 -0.019150
vt 0.784180 -0.019180
vt 0.784668 -0.024841
vt 0.761230 -0.019150
vt 0.761230 -0.024811
vt 0.784180 -0.019180
vt 0.761230 -0.067200
vt 0.761230 -0.050812
vt 0.745605 -0.050812
vt 0.745605 -0.067200
vt 0.763672 -0.050934
vt 0.763672 -0.067261
vt 0.769531 -0.067261
vt 0.769531 -0.050934
vt 0.761230 -0.067200
vt 0.761230 -0.050812
vt 0.745605 -0.050812
vt 0.745605 -0.067200
vt 0.769531 -0.067261
vt 0.769531 -0.050934
vt 0.763672 -0.050934
vt 0.763672 -0.067261
vt 0.707031 -0.052551
vt 0.741211 -0.052551
vt 0.707031 -0.039703
vt 0.741211 -0.039703
vt 0.763672 -0.067322
vt 0.769531 -0.050934
vt 0.763672 -0.050934
vt 0.769043 -0.067322
vt 0.677734 -0.007820
vt 0.682129 -0.011063
vt 0.673828 -0.015823
vt 0.682617 -0.033813
vt 0.677734 -0.007820
vt 0.673828 -0.015823
vt 0.682129 -0.011063
vt 0.682617 -0.033813
vt 0.489502 -0.994629
vt 0.386230 -0.991211
vt 0.489502 -0.992188
vt 0.386230 -0.993652
vt 0.476807 -0.947754
vt 0.489990 -0.965820
vt 0.475342 -0.949219
vt 0.491699 -0.964844
vt 0.386475 -0.974609
vt 0.389160 -0.964355
vt 0.389404 -0.975098
vt 0.385010 -0.964355
vt 0.389404 -0.975098
vt 0.389160 -0.964355
vt 0.393555 -0.962891
vt 0.391846 -0.979492
vt 0.385498 -0.979980
vt 0.389404 -0.975098
vt 0.391846 -0.979492
vt 0.386475 -0.974609
vt 0.461182 -0.930664
vt 0.477051 -0.948242
vt 0.475342 -0.949219
vt 0.462402 -0.929688
vt 0.489502 -0.994629
vt 0.386230 -0.991211
vt 0.489502 -0.992188
vt 0.386230 -0.993652
vt 0.476807 -0.947754
vt 0.489990 -0.965820
vt 0.475342 -0.949219
vt 0.491699 -0.964844
vt 0.389404 -0.975098
vt 0.389160 -0.964355
vt 0.393555 -0.962891
vt 0.391846 -0.979492
vt 0.385498 -0.979980
vt 0.389404 -0.975098
vt 0.391846 -0.979492
vt 0.386475 -0.974609
vt 0.461182 -0.930664
vt 0.477051 -0.948242
vt 0.475342 -0.949219
vt 0.462402 -0.929688
vt 0.507324 -0.991699
vt 0.620117 -0.991699
vt 0.507324 -0.958984
vt 0.620117 -0.958984
vt 0.566895 -0.914551
vt 0.585938 -0.914551
vt 0.486816 -0.505859
vt 0.479004 -0.502930
vt 0.479492 -0.495361
vt 0.493896 -0.481689
vt 0.479736 -0.489746
vt 0.551758 -0.906250
vt 0.541016 -0.903320
vt 0.540039 -0.893555
vt 0.557617 -0.873047
vt 0.539551 -0.885742
vt 0.789062 -0.099792
vt 0.789062 -0.008072
vt 0.792969 -0.099792
vt 0.793457 -0.008072
vt 0.797363 -0.099792
vt 0.797363 -0.008072
vt 0.801758 -0.099792
vt 0.801758 -0.008072
vt 0.805664 -0.099792
vt 0.805664 -0.008080
vt 0.810059 -0.099792
vt 0.810059 -0.008080
vt 0.813965 -0.099792
vt 0.813965 -0.008080
vt 0.870605 -0.006020
vt 0.870605 -0.043671
vt 0.865723 -0.006020
vt 0.865723 -0.043671
vt 0.860840 -0.006020
vt 0.860840 -0.043671
vt 0.855957 -0.006020
vt 0.855957 -0.043671
vt 0.851074 -0.006020
vt 0.851074 -0.043671
vt 0.736328 -0.119690
vt 0.750977 -0.119690
vt 0.736328 -0.122131
vt 0.750977 -0.122192
vt 0.736328 -0.124634
vt 0.750977 -0.124634
vt 0.736328 -0.127075
vt 0.750977 -0.127075
vt 0.736328 -0.129517
vt 0.750977 -0.129639
vt 0.750977 -0.119690
vt 0.736328 -0.119690
vt 0.736328 -0.122131
vt 0.750977 -0.122192
vt 0.736328 -0.124634
vt 0.750977 -0.124634
vt 0.736328 -0.127075
vt 0.750977 -0.127075
vt 0.736328 -0.129517
vt 0.750977 -0.129639
vt 0.765625 -0.071228
vt 0.765625 -0.110291
vt 0.759277 -0.110291
vt 0.759277 -0.071228
vt 0.751953 -0.110291
vt 0.751953 -0.071228
vt 0.745117 -0.071228
vt 0.745117 -0.110291
vt 0.738770 -0.071228
vt 0.738770 -0.110291
vt 0.731445 -0.110291
vt 0.731445 -0.071228
vt 0.724609 -0.071228
vt 0.724609 -0.110291
vt 0.729980 -0.129639
vt 0.758789 -0.129639
vt 0.729980 -0.126343
vt 0.758789 -0.126343
vt 0.729980 -0.122986
vt 0.758789 -0.122986
vt 0.729980 -0.119690
vt 0.758789 -0.119690
vt 0.768555 -0.028687
vt 0.768555 -0.046204
vt 0.760742 -0.046204
vt 0.760742 -0.028687
vt 0.753418 -0.046204
vt 0.753418 -0.028687
vt 0.745605 -0.046204
vt 0.745605 -0.028687
vt 0.765625 -0.110291
vt 0.765625 -0.071228
vt 0.759277 -0.110291
vt 0.759277 -0.071228
vt 0.751953 -0.110291
vt 0.751953 -0.071228
vt 0.745117 -0.071228
vt 0.745117 -0.110291
vt 0.738770 -0.071228
vt 0.738770 -0.110291
vt 0.731445 -0.110291
vt 0.731445 -0.071228
vt 0.724609 -0.071228
vt 0.724609 -0.110291
vt 0.745605 -0.028687
vt 0.745605 -0.046204
vt 0.753418 -0.028687
vt 0.753418 -0.046204
vt 0.760742 -0.028687
vt 0.760742 -0.046204
vt 0.768555 -0.028687
vt 0.768555 -0.046204
vt 0.768555 -0.028687
vt 0.768555 -0.046204
vt 0.760742 -0.046204
vt 0.760742 -0.028687
vt 0.753418 -0.046204
vt 0.753418 -0.028687
vt 0.745605 -0.046204
vt 0.745605 -0.028687
vt 0.758789 -0.129639
vt 0.729980 -0.129639
vt 0.729980 -0.126343
vt 0.758789 -0.126343
vt 0.729980 -0.122986
vt 0.758789 -0.122986
vt 0.729980 -0.119690
vt 0.758789 -0.119690
vt 0.729980 -0.129639
vt 0.758789 -0.129639
vt 0.729980 -0.126343
vt 0.758789 -0.126343
vt 0.729980 -0.122986
vt 0.758789 -0.122986
vt 0.729980 -0.119690
vt 0.758789 -0.119690
vt 0.389160 -0.964355
vt 0.385010 -0.964355
vt 0.385986 -0.959473
vt 0.393555 -0.962891
vt 0.415039 -0.962402
vt 0.414795 -0.964355
vt 0.455566 -0.281006
vt 0.484863 -0.294678
vt 0.498535 -0.236694
vt 0.517578 -0.292725
vt 0.544922 -0.276123
vt 0.484863 -0.294678
vt 0.455566 -0.281006
vt 0.497803 -0.236938
vt 0.517578 -0.292725
vt 0.544922 -0.276123
vt 0.455566 -0.281006
vt 0.484863 -0.294678
vt 0.497803 -0.236938
vt 0.517578 -0.292725
vt 0.544922 -0.276123
vt 0.455566 -0.281006
vt 0.484863 -0.294678
vt 0.497803 -0.236938
vt 0.517578 -0.292725
vt 0.544922 -0.276123
vt 0.484863 -0.294678
vt 0.455566 -0.281006
vt 0.497803 -0.236938
vt 0.517578 -0.292725
vt 0.544922 -0.276123
vt 0.484863 -0.294678
vt 0.455566 -0.281006
vt 0.498535 -0.236572
vt 0.517578 -0.292725
vt 0.544922 -0.276123
vt 0.517578 -0.292725
vt 0.544922 -0.276123
vt 0.498535 -0.236572
vt 0.484863 -0.294678
vt 0.455566 -0.281006
vt 0.455566 -0.281006
vt 0.484863 -0.294678
vt 0.498535 -0.236572
vt 0.517578 -0.292725
vt 0.544922 -0.276123
vt 0.484863 -0.294678
vt 0.455566 -0.281006
vt 0.498535 -0.236572
vt 0.517578 -0.292725
vt 0.544922 -0.276123
vt 0.765625 -0.071228
vt 0.765625 -0.107300
vt 0.759277 -0.107300
vt 0.759277 -0.071228
vt 0.751953 -0.107300
vt 0.751953 -0.071228
vt 0.745117 -0.071228
vt 0.745117 -0.107300
vt 0.738770 -0.071228
vt 0.738770 -0.107300
vt 0.731445 -0.107300
vt 0.731445 -0.071228
vt 0.724609 -0.071228
vt 0.724609 -0.107300
vt 0.729980 -0.119690
vt 0.758789 -0.119690
vt 0.758789 -0.122986
vt 0.729980 -0.122986
vt 0.758789 -0.126343
vt 0.729980 -0.126343
vt 0.758789 -0.129639
vt 0.729980 -0.129639
vt 0.729980 -0.129639
vt 0.758789 -0.129639
vt 0.729980 -0.126343
vt 0.758789 -0.126343
vt 0.729980 -0.122986
vt 0.758789 -0.122986
vt 0.729980 -0.119690
vt 0.758789 -0.119690
vt 0.768555 -0.028687
vt 0.768555 -0.046204
vt 0.760742 -0.046204
vt 0.760742 -0.028687
vt 0.753418 -0.046204
vt 0.753418 -0.028687
vt 0.745605 -0.046204
vt 0.745605 -0.028687
vt 0.765625 -0.107300
vt 0.765625 -0.071228
vt 0.759277 -0.107300
vt 0.759277 -0.071228
vt 0.751953 -0.107300
vt 0.751953 -0.071228
vt 0.745117 -0.071228
vt 0.745117 -0.107300
vt 0.738770 -0.071228
vt 0.738770 -0.107300
vt 0.731445 -0.107300
vt 0.731445 -0.071228
vt 0.724609 -0.071228
vt 0.724609 -0.107300
vt 0.745605 -0.028687
vt 0.745605 -0.046204
vt 0.753418 -0.028687
vt 0.753418 -0.046204
vt 0.760742 -0.028687
vt 0.760742 -0.046204
vt 0.768555 -0.028687
vt 0.768555 -0.046204
vt 0.768555 -0.028687
vt 0.768555 -0.046204
vt 0.760742 -0.046204
vt 0.760742 -0.028687
vt 0.753418 -0.046204
vt 0.753418 -0.028687
vt 0.745605 -0.046204
vt 0.745605 -0.028687
vt 0.758789 -0.129639
vt 0.729980 -0.129639
vt 0.729980 -0.126343
vt 0.758789 -0.126343
vt 0.729980 -0.122986
vt 0.758789 -0.122986
vt 0.729980 -0.119690
vt 0.758789 -0.119690
vt 0.729980 -0.129639
vt 0.758789 -0.129639
vt 0.729980 -0.126343
vt 0.758789 -0.126343
vt 0.729980 -0.122986
vt 0.758789 -0.122986
vt 0.729980 -0.119690
vt 0.758789 -0.119690
vt 0.389160 -0.964355
vt 0.385010 -0.964355
vt 0.385986 -0.959473
vt 0.393555 -0.962891
vt 0.415039 -0.962402
vt 0.414795 -0.964355
vt 0.619629 -0.944336
vt 0.619629 -0.888184
vt 0.597656 -0.899902
vt 0.598633 -0.866211
vt 0.615723 -0.878418
vt 0.607422 -0.869141
vt 0.620117 -0.991699
vt 0.507812 -0.958496
vt 0.507324 -0.991699
vt 0.619629 -0.958496
vt 0.566895 -0.914551
vt 0.585938 -0.914551
vt 0.619629 -0.944336
vt 0.619629 -0.888184
vt 0.597656 -0.900391
vt 0.598633 -0.866211
vt 0.615723 -0.878418
vt 0.607422 -0.869141
vt 0.597656 -0.900879
vt 0.619629 -0.888184
vt 0.619629 -0.944336
vt 0.598633 -0.866211
vt 0.615234 -0.878418
vt 0.606934 -0.869141
vt 0.619629 -0.944336
vt 0.619629 -0.888184
vt 0.597656 -0.899902
vt 0.598633 -0.866211
vt 0.615723 -0.878418
vt 0.607422 -0.869141
vt 0.597168 -0.899902
vt 0.619629 -0.888184
vt 0.619629 -0.944336
vt 0.598633 -0.866211
vt 0.615234 -0.878418
vt 0.606934 -0.869141
vt 0.619629 -0.944336
vt 0.619629 -0.888184
vt 0.597656 -0.899902
vt 0.598633 -0.866211
vt 0.615723 -0.878418
vt 0.607422 -0.869141
vt 0.597168 -0.899902
vt 0.619629 -0.888184
vt 0.619629 -0.944336
vt 0.598633 -0.866211
vt 0.615234 -0.878418
vt 0.606934 -0.869141
vt 0.775879 -0.107666
vt 0.779297 -0.059082
vt 0.778809 -0.107422
vt 0.783691 -0.058655
vt 0.776855 -0.054871
vt 0.786133 -0.054047
vt 0.775879 -0.036774
vt 0.785156 -0.035950
vt 0.785645 -0.051575
vt 0.776367 -0.031311
vt 0.785645 -0.031250
vt 0.776367 -0.051605
vt 0.783203 -0.057587
vt 0.778809 -0.057587
vt 0.781250 -0.112366
vt 0.783691 -0.112366
vt 0.786133 -0.035248
vt 0.775879 -0.052612
vt 0.776855 -0.034515
vt 0.785156 -0.053375
vt 0.777832 -0.059387
vt 0.782227 -0.059753
vt 0.783203 -0.108887
vt 0.786133 -0.109131
vt 0.778809 -0.057678
vt 0.780762 -0.112549
vt 0.777832 -0.112549
vt 0.783203 -0.057678
vt 0.776367 -0.051392
vt 0.785645 -0.051392
vt 0.785645 -0.031113
vt 0.776367 -0.031082
vt 0.775879 -0.107666
vt 0.779297 -0.059082
vt 0.778809 -0.107422
vt 0.783691 -0.058655
vt 0.776855 -0.054871
vt 0.786133 -0.054047
vt 0.775879 -0.036774
vt 0.785156 -0.035950
vt 0.785645 -0.051575
vt 0.776367 -0.031311
vt 0.785645 -0.031250
vt 0.776367 -0.051605
vt 0.783203 -0.057587
vt 0.778809 -0.057587
vt 0.781250 -0.112366
vt 0.783691 -0.112366
vt 0.786133 -0.035248
vt 0.775879 -0.052612
vt 0.776855 -0.034515
vt 0.785156 -0.053375
vt 0.777832 -0.059387
vt 0.782227 -0.059753
vt 0.783203 -0.108887
vt 0.786133 -0.109131
vt 0.778809 -0.057678
vt 0.780762 -0.112549
vt 0.777832 -0.112549
vt 0.783203 -0.057678
vt 0.776367 -0.051392
vt 0.785645 -0.051392
vt 0.785645 -0.031113
vt 0.776367 -0.031082
vt 0.493896 -0.481689
vt 0.495605 -0.505859
vt 0.486816 -0.505859
vt 0.507324 -0.498535
vt 0.508789 -0.484863
vt 0.508789 -0.484863
vt 0.493896 -0.481689
vt 0.507324 -0.498535
vt 0.495605 -0.505859
vt 0.486816 -0.505859
vt 0.479492 -0.495361
vt 0.493896 -0.481689
vt 0.479736 -0.489746
vt 0.486816 -0.505859
vt 0.479004 -0.502930
vt 0.578613 -0.875488
vt 0.557617 -0.873047
vt 0.578125 -0.893555
vt 0.563477 -0.905273
vt 0.551758 -0.906250
vt 0.540039 -0.893555
vt 0.557617 -0.873047
vt 0.539551 -0.885742
vt 0.551758 -0.906250
vt 0.541016 -0.903320
vt 0.557617 -0.873047
vt 0.563477 -0.905273
vt 0.551758 -0.906250
vt 0.578125 -0.893555
vt 0.578613 -0.875488
vt 0.810059 -0.008080
vt 0.813965 -0.099792
vt 0.813965 -0.008080
vt 0.810059 -0.099792
vt 0.805664 -0.008080
vt 0.805664 -0.099792
vt 0.801758 -0.008072
vt 0.801758 -0.099792
vt 0.797363 -0.008072
vt 0.797363 -0.099792
vt 0.793457 -0.008072
vt 0.792969 -0.099792
vt 0.789062 -0.008072
vt 0.789062 -0.099792
vt 0.855957 -0.043671
vt 0.851074 -0.006020
vt 0.851074 -0.043671
vt 0.855957 -0.006020
vt 0.860840 -0.043671
vt 0.860840 -0.006020
vt 0.865723 -0.043671
vt 0.865723 -0.006020
vt 0.870605 -0.043671
vt 0.870605 -0.006020
vt 0.671875 -0.108093
vt 0.673828 -0.100952
vt 0.673828 -0.108093
vt 0.671875 -0.100952
vt 0.673828 -0.100952
vt 0.671875 -0.100952
vt 0.673828 -0.093872
vt 0.671875 -0.093872
vt 0.673828 -0.093872
vt 0.671875 -0.093872
vt 0.673828 -0.086731
vt 0.671875 -0.086731
vt 0.673828 -0.086731
vt 0.671875 -0.086731
vt 0.673828 -0.086731
vt 0.671875 -0.086731
vt 0.673828 -0.086731
vt 0.671875 -0.086731
vt 0.673828 -0.086731
vt 0.671875 -0.086731
vt 0.673828 -0.079590
vt 0.671875 -0.079590
vt 0.673828 -0.079590
vt 0.671875 -0.079590
vt 0.673828 -0.079590
vt 0.671875 -0.079590
vt 0.673828 -0.079590
vt 0.671875 -0.079590
vt 0.673828 -0.079590
vt 0.671875 -0.079590
vt 0.768555 -0.028687
vt 0.760742 -0.046204
vt 0.768555 -0.046204
vt 0.760742 -0.028687
vt 0.753418 -0.046204
vt 0.753418 -0.028687
vt 0.745605 -0.046204
vt 0.745605 -0.028687
vt 0.778809 -0.107422
vt 0.779297 -0.059082
vt 0.775879 -0.107666
vt 0.783691 -0.058655
vt 0.776855 -0.054871
vt 0.786133 -0.054047
vt 0.775879 -0.036774
vt 0.785156 -0.035950
vt 0.776367 -0.031311
vt 0.785645 -0.051575
vt 0.785645 -0.031250
vt 0.776367 -0.051605
vt 0.783203 -0.057587
vt 0.778809 -0.057587
vt 0.781250 -0.112366
vt 0.783691 -0.112366
vt 0.775879 -0.052612
vt 0.786133 -0.035248
vt 0.776855 -0.034515
vt 0.785156 -0.053375
vt 0.777832 -0.059387
vt 0.782227 -0.059753
vt 0.783203 -0.108887
vt 0.786133 -0.109131
vt 0.780762 -0.112549
vt 0.778809 -0.057678
vt 0.777832 -0.112549
vt 0.783203 -0.057678
vt 0.776367 -0.051392
vt 0.785645 -0.051392
vt 0.785645 -0.031113
vt 0.776367 -0.031082
vt 0.673828 -0.108093
vt 0.673828 -0.100952
vt 0.671875 -0.108093
vt 0.671875 -0.100952
vt 0.673828 -0.100952
vt 0.671875 -0.100952
vt 0.673828 -0.093872
vt 0.671875 -0.093872
vt 0.673828 -0.093872
vt 0.671875 -0.093872
vt 0.673828 -0.086731
vt 0.671875 -0.086731
vt 0.673828 -0.086731
vt 0.671875 -0.086731
vt 0.673828 -0.086731
vt 0.671875 -0.086731
vt 0.673828 -0.086731
vt 0.671875 -0.086731
vt 0.673828 -0.086731
vt 0.671875 -0.086731
vt 0.673828 -0.079590
vt 0.671875 -0.079590
vt 0.673828 -0.079590
vt 0.671875 -0.079590
vt 0.673828 -0.079590
vt 0.671875 -0.079590
vt 0.673828 -0.079590
vt 0.671875 -0.079590
vt 0.673828 -0.079590
vt 0.671875 -0.079590
vt 0.686035 -0.110535
vt 0.712402 -0.103882
vt 0.705078 -0.110535
vt 0.678711 -0.103882
vt 0.712402 -0.085876
vt 0.678711 -0.085876
vt 0.686035 -0.079224
vt 0.705078 -0.079224
vt 0.707520 -0.079224
vt 0.707520 -0.079224
vt 0.705078 -0.079224
vt 0.686035 -0.079224
vt 0.683105 -0.079224
vt 0.683105 -0.079224
vt 0.687012 -0.066040
vt 0.699219 -0.059692
vt 0.699219 -0.066040
vt 0.687012 -0.059692
vt 0.699219 -0.056183
vt 0.687012 -0.056183
vt 0.687012 -0.049469
vt 0.699219 -0.049469
vt 0.687012 -0.046082
vt 0.699219 -0.046082
vt 0.687012 -0.042511
vt 0.699219 -0.042511
vt 0.699219 -0.038818
vt 0.687012 -0.038818
vt 0.676758 -0.042389
vt 0.684570 -0.038879
vt 0.676758 -0.038879
vt 0.684570 -0.042389
vt 0.676758 -0.048462
vt 0.684570 -0.048462
vt 0.684570 -0.051666
vt 0.676758 -0.051666
vt 0.676758 -0.054871
vt 0.684570 -0.054871
vt 0.684570 -0.056915
vt 0.676758 -0.056915
vt 0.676758 -0.060333
vt 0.684570 -0.060333
vt 0.684570 -0.065979
vt 0.676758 -0.065979
vt 0.489502 -0.992188
vt 0.490234 -0.980957
vt 0.491943 -0.992188
vt 0.492432 -0.980469
vt 0.489990 -0.965820
vt 0.492188 -0.965820
vt 0.384033 -0.990723
vt 0.385498 -0.979980
vt 0.386230 -0.991211
vt 0.383057 -0.979492
vt 0.386475 -0.974609
vt 0.385010 -0.964355
vt 0.379639 -0.964844
vt 0.044739 -0.163818
vt 0.025879 -0.140259
vt 0.025879 -0.154175
vt 0.044739 -0.129395
vt 0.061890 -0.173462
vt 0.061859 -0.118591
vt 0.077209 -0.118347
vt 0.077209 -0.193481
vt 0.061890 -0.193726
vt 0.089111 -0.118591
vt 0.089111 -0.193726
vt 0.489502 -0.992188
vt 0.490234 -0.980957
vt 0.491943 -0.992188
vt 0.492432 -0.980469
vt 0.489990 -0.965820
vt 0.492188 -0.965820
vt 0.384033 -0.990723
vt 0.385498 -0.979980
vt 0.386230 -0.991211
vt 0.383057 -0.979492
vt 0.386475 -0.974609
vt 0.385010 -0.964355
vt 0.379639 -0.964844
vt 0.040375 -0.193726
vt 0.059235 -0.217041
vt 0.059235 -0.203247
vt 0.040375 -0.227783
vt 0.023239 -0.184204
vt 0.023254 -0.238525
vt 0.015991 -0.238770
vt 0.015961 -0.164429
vt 0.023224 -0.164185
vt 0.008018 -0.238525
vt 0.007988 -0.164185
vt 0.544922 -0.276123
vt 0.497803 -0.236938
vt 0.517578 -0.292725
vt 0.484863 -0.294678
vt 0.455566 -0.281006
vt 0.517578 -0.292725
vt 0.497803 -0.236938
vt 0.544922 -0.276123
vt 0.484863 -0.294678
vt 0.455566 -0.281006
vt 0.484863 -0.294678
vt 0.497803 -0.236938
vt 0.455566 -0.281006
vt 0.517578 -0.292725
vt 0.544922 -0.276123
vt 0.517578 -0.292725
vt 0.497803 -0.236938
vt 0.544922 -0.276123
vt 0.484863 -0.294678
vt 0.455566 -0.281006
vt 0.498535 -0.236694
vt 0.544922 -0.276123
vt 0.517578 -0.292725
vt 0.484863 -0.294678
vt 0.455566 -0.281006
vt 0.498535 -0.236694
vt 0.517578 -0.292725
vt 0.544922 -0.276123
vt 0.484863 -0.294678
vt 0.455566 -0.281006
vt 0.498535 -0.236694
vt 0.484863 -0.294678
vt 0.455566 -0.281006
vt 0.517578 -0.292725
vt 0.544922 -0.276123
vt 0.484863 -0.294678
vt 0.498535 -0.236572
vt 0.455566 -0.281006
vt 0.517578 -0.292725
vt 0.544922 -0.276123
vt 0.498535 -0.236572
vt 0.484863 -0.294678
vt 0.455566 -0.281006
vt 0.517578 -0.292725
vt 0.544922 -0.276123
vt 0.455566 -0.281006
vt 0.498535 -0.236572
vt 0.484863 -0.294678
vt 0.517578 -0.292725
vt 0.544922 -0.276123
vt 0.484863 -0.294678
vt 0.498535 -0.236572
vt 0.455566 -0.281006
vt 0.517578 -0.292725
vt 0.544922 -0.276123
vt 0.497559 -0.236938
vt 0.544922 -0.276123
vt 0.517578 -0.292725
vt 0.484863 -0.294678
vt 0.455566 -0.281006
vt 0.497559 -0.236938
vt 0.517578 -0.292725
vt 0.544922 -0.276123
vt 0.484863 -0.294678
vt 0.455566 -0.281006
vt 0.497803 -0.236938
vt 0.484863 -0.294678
vt 0.455566 -0.281006
vt 0.517578 -0.292725
vt 0.544922 -0.276123
vt 0.497559 -0.236938
vt 0.517578 -0.292725
vt 0.544922 -0.276123
vt 0.484863 -0.294678
vt 0.455566 -0.281006
vt 0.498535 -0.236694
vt 0.517578 -0.292725
vt 0.544922 -0.276123
vt 0.484863 -0.294678
vt 0.455566 -0.281006
vt 0.498535 -0.236694
vt 0.544922 -0.276123
vt 0.517578 -0.292725
vt 0.484863 -0.294678
vt 0.455566 -0.281006
vt 0.498535 -0.236694
vt 0.455566 -0.281006
vt 0.484863 -0.294678
vt 0.517578 -0.292725
vt 0.544922 -0.276123
vt 0.498535 -0.236694
vt 0.544922 -0.276123
vt 0.517578 -0.292725
vt 0.484863 -0.294678
vt 0.455566 -0.281006
vt 0.497559 -0.236938
vt 0.455566 -0.281006
vt 0.484863 -0.294678
vt 0.517578 -0.292725
vt 0.544922 -0.276123
vt 0.497559 -0.236938
vt 0.484863 -0.294678
vt 0.455566 -0.281006
vt 0.517578 -0.292725
vt 0.544922 -0.276123
vt 0.497559 -0.236938
vt 0.484863 -0.294678
vt 0.455566 -0.281006
vt 0.517578 -0.292725
vt 0.544922 -0.276123
vt 0.497803 -0.236938
vt 0.455566 -0.281006
vt 0.484863 -0.294678
vt 0.517578 -0.292725
vt 0.544922 -0.276123
vt 0.671875 -0.108093
vt 0.673828 -0.100952
vt 0.673828 -0.108093
vt 0.671875 -0.100952
vt 0.673828 -0.100952
vt 0.671875 -0.100952
vt 0.673828 -0.093872
vt 0.671875 -0.093872
vt 0.673828 -0.093872
vt 0.671875 -0.093872
vt 0.673828 -0.086731
vt 0.671875 -0.086731
vt 0.673828 -0.086731
vt 0.671875 -0.086731
vt 0.673828 -0.086731
vt 0.671875 -0.086731
vt 0.673828 -0.086731
vt 0.671875 -0.086731
vt 0.673828 -0.086731
vt 0.671875 -0.086731
vt 0.673828 -0.079590
vt 0.671875 -0.079590
vt 0.673828 -0.079590
vt 0.671875 -0.079590
vt 0.673828 -0.079590
vt 0.671875 -0.079590
vt 0.673828 -0.079590
vt 0.671875 -0.079590
vt 0.673828 -0.079590
vt 0.671875 -0.079590
vt 0.768555 -0.028687
vt 0.760742 -0.046204
vt 0.768555 -0.046204
vt 0.760742 -0.028687
vt 0.753418 -0.046204
vt 0.753418 -0.028687
vt 0.745605 -0.046204
vt 0.745605 -0.028687
vt 0.778809 -0.107422
vt 0.779297 -0.059082
vt 0.775879 -0.107666
vt 0.783691 -0.058655
vt 0.776855 -0.054871
vt 0.786133 -0.054047
vt 0.775879 -0.036774
vt 0.785156 -0.035950
vt 0.776367 -0.031311
vt 0.785645 -0.051575
vt 0.785645 -0.031250
vt 0.776367 -0.051605
vt 0.783203 -0.057587
vt 0.778809 -0.057587
vt 0.781250 -0.112366
vt 0.783691 -0.112366
vt 0.775879 -0.052612
vt 0.786133 -0.035248
vt 0.776855 -0.034515
vt 0.785156 -0.053375
vt 0.777832 -0.059387
vt 0.782227 -0.059753
vt 0.783203 -0.108887
vt 0.786133 -0.109131
vt 0.780762 -0.112549
vt 0.778809 -0.057678
vt 0.777832 -0.112549
vt 0.783203 -0.057678
vt 0.776367 -0.051392
vt 0.785645 -0.051392
vt 0.785645 -0.031113
vt 0.776367 -0.031082
vt 0.673828 -0.108093
vt 0.673828 -0.100952
vt 0.671875 -0.108093
vt 0.671875 -0.100952
vt 0.673828 -0.100952
vt 0.671875 -0.100952
vt 0.673828 -0.093872
vt 0.671875 -0.093872
vt 0.673828 -0.093872
vt 0.671875 -0.093872
vt 0.673828 -0.086731
vt 0.671875 -0.086731
vt 0.673828 -0.086731
vt 0.671875 -0.086731
vt 0.673828 -0.086731
vt 0.671875 -0.086731
vt 0.673828 -0.086731
vt 0.671875 -0.086731
vt 0.673828 -0.086731
vt 0.671875 -0.086731
vt 0.673828 -0.079590
vt 0.671875 -0.079590
vt 0.673828 -0.079590
vt 0.671875 -0.079590
vt 0.673828 -0.079590
vt 0.671875 -0.079590
vt 0.673828 -0.079590
vt 0.671875 -0.079590
vt 0.673828 -0.079590
vt 0.671875 -0.079590
vt 0.686035 -0.110535
vt 0.712402 -0.103882
vt 0.705078 -0.110535
vt 0.678711 -0.103882
vt 0.712402 -0.085876
vt 0.678711 -0.085876
vt 0.686035 -0.079224
vt 0.705078 -0.079224
vt 0.707520 -0.079224
vt 0.707520 -0.079224
vt 0.705078 -0.079224
vt 0.686035 -0.079224
vt 0.683105 -0.079224
vt 0.683105 -0.079224
vt 0.687012 -0.066040
vt 0.699219 -0.059692
vt 0.699219 -0.066040
vt 0.687012 -0.059692
vt 0.699219 -0.056183
vt 0.687012 -0.056183
vt 0.687012 -0.049469
vt 0.699219 -0.049469
vt 0.687012 -0.046082
vt 0.699219 -0.046082
vt 0.687012 -0.042511
vt 0.699219 -0.042511
vt 0.699219 -0.038818
vt 0.687012 -0.038818
vt 0.676758 -0.042389
vt 0.684570 -0.038879
vt 0.676758 -0.038879
vt 0.684570 -0.042389
vt 0.676758 -0.048462
vt 0.684570 -0.048462
vt 0.684570 -0.051666
vt 0.676758 -0.051666
vt 0.676758 -0.054871
vt 0.684570 -0.054871
vt 0.684570 -0.056915
vt 0.676758 -0.056915
vt 0.676758 -0.060333
vt 0.684570 -0.060333
vt 0.684570 -0.065979
vt 0.676758 -0.065979
vt 0.489502 -0.992188
vt 0.490234 -0.980957
vt 0.491943 -0.992188
vt 0.492432 -0.980469
vt 0.489990 -0.965820
vt 0.492188 -0.965820
vt 0.384033 -0.990723
vt 0.385498 -0.979980
vt 0.386230 -0.991211
vt 0.383057 -0.979492
vt 0.386475 -0.974609
vt 0.385010 -0.964355
vt 0.379639 -0.964844
vt 0.044281 -0.510254
vt 0.025421 -0.486816
vt 0.025421 -0.500488
vt 0.044250 -0.476074
vt 0.061432 -0.520020
vt 0.061401 -0.465088
vt 0.076721 -0.464844
vt 0.076782 -0.540039
vt 0.061432 -0.540039
vt 0.088623 -0.465088
vt 0.088684 -0.540039
vt 0.489502 -0.992188
vt 0.490234 -0.980957
vt 0.491943 -0.992188
vt 0.492432 -0.980469
vt 0.489990 -0.965820
vt 0.492188 -0.965820
vt 0.384033 -0.990723
vt 0.385498 -0.979980
vt 0.386230 -0.991211
vt 0.383057 -0.979492
vt 0.386475 -0.974609
vt 0.385010 -0.964355
vt 0.379639 -0.964844
vt 0.040375 -0.540039
vt 0.059235 -0.563477
vt 0.059235 -0.549805
vt 0.040375 -0.574219
vt 0.023239 -0.530762
vt 0.023254 -0.584961
vt 0.015991 -0.584961
vt 0.015961 -0.510742
vt 0.023224 -0.510742
vt 0.008018 -0.584961
vt 0.007988 -0.510742
vt 0.597168 -0.899902
vt 0.619629 -0.888184
vt 0.619629 -0.944336
vt 0.598633 -0.866211
vt 0.606934 -0.869141
vt 0.615234 -0.878418
vt 0.620117 -0.958984
vt 0.507324 -0.991699
vt 0.620117 -0.991699
vt 0.507324 -0.958984
vt 0.566895 -0.914551
vt 0.585938 -0.914551
vt 0.619629 -0.958984
vt 0.507324 -0.991699
vt 0.620117 -0.991699
vt 0.507812 -0.958984
vt 0.566895 -0.914551
vt 0.585938 -0.914551
vt 0.871582 -0.068115
vt 0.871582 -0.100220
vt 0.867676 -0.100220
vt 0.867676 -0.068115
vt 0.869629 -0.050232
vt 0.873535 -0.050232
vt 0.866211 -0.050232
vt 0.871582 -0.068115
vt 0.867676 -0.100220
vt 0.871582 -0.100220
vt 0.867676 -0.068115
vt 0.869629 -0.050232
vt 0.873535 -0.050232
vt 0.866211 -0.050232
vt 0.686035 -0.110535
vt 0.712402 -0.103882
vt 0.705078 -0.110535
vt 0.678711 -0.103882
vt 0.678711 -0.085876
vt 0.712402 -0.085876
vt 0.705078 -0.079224
vt 0.686035 -0.079224
vt 0.683105 -0.076904
vt 0.683105 -0.079224
vt 0.686035 -0.076904
vt 0.705078 -0.076904
vt 0.707520 -0.079224
vt 0.707520 -0.076904
vt 0.705078 -0.110535
vt 0.678711 -0.103882
vt 0.686035 -0.110535
vt 0.712402 -0.103882
vt 0.712402 -0.085876
vt 0.678711 -0.085876
vt 0.686035 -0.079224
vt 0.705078 -0.079224
vt 0.707520 -0.079224
vt 0.707520 -0.079224
vt 0.705078 -0.079224
vt 0.686035 -0.079224
vt 0.683105 -0.079224
vt 0.683105 -0.079224
vt 0.729980 -0.119690
vt 0.758789 -0.119690
vt 0.758789 -0.122986
vt 0.729980 -0.122986
vt 0.729980 -0.126343
vt 0.758789 -0.126343
vt 0.758789 -0.129639
vt 0.729980 -0.129639
vt 0.712402 -0.103882
vt 0.686035 -0.110535
vt 0.705078 -0.110535
vt 0.678711 -0.103882
vt 0.678711 -0.085876
vt 0.712402 -0.085876
vt 0.686035 -0.079224
vt 0.705078 -0.079224
vt 0.683105 -0.076904
vt 0.683105 -0.079224
vt 0.686035 -0.076904
vt 0.705078 -0.076904
vt 0.707520 -0.079224
vt 0.707520 -0.076904
vt 0.699219 -0.066040
vt 0.687012 -0.059692
vt 0.687012 -0.066040
vt 0.699219 -0.059692
vt 0.699219 -0.056183
vt 0.687012 -0.056183
vt 0.687012 -0.049469
vt 0.699219 -0.049469
vt 0.699219 -0.046082
vt 0.687012 -0.046082
vt 0.687012 -0.042511
vt 0.699219 -0.042511
vt 0.699219 -0.038818
vt 0.687012 -0.038818
vt 0.676758 -0.060333
vt 0.684570 -0.065979
vt 0.676758 -0.065979
vt 0.684570 -0.060333
vt 0.684570 -0.056915
vt 0.676758 -0.056915
vt 0.676758 -0.054871
vt 0.684570 -0.054871
vt 0.684570 -0.051666
vt 0.676758 -0.051666
vt 0.684570 -0.048462
vt 0.676758 -0.048462
vt 0.684570 -0.042389
vt 0.676758 -0.042389
vt 0.676758 -0.038879
vt 0.684570 -0.038879
vt 0.461182 -0.930664
vt 0.442871 -0.928711
vt 0.461426 -0.929199
vt 0.442627 -0.930176
vt 0.428711 -0.948242
vt 0.475342 -0.949219
vt 0.414795 -0.964355
vt 0.489990 -0.965820
vt 0.490234 -0.980957
vt 0.391846 -0.979492
vt 0.393555 -0.962891
vt 0.489502 -0.992188
vt 0.386230 -0.991211
vt 0.385498 -0.979980
vt 0.427246 -0.946777
vt 0.414795 -0.964355
vt 0.413086 -0.963379
vt 0.428711 -0.948242
vt 0.442627 -0.930176
vt 0.441650 -0.929199
vt 0.442871 -0.928711
vt 0.461426 -0.929199
vt 0.461182 -0.930664
vt 0.442627 -0.930176
vt 0.428711 -0.948242
vt 0.475342 -0.949219
vt 0.414795 -0.964355
vt 0.489990 -0.965820
vt 0.490234 -0.980957
vt 0.391846 -0.979492
vt 0.489502 -0.992188
vt 0.386230 -0.991211
vt 0.385498 -0.979980
vt 0.393555 -0.962891
vt 0.415039 -0.962402
vt 0.385986 -0.959473
vt 0.389160 -0.964355
vt 0.385010 -0.964355
vt 0.386475 -0.974609
vt 0.389404 -0.975098
vt 0.427246 -0.946777
vt 0.414795 -0.964355
vt 0.413086 -0.963379
vt 0.428711 -0.948242
vt 0.442627 -0.930176
vt 0.441650 -0.929199
vt 0.686035 -0.110535
vt 0.712402 -0.103882
vt 0.705078 -0.110535
vt 0.678711 -0.103882
vt 0.678711 -0.085876
vt 0.712402 -0.085876
vt 0.705078 -0.079224
vt 0.686035 -0.079224
vt 0.683105 -0.076904
vt 0.683105 -0.079224
vt 0.686035 -0.076904
vt 0.705078 -0.076904
vt 0.707520 -0.079224
vt 0.707520 -0.076904
vt 0.705078 -0.110535
vt 0.678711 -0.103882
vt 0.686035 -0.110535
vt 0.712402 -0.103882
vt 0.712402 -0.085876
vt 0.678711 -0.085876
vt 0.686035 -0.079224
vt 0.705078 -0.079224
vt 0.707520 -0.079224
vt 0.707520 -0.079224
vt 0.705078 -0.079224
vt 0.686035 -0.079224
vt 0.683105 -0.079224
vt 0.683105 -0.079224
vt 0.712402 -0.103882
vt 0.686035 -0.110535
vt 0.705078 -0.110535
vt 0.678711 -0.103882
vt 0.678711 -0.085876
vt 0.712402 -0.085876
vt 0.686035 -0.079224
vt 0.705078 -0.079224
vt 0.683105 -0.076904
vt 0.683105 -0.079224
vt 0.686035 -0.076904
vt 0.705078 -0.076904
vt 0.707520 -0.079224
vt 0.707520 -0.076904
vt 0.699219 -0.066040
vt 0.687012 -0.059692
vt 0.687012 -0.066040
vt 0.699219 -0.059692
vt 0.699219 -0.056183
vt 0.687012 -0.056183
vt 0.687012 -0.049469
vt 0.699219 -0.049469
vt 0.699219 -0.046082
vt 0.687012 -0.046082
vt 0.687012 -0.042511
vt 0.699219 -0.042511
vt 0.699219 -0.038818
vt 0.687012 -0.038818
vt 0.676758 -0.060333
vt 0.684570 -0.065979
vt 0.676758 -0.065979
vt 0.684570 -0.060333
vt 0.684570 -0.056915
vt 0.676758 -0.056915
vt 0.676758 -0.054871
vt 0.684570 -0.054871
vt 0.684570 -0.051666
vt 0.676758 -0.051666
vt 0.684570 -0.048462
vt 0.676758 -0.048462
vt 0.684570 -0.042389
vt 0.676758 -0.042389
vt 0.676758 -0.038879
vt 0.684570 -0.038879
vt 0.461182 -0.930664
vt 0.442871 -0.928711
vt 0.461426 -0.929199
vt 0.442627 -0.930176
vt 0.428711 -0.948242
vt 0.475342 -0.949219
vt 0.414795 -0.964355
vt 0.489990 -0.965820
vt 0.490234 -0.980957
vt 0.391846 -0.979492
vt 0.393555 -0.962891
vt 0.489502 -0.992188
vt 0.386230 -0.991211
vt 0.385498 -0.979980
vt 0.427246 -0.946777
vt 0.414795 -0.964355
vt 0.413086 -0.963379
vt 0.428711 -0.948242
vt 0.442627 -0.930176
vt 0.441650 -0.929199
vt 0.442871 -0.928711
vt 0.461426 -0.929199
vt 0.461182 -0.930664
vt 0.442627 -0.930176
vt 0.428711 -0.948242
vt 0.475342 -0.949219
vt 0.414795 -0.964355
vt 0.489990 -0.965820
vt 0.490234 -0.980957
vt 0.391846 -0.979492
vt 0.489502 -0.992188
vt 0.386230 -0.991211
vt 0.385498 -0.979980
vt 0.393555 -0.962891
vt 0.415039 -0.962402
vt 0.385986 -0.959473
vt 0.389160 -0.964355
vt 0.385010 -0.964355
vt 0.386475 -0.974609
vt 0.389404 -0.975098
vt 0.427246 -0.946777
vt 0.414795 -0.964355
vt 0.413086 -0.963379
vt 0.428711 -0.948242
vt 0.442627 -0.930176
vt 0.441650 -0.929199
vt 0.521484 -0.256836
vt 0.517578 -0.292725
vt 0.544922 -0.276123
vt 0.507812 -0.265381
vt 0.484863 -0.294678
vt 0.498535 -0.236572
vt 0.491211 -0.266113
vt 0.455566 -0.281006
vt 0.476318 -0.259277
vt 0.990234 -0.033356
vt 0.980469 -0.005264
vt 0.990234 -0.005264
vt 0.980469 -0.033356
vt 0.973633 -0.005264
vt 0.990234 -0.061249
vt 0.964355 -0.033356
vt 0.964355 -0.005264
vt 0.973633 -0.033356
vt 0.964355 -0.061249
vt 0.980469 -0.061249
vt 0.973633 -0.061249
vt 0.973633 -0.089844
vt 0.964355 -0.089844
vt 0.964355 -0.118713
vt 0.980469 -0.089844
vt 0.990234 -0.089844
vt 0.990234 -0.118713
vt 0.973633 -0.118713
vt 0.964355 -0.147461
vt 0.980469 -0.118713
vt 0.973633 -0.147461
vt 0.980469 -0.147461
vt 0.990234 -0.147461
vt 0.973633 -0.176025
vt 0.964355 -0.176025
vt 0.980469 -0.176025
vt 0.990234 -0.176025
vt 0.964355 -0.204468
vt 0.990234 -0.204468
vt 0.973633 -0.204468
vt 0.980469 -0.204468
vt 0.973633 -0.233276
vt 0.964355 -0.233276
vt 0.980469 -0.233276
vt 0.990234 -0.233276
vt 0.973633 -0.261963
vt 0.964355 -0.261963
vt 0.964355 -0.290771
vt 0.980469 -0.261963
vt 0.990234 -0.261963
vt 0.990234 -0.290771
vt 0.973633 -0.290771
vt 0.980469 -0.290771
vt 0.964355 -0.318604
vt 0.990234 -0.318604
vt 0.973633 -0.318604
vt 0.973633 -0.346680
vt 0.964355 -0.346680
vt 0.980469 -0.318604
vt 0.980469 -0.346680
vt 0.990234 -0.346680
vt 0.544922 -0.276123
vt 0.521484 -0.256836
vt 0.517578 -0.292725
vt 0.507812 -0.265381
vt 0.498535 -0.236572
vt 0.484863 -0.294678
vt 0.491211 -0.266113
vt 0.476318 -0.259277
vt 0.455566 -0.281006
vt 0.517578 -0.292725
vt 0.521484 -0.256836
vt 0.544922 -0.276123
vt 0.507812 -0.265381
vt 0.498535 -0.236572
vt 0.484863 -0.294678
vt 0.491211 -0.266113
vt 0.476318 -0.259277
vt 0.455566 -0.281006
vt 0.517578 -0.292725
vt 0.544922 -0.276123
vt 0.521484 -0.256836
vt 0.507812 -0.265381
vt 0.484863 -0.294678
vt 0.498535 -0.236572
vt 0.491211 -0.266113
vt 0.455566 -0.281006
vt 0.476318 -0.259277
vt 0.517578 -0.292725
vt 0.521484 -0.256836
vt 0.544922 -0.276123
vt 0.507812 -0.265381
vt 0.498535 -0.236572
vt 0.484863 -0.294678
vt 0.491211 -0.266113
vt 0.476318 -0.259277
vt 0.455566 -0.281006
vt 0.521484 -0.256836
vt 0.517578 -0.292725
vt 0.544922 -0.276123
vt 0.507812 -0.265381
vt 0.498535 -0.236572
vt 0.484863 -0.294678
vt 0.491211 -0.266113
vt 0.476318 -0.259277
vt 0.455566 -0.281006
vt 0.517578 -0.292725
vt 0.521484 -0.256836
vt 0.544922 -0.276123
vt 0.507812 -0.265381
vt 0.498535 -0.236572
vt 0.484863 -0.294678
vt 0.491211 -0.266113
vt 0.476318 -0.259277
vt 0.455566 -0.281006
vt 0.517578 -0.292725
vt 0.521484 -0.256836
vt 0.544922 -0.276123
vt 0.507812 -0.265381
vt 0.498535 -0.236572
vt 0.484863 -0.294678
vt 0.491211 -0.266113
vt 0.476318 -0.259277
vt 0.455566 -0.281006
vt 0.980469 -0.005264
vt 0.990234 -0.033356
vt 0.990234 -0.005264
vt 0.980469 -0.033356
vt 0.990234 -0.061249
vt 0.973633 -0.005264
vt 0.964355 -0.005264
vt 0.964355 -0.033356
vt 0.973633 -0.033356
vt 0.964355 -0.061249
vt 0.980469 -0.061249
vt 0.973633 -0.061249
vt 0.973633 -0.089844
vt 0.964355 -0.089844
vt 0.964355 -0.118713
vt 0.980469 -0.089844
vt 0.990234 -0.089844
vt 0.990234 -0.118713
vt 0.973633 -0.118713
vt 0.964355 -0.147461
vt 0.980469 -0.118713
vt 0.973633 -0.147461
vt 0.980469 -0.147461
vt 0.990234 -0.147461
vt 0.973633 -0.176025
vt 0.964355 -0.176025
vt 0.980469 -0.176025
vt 0.990234 -0.176025
vt 0.964355 -0.204468
vt 0.990234 -0.204468
vt 0.973633 -0.204468
vt 0.980469 -0.204468
vt 0.973633 -0.233276
vt 0.964355 -0.233276
vt 0.980469 -0.233276
vt 0.990234 -0.233276
vt 0.973633 -0.261963
vt 0.964355 -0.261963
vt 0.964355 -0.290771
vt 0.980469 -0.261963
vt 0.990234 -0.261963
vt 0.990234 -0.290771
vt 0.973633 -0.290771
vt 0.980469 -0.290771
vt 0.964355 -0.318604
vt 0.990234 -0.318604
vt 0.973633 -0.318604
vt 0.964355 -0.346680
vt 0.973633 -0.346680
vt 0.980469 -0.318604
vt 0.980469 -0.346680
vt 0.990234 -0.346680
vt 0.544922 -0.276123
vt 0.517578 -0.292725
vt 0.521484 -0.256836
vt 0.507812 -0.265381
vt 0.498535 -0.236572
vt 0.484863 -0.294678
vt 0.491211 -0.266113
vt 0.476318 -0.259277
vt 0.455566 -0.281006
vt 0.521484 -0.256836
vt 0.517578 -0.292725
vt 0.544922 -0.276123
vt 0.507812 -0.265381
vt 0.498535 -0.236572
vt 0.484863 -0.294678
vt 0.491211 -0.266113
vt 0.476318 -0.259277
vt 0.455566 -0.281006
vt 0.517578 -0.292725
vt 0.521484 -0.256836
vt 0.544922 -0.276123
vt 0.507812 -0.265381
vt 0.498535 -0.236572
vt 0.484863 -0.294678
vt 0.491211 -0.266113
vt 0.476318 -0.259277
vt 0.455566 -0.281006
vt 0.521484 -0.256836
vt 0.517578 -0.292725
vt 0.544922 -0.276123
vt 0.507812 -0.265381
vt 0.498535 -0.236572
vt 0.484863 -0.294678
vt 0.491211 -0.266113
vt 0.476318 -0.259277
vt 0.455566 -0.281006
vt 0.521484 -0.256836
vt 0.544922 -0.276123
vt 0.517578 -0.292725
vt 0.507812 -0.265381
vt 0.498535 -0.236572
vt 0.484863 -0.294678
vt 0.491211 -0.266113
vt 0.476318 -0.259277
vt 0.455566 -0.281006
vt 0.521484 -0.256836
vt 0.517578 -0.292725
vt 0.544922 -0.276123
vt 0.507812 -0.265381
vt 0.484863 -0.294678
vt 0.498535 -0.236572
vt 0.491211 -0.266113
vt 0.455566 -0.281006
vt 0.476318 -0.259277
vt 0.682129 -0.011063
vt 0.677734 -0.007820
vt 0.673828 -0.015823
vt 0.682617 -0.033813
vt 0.690430 -0.013100
vt 0.670410 -0.024307
vt 0.682129 -0.011063
vt 0.673828 -0.015823
vt 0.677734 -0.007820
vt 0.682617 -0.033813
vt 0.690430 -0.013100
vt 0.670410 -0.024307
vt 0.982422 -0.005486
vt 0.996582 -0.033356
vt 0.996582 -0.005486
vt 0.982422 -0.033356
vt 0.996582 -0.061218
vt 0.971680 -0.005486
vt 0.957520 -0.005486
vt 0.957520 -0.033356
vt 0.971680 -0.033356
vt 0.982422 -0.061218
vt 0.971680 -0.061218
vt 0.957520 -0.061218
vt 0.982422 -0.089844
vt 0.996582 -0.089844
vt 0.996582 -0.118774
vt 0.971680 -0.089844
vt 0.957520 -0.089844
vt 0.957520 -0.118774
vt 0.982422 -0.118774
vt 0.971680 -0.118774
vt 0.957520 -0.147461
vt 0.982422 -0.147461
vt 0.996582 -0.147461
vt 0.971680 -0.147461
vt 0.971680 -0.176025
vt 0.957520 -0.176025
vt 0.982422 -0.176025
vt 0.996582 -0.176025
vt 0.957520 -0.204468
vt 0.996582 -0.204468
vt 0.971680 -0.204468
vt 0.982422 -0.204468
vt 0.971680 -0.233276
vt 0.957520 -0.233276
vt 0.982422 -0.233276
vt 0.996582 -0.233276
vt 0.971680 -0.262207
vt 0.957520 -0.262207
vt 0.957520 -0.290771
vt 0.982422 -0.262207
vt 0.996582 -0.262207
vt 0.996582 -0.290771
vt 0.971680 -0.290771
vt 0.982422 -0.290771
vt 0.957520 -0.318604
vt 0.996582 -0.318604
vt 0.971680 -0.318604
vt 0.957520 -0.346436
vt 0.971680 -0.346436
vt 0.982422 -0.318604
vt 0.982422 -0.346436
vt 0.996582 -0.346436
vt 0.981934 -0.005264
vt 0.996582 -0.033356
vt 0.996582 -0.005264
vt 0.981934 -0.033356
vt 0.996582 -0.061249
vt 0.971680 -0.005264
vt 0.957520 -0.005264
vt 0.957520 -0.033356
vt 0.971680 -0.033356
vt 0.981934 -0.061249
vt 0.971680 -0.061249
vt 0.957520 -0.061249
vt 0.981934 -0.089844
vt 0.996582 -0.089844
vt 0.996582 -0.118713
vt 0.971680 -0.089844
vt 0.957520 -0.089844
vt 0.957520 -0.118713
vt 0.981934 -0.118713
vt 0.971680 -0.118713
vt 0.957520 -0.147461
vt 0.981934 -0.147461
vt 0.996582 -0.147461
vt 0.971680 -0.147461
vt 0.971680 -0.176025
vt 0.957520 -0.176025
vt 0.981934 -0.176025
vt 0.996582 -0.176025
vt 0.957520 -0.204468
vt 0.996582 -0.204468
vt 0.971680 -0.204468
vt 0.981934 -0.204468
vt 0.971680 -0.233276
vt 0.957520 -0.233276
vt 0.981934 -0.233276
vt 0.996582 -0.233276
vt 0.971680 -0.261963
vt 0.957520 -0.261963
vt 0.957520 -0.290771
vt 0.981934 -0.261963
vt 0.996582 -0.261963
vt 0.996582 -0.290771
vt 0.971680 -0.290771
vt 0.981934 -0.290771
vt 0.957520 -0.318604
vt 0.996582 -0.318604
vt 0.971680 -0.318604
vt 0.957520 -0.346680
vt 0.971680 -0.346680
vt 0.981934 -0.318604
vt 0.981934 -0.346680
vt 0.996582 -0.346680
vt 0.996582 -0.033356
vt 0.982422 -0.005486
vt 0.996582 -0.005486
vt 0.982422 -0.033356
vt 0.971680 -0.005486
vt 0.996582 -0.061218
vt 0.957520 -0.033356
vt 0.957520 -0.005486
vt 0.971680 -0.033356
vt 0.982422 -0.061218
vt 0.971680 -0.061218
vt 0.957520 -0.061218
vt 0.982422 -0.089844
vt 0.996582 -0.089844
vt 0.996582 -0.118774
vt 0.971680 -0.089844
vt 0.957520 -0.089844
vt 0.957520 -0.118774
vt 0.982422 -0.118774
vt 0.971680 -0.118774
vt 0.957520 -0.147461
vt 0.982422 -0.147461
vt 0.996582 -0.147461
vt 0.971680 -0.147461
vt 0.971680 -0.176025
vt 0.957520 -0.176025
vt 0.982422 -0.176025
vt 0.996582 -0.176025
vt 0.957520 -0.204468
vt 0.996582 -0.204468
vt 0.971680 -0.204468
vt 0.982422 -0.204468
vt 0.971680 -0.233276
vt 0.957520 -0.233276
vt 0.982422 -0.233276
vt 0.996582 -0.233276
vt 0.971680 -0.262207
vt 0.957520 -0.262207
vt 0.957520 -0.290771
vt 0.982422 -0.262207
vt 0.996582 -0.262207
vt 0.996582 -0.290771
vt 0.971680 -0.290771
vt 0.982422 -0.290771
vt 0.957520 -0.318604
vt 0.996582 -0.318604
vt 0.971680 -0.318604
vt 0.971680 -0.346436
vt 0.957520 -0.346436
vt 0.982422 -0.318604
vt 0.982422 -0.346436
vt 0.996582 -0.346436
vt 0.996582 -0.033356
vt 0.981934 -0.005264
vt 0.996582 -0.005264
vt 0.981934 -0.033356
vt 0.971680 -0.005264
vt 0.996582 -0.061249
vt 0.957520 -0.033356
vt 0.957520 -0.005264
vt 0.971680 -0.033356
vt 0.981934 -0.061249
vt 0.971680 -0.061249
vt 0.957520 -0.061249
vt 0.981934 -0.089844
vt 0.996582 -0.089844
vt 0.996582 -0.118713
vt 0.971680 -0.089844
vt 0.957520 -0.089844
vt 0.957520 -0.118713
vt 0.981934 -0.118713
vt 0.971680 -0.118713
vt 0.957520 -0.147461
vt 0.981934 -0.147461
vt 0.996582 -0.147461
vt 0.971680 -0.147461
vt 0.971680 -0.176025
vt 0.957520 -0.176025
vt 0.981934 -0.176025
vt 0.996582 -0.176025
vt 0.957520 -0.204468
vt 0.996582 -0.204468
vt 0.971680 -0.204468
vt 0.981934 -0.204468
vt 0.971680 -0.233276
vt 0.957520 -0.233276
vt 0.981934 -0.233276
vt 0.996582 -0.233276
vt 0.971680 -0.261963
vt 0.957520 -0.261963
vt 0.957520 -0.290771
vt 0.981934 -0.261963
vt 0.996582 -0.261963
vt 0.996582 -0.290771
vt 0.971680 -0.290771
vt 0.981934 -0.290771
vt 0.957520 -0.318604
vt 0.996582 -0.318604
vt 0.971680 -0.318604
vt 0.971680 -0.346680
vt 0.957520 -0.346680
vt 0.981934 -0.318604
vt 0.981934 -0.346680
vt 0.996582 -0.346680
vt 0.682129 -0.011063
vt 0.677734 -0.007820
vt 0.673828 -0.015823
vt 0.682617 -0.033813
vt 0.690430 -0.013100
vt 0.670410 -0.024307
vt 0.682129 -0.011063
vt 0.673828 -0.015823
vt 0.677734 -0.007820
vt 0.682617 -0.033813
vt 0.690430 -0.013100
vt 0.670410 -0.024307
vt 0.517578 -0.292725
vt 0.521484 -0.256836
vt 0.544922 -0.276123
vt 0.507812 -0.265381
vt 0.498535 -0.236572
vt 0.491211 -0.266113
vt 0.484863 -0.294678
vt 0.476318 -0.259277
vt 0.455566 -0.281006
vt 0.521484 -0.256836
vt 0.517578 -0.292725
vt 0.544922 -0.276123
vt 0.507812 -0.265381
vt 0.498535 -0.236572
vt 0.491211 -0.266113
vt 0.484863 -0.294678
vt 0.476318 -0.259277
vt 0.455566 -0.281006
vt 0.861328 -0.052063
vt 0.861328 -0.055817
vt 0.864746 -0.055817
vt 0.857910 -0.055817
vt 0.861328 -0.059540
vt 0.861328 -0.052063
vt 0.864746 -0.055817
vt 0.861328 -0.055817
vt 0.857910 -0.055817
vt 0.861328 -0.059540
vt 0.783203 -0.007725
vt 0.783203 -0.012802
vt 0.778809 -0.010262
vt 0.778809 -0.005184
vt 0.778809 -0.015343
vt 0.774414 -0.007725
vt 0.774414 -0.012802
vt 0.783203 -0.007725
vt 0.778809 -0.010262
vt 0.783203 -0.012802
vt 0.778809 -0.015343
vt 0.778809 -0.005184
vt 0.774414 -0.012802
vt 0.774414 -0.007725
vt 0.982422 -0.033356
vt 0.996582 -0.005486
vt 0.982422 -0.005486
vt 0.996582 -0.047302
vt 0.971680 -0.005486
vt 0.982422 -0.061218
vt 0.971680 -0.033356
vt 0.957520 -0.005486
vt 0.957520 -0.047302
vt 0.996582 -0.089844
vt 0.971680 -0.061218
vt 0.957520 -0.089844
vt 0.982422 -0.089844
vt 0.971680 -0.089844
vt 0.982422 -0.118774
vt 0.996582 -0.133057
vt 0.971680 -0.118774
vt 0.957520 -0.133057
vt 0.982422 -0.147461
vt 0.996582 -0.176025
vt 0.971680 -0.147461
vt 0.957520 -0.176025
vt 0.982422 -0.176025
vt 0.971680 -0.176025
vt 0.982422 -0.204468
vt 0.996582 -0.218872
vt 0.971680 -0.204468
vt 0.957520 -0.218872
vt 0.982422 -0.233276
vt 0.971680 -0.233276
vt 0.957520 -0.262207
vt 0.996582 -0.262207
vt 0.971680 -0.262207
vt 0.982422 -0.262207
vt 0.982422 -0.290771
vt 0.996582 -0.304688
vt 0.971680 -0.290771
vt 0.957520 -0.304688
vt 0.982422 -0.318604
vt 0.996582 -0.346436
vt 0.982422 -0.346436
vt 0.971680 -0.346436
vt 0.971680 -0.318604
vt 0.957520 -0.346436
vt 0.981934 -0.033356
vt 0.996582 -0.005264
vt 0.981934 -0.005264
vt 0.996582 -0.047302
vt 0.971680 -0.005264
vt 0.981934 -0.061249
vt 0.971680 -0.033356
vt 0.957520 -0.005264
vt 0.957520 -0.047302
vt 0.996582 -0.089844
vt 0.971680 -0.061249
vt 0.957520 -0.089844
vt 0.981934 -0.089844
vt 0.971680 -0.089844
vt 0.981934 -0.118713
vt 0.996582 -0.133057
vt 0.971680 -0.118713
vt 0.957520 -0.133057
vt 0.981934 -0.147461
vt 0.996582 -0.176025
vt 0.971680 -0.147461
vt 0.957520 -0.176025
vt 0.981934 -0.176025
vt 0.971680 -0.176025
vt 0.981934 -0.204468
vt 0.996582 -0.218872
vt 0.971680 -0.204468
vt 0.957520 -0.218872
vt 0.981934 -0.233276
vt 0.971680 -0.233276
vt 0.957520 -0.261963
vt 0.996582 -0.261963
vt 0.971680 -0.261963
vt 0.981934 -0.261963
vt 0.981934 -0.290771
vt 0.996582 -0.304688
vt 0.971680 -0.290771
vt 0.957520 -0.304688
vt 0.981934 -0.318604
vt 0.996582 -0.346680
vt 0.981934 -0.346680
vt 0.971680 -0.346680
vt 0.971680 -0.318604
vt 0.957520 -0.346680
vt 0.996582 -0.005486
vt 0.982422 -0.033356
vt 0.982422 -0.005486
vt 0.996582 -0.047302
vt 0.971680 -0.005486
vt 0.982422 -0.061218
vt 0.971680 -0.033356
vt 0.957520 -0.005486
vt 0.957520 -0.047302
vt 0.996582 -0.089844
vt 0.971680 -0.061218
vt 0.957520 -0.089844
vt 0.982422 -0.089844
vt 0.971680 -0.089844
vt 0.982422 -0.118774
vt 0.996582 -0.133057
vt 0.971680 -0.118774
vt 0.957520 -0.133057
vt 0.982422 -0.147461
vt 0.996582 -0.176025
vt 0.971680 -0.147461
vt 0.957520 -0.176025
vt 0.982422 -0.176025
vt 0.971680 -0.176025
vt 0.982422 -0.204468
vt 0.996582 -0.218872
vt 0.971680 -0.204468
vt 0.957520 -0.218872
vt 0.982422 -0.233276
vt 0.971680 -0.233276
vt 0.957520 -0.262207
vt 0.996582 -0.262207
vt 0.971680 -0.262207
vt 0.982422 -0.262207
vt 0.982422 -0.290771
vt 0.996582 -0.304688
vt 0.971680 -0.290771
vt 0.957520 -0.304688
vt 0.982422 -0.318604
vt 0.996582 -0.346436
vt 0.982422 -0.346436
vt 0.971680 -0.346436
vt 0.971680 -0.318604
vt 0.957520 -0.346436
vt 0.996582 -0.005264
vt 0.981934 -0.033356
vt 0.981934 -0.005264
vt 0.996582 -0.047302
vt 0.971680 -0.005264
vt 0.981934 -0.061249
vt 0.971680 -0.033356
vt 0.957520 -0.005264
vt 0.957520 -0.047302
vt 0.996582 -0.089844
vt 0.971680 -0.061249
vt 0.957520 -0.089844
vt 0.981934 -0.089844
vt 0.971680 -0.089844
vt 0.981934 -0.118713
vt 0.996582 -0.133057
vt 0.971680 -0.118713
vt 0.957520 -0.133057
vt 0.981934 -0.147461
vt 0.996582 -0.176025
vt 0.971680 -0.147461
vt 0.957520 -0.176025
vt 0.981934 -0.176025
vt 0.971680 -0.176025
vt 0.981934 -0.204468
vt 0.996582 -0.218872
vt 0.971680 -0.204468
vt 0.957520 -0.218872
vt 0.981934 -0.233276
vt 0.971680 -0.233276
vt 0.957520 -0.261963
vt 0.996582 -0.261963
vt 0.971680 -0.261963
vt 0.981934 -0.261963
vt 0.981934 -0.290771
vt 0.996582 -0.304688
vt 0.971680 -0.290771
vt 0.957520 -0.304688
vt 0.981934 -0.318604
vt 0.996582 -0.346680
vt 0.981934 -0.346680
vt 0.971680 -0.346680
vt 0.971680 -0.318604
vt 0.957520 -0.346680
vt 0.767578 -0.134521
vt 0.776855 -0.129639
vt 0.767578 -0.124756
vt 0.776855 -0.119812
vt 0.776855 -0.139526
vt 0.786621 -0.124756
vt 0.786621 -0.134521
vt 0.767578 -0.134521
vt 0.776855 -0.129639
vt 0.767578 -0.124756
vt 0.776855 -0.119812
vt 0.776855 -0.139526
vt 0.786621 -0.124756
vt 0.786621 -0.134521
vt 0.767578 -0.134521
vt 0.776855 -0.129639
vt 0.767578 -0.124756
vt 0.776855 -0.119812
vt 0.776855 -0.139526
vt 0.786621 -0.124756
vt 0.786621 -0.134521
vt 0.767578 -0.134521
vt 0.776855 -0.129639
vt 0.767578 -0.124756
vt 0.776855 -0.119812
vt 0.776855 -0.139526
vt 0.786621 -0.124756
vt 0.786621 -0.134521
vn 0.0000 -0.7549 -0.6558
vn 0.0000 0.7480 0.6637
vn 0.0000 -0.8231 -0.5678
vn 0.0000 0.8167 0.5770
vn 0.0000 -0.7549 0.6558
vn 0.0000 0.7480 -0.6637
vn -0.9936 -0.0379 0.1063
vn -0.9936 -0.0380 0.1064
vn -0.9936 -0.0380 0.1063
vn 0.9936 0.0380 -0.1063
vn -0.9900 0.0096 -0.1409
vn 0.9900 -0.0095 0.1409
vn 0.0000 -0.8231 0.5678
vn 0.0000 0.8167 -0.5770
vn -0.9936 -0.0379 0.1064
vn -0.9900 0.0095 -0.1409
vn 0.9765 0.1045 -0.1881
vn 0.9626 0.0006 -0.2708
vn 0.9623 -0.0009 -0.2719
vn 0.9766 0.1058 -0.1871
vn -0.9990 0.0219 -0.0395
vn -0.9983 -0.0002 -0.0579
vn -0.9983 0.0001 -0.0576
vn -0.9990 0.0222 -0.0393
vn 0.9654 0.1260 -0.2282
vn 0.9524 0.0013 -0.3048
vn 0.9520 -0.0009 -0.3061
vn 0.9655 0.1282 -0.2268
vn -0.9984 0.0267 -0.0485
vn -0.9978 -0.0002 -0.0659
vn -0.9978 0.0003 -0.0656
vn -0.9984 0.0272 -0.0481
vn -0.0205 -0.0448 -0.9988
vn -0.0205 -0.0448 0.9988
vn 0.0205 0.0448 0.9988
vn 0.0205 0.0448 -0.9988
vn -0.9515 0.3076 0.0000
vn 0.0002 0.0000 1.0000
vn -0.0002 0.0000 1.0000
vn 0.9515 -0.3076 0.0000
vn -0.0002 0.0000 -1.0000
vn 0.0002 0.0000 -1.0000
vn -0.3016 0.7144 0.6313
vn 0.3017 -0.7144 -0.6313
vn 0.3016 -0.7144 -0.6313
vn 0.8802 -0.0457 0.4723
vn -0.8802 0.0457 -0.4723
vn 0.0000 -1.0000 0.0000
vn 0.0000 0.0111 -0.9999
vn 1.0000 0.0000 0.0000
vn -1.0000 0.0000 0.0000
vn 0.9953 -0.0033 0.0967
vn 0.9971 -0.0408 0.0646
vn 0.9971 -0.0445 0.0615
vn 0.9950 0.0000 0.0996
vn 0.0000 -0.6245 -0.7810
vn -0.9971 -0.0408 0.0646
vn -0.9953 -0.0033 0.0967
vn -0.9971 -0.0445 0.0615
vn -0.9950 0.0000 0.0996
vn 0.1178 -0.9929 0.0165
vn 0.1237 -0.9922 0.0165
vn 0.1191 -0.9927 0.0165
vn 0.1250 -0.9920 0.0166
vn 0.0000 0.0000 -1.0000
vn 0.0000 0.0000 1.0000
vn -0.9357 0.0000 -0.3527
vn 0.9357 0.0000 0.3527
vn -0.9515 0.3075 0.0000
vn 0.9515 -0.3075 0.0000
vn -0.2932 0.7302 -0.6171
vn 0.2932 -0.7302 0.6171
vn 0.8888 -0.0289 -0.4574
vn -0.8888 0.0288 0.4574
vn -0.8888 0.0289 0.4574
vn 0.0000 0.0111 0.9999
vn 0.9953 -0.0033 -0.0967
vn 0.9971 -0.0445 -0.0615
vn 0.9971 -0.0408 -0.0646
vn 0.9950 0.0000 -0.0996
vn 0.0000 -0.6245 0.7810
vn -0.9950 0.0000 -0.0996
vn -0.9971 -0.0408 -0.0646
vn -0.9953 -0.0033 -0.0967
vn -0.9971 -0.0445 -0.0615
vn 0.1237 -0.9922 -0.0165
vn 0.1178 -0.9929 -0.0165
vn 0.1191 -0.9927 -0.0165
vn 0.1250 -0.9920 -0.0166
vn -0.9357 0.0000 0.3527
vn 0.9357 0.0000 -0.3527
vn 0.0000 1.0000 0.0000
vn 0.1623 -0.0108 0.9867
vn 0.1582 -0.0021 0.9874
vn 0.1620 -0.0102 0.9867
vn 0.1580 -0.0015 0.9874
vn -0.5449 0.8385 -0.0005
vn -0.5448 0.8385 -0.0002
vn -0.5449 0.8385 -0.0006
vn 0.5396 -0.8419 0.0002
vn 0.5395 -0.8419 0.0000
vn 0.5396 -0.8419 0.0001
vn 0.4594 -0.0237 -0.8879
vn 0.4521 -0.0041 -0.8919
vn 0.4599 -0.0249 -0.8876
vn 0.4516 -0.0028 -0.8922
vn 0.1580 0.0021 -0.9874
vn 0.1610 0.0101 -0.9869
vn 0.1613 0.0107 -0.9868
vn 0.1578 0.0015 -0.9875
vn -0.4866 -0.8736 0.0005
vn -0.4865 -0.8737 0.0002
vn -0.4866 -0.8736 0.0006
vn 0.4810 0.8767 -0.0002
vn 0.4810 0.8767 -0.0000
vn 0.4810 0.8767 -0.0001
vn 0.4519 0.0042 0.8920
vn 0.4580 0.0243 0.8886
vn 0.4515 0.0028 0.8923
vn 0.4584 0.0257 0.8884
vn 0.9626 0.0005 0.2708
vn 0.9765 0.1046 0.1881
vn 0.9623 -0.0009 0.2719
vn 0.9766 0.1058 0.1871
vn -0.9983 -0.0002 0.0579
vn -0.9990 0.0219 0.0395
vn -0.9983 0.0001 0.0576
vn -0.9990 0.0222 0.0393
vn -0.0106 0.0106 0.9999
vn -0.0067 0.0144 0.9998
vn -0.0144 0.0067 0.9998
vn 0.0106 0.0106 0.9999
vn 0.0067 0.0144 0.9998
vn 0.0144 0.0067 0.9998
vn 0.0106 -0.0106 0.9999
vn 0.0144 -0.0067 0.9998
vn 0.0067 -0.0144 0.9998
vn -0.0106 -0.0106 0.9999
vn -0.0067 -0.0144 0.9998
vn -0.0144 -0.0067 0.9998
vn -0.0109 0.0109 -0.9999
vn -0.0149 0.0069 -0.9998
vn -0.0069 0.0149 -0.9998
vn -0.0109 -0.0109 -0.9999
vn -0.0149 -0.0069 -0.9998
vn -0.0069 -0.0149 -0.9998
vn 0.0149 0.0069 -0.9998
vn 0.0109 0.0109 -0.9999
vn 0.0069 0.0149 -0.9998
vn 0.0109 -0.0109 -0.9999
vn 0.0149 -0.0069 -0.9998
vn 0.0069 -0.0149 -0.9998
vn -0.0107 0.0107 0.9999
vn -0.0068 0.0146 0.9998
vn -0.0146 0.0068 0.9998
vn 0.0107 0.0107 0.9999
vn 0.0068 0.0146 0.9998
vn 0.0146 0.0068 0.9998
vn 0.0107 -0.0107 0.9999
vn 0.0146 -0.0068 0.9998
vn 0.0068 -0.0146 0.9998
vn -0.0107 -0.0107 0.9999
vn -0.0068 -0.0146 0.9998
vn -0.0146 -0.0068 0.9998
vn -0.0106 0.0106 -0.9999
vn -0.0067 0.0144 -0.9998
vn -0.0144 0.0067 -0.9998
vn 0.0106 0.0106 -0.9999
vn 0.0067 0.0144 -0.9998
vn 0.0144 0.0067 -0.9998
vn 0.0106 -0.0106 -0.9999
vn 0.0144 -0.0067 -0.9998
vn 0.0067 -0.0144 -0.9998
vn -0.0106 -0.0106 -0.9999
vn -0.0067 -0.0144 -0.9998
vn -0.0144 -0.0067 -0.9998
vn -0.0109 0.0109 0.9999
vn -0.0149 0.0069 0.9998
vn -0.0069 0.0149 0.9998
vn -0.0107 0.0107 -0.9999
vn -0.0146 0.0068 -0.9998
vn -0.0068 0.0146 -0.9998
vn -0.0109 -0.0109 0.9999
vn -0.0149 -0.0069 0.9998
vn -0.0069 -0.0149 0.9998
vn -0.0107 -0.0107 -0.9999
vn -0.0146 -0.0068 -0.9998
vn -0.0068 -0.0146 -0.9998
vn 0.0149 0.0069 0.9998
vn 0.0109 0.0109 0.9999
vn 0.0069 0.0149 0.9998
vn 0.0107 0.0107 -0.9999
vn 0.0146 0.0068 -0.9998
vn 0.0068 0.0146 -0.9998
vn 0.0109 -0.0109 0.9999
vn 0.0149 -0.0069 0.9998
vn 0.0069 -0.0149 0.9998
vn 0.0107 -0.0107 -0.9999
vn 0.0146 -0.0068 -0.9998
vn 0.0068 -0.0146 -0.9998
vn -0.9948 -0.0270 0.0980
vn -0.9943 -0.0321 0.1018
vn -0.9939 -0.0353 0.1042
vn -0.9911 0.0193 -0.1313
vn -0.9903 0.0123 -0.1382
vn -0.9905 0.0142 -0.1363
vn -0.9900 0.0095 -0.1408
vn 0.0034 0.2990 0.9542
vn 0.0000 0.4374 0.8992
vn 0.0035 0.2969 0.9549
vn 0.0000 0.4395 0.8982
vn 0.7627 -0.5696 -0.3063
vn 0.7686 -0.4947 -0.4055
vn 0.7618 -0.5748 -0.2987
vn 0.7686 -0.4902 -0.4110
vn 0.0063 -0.7429 0.6693
vn 0.0016 -0.7440 0.6681
vn 0.0082 -0.7424 0.6699
vn -0.0000 -0.7444 0.6677
vn 0.8206 -0.3533 0.4492
vn 0.6942 -0.5235 0.4939
vn 0.7331 -0.4781 0.4837
vn 0.8400 -0.3194 0.4385
vn 0.0086 -0.0960 0.9953
vn 0.0067 -0.0974 0.9952
vn 0.0149 -0.0917 0.9957
vn -0.0011 -0.1028 0.9947
vn 0.7729 -0.6222 -0.1247
vn 0.7656 -0.5747 -0.2890
vn 0.7646 -0.5718 -0.2972
vn 0.7726 -0.6241 -0.1165
vn -0.0034 0.2990 -0.9542
vn -0.0000 0.4374 -0.8992
vn -0.0035 0.2969 -0.9549
vn 0.0000 0.4395 -0.8982
vn -0.7627 -0.5696 0.3063
vn -0.7686 -0.4947 0.4055
vn -0.7618 -0.5748 0.2987
vn -0.7686 -0.4902 0.4110
vn -0.8206 -0.3533 -0.4492
vn -0.6942 -0.5235 -0.4939
vn -0.7331 -0.4781 -0.4837
vn -0.8400 -0.3194 -0.4385
vn -0.0086 -0.0960 -0.9953
vn -0.0067 -0.0974 -0.9952
vn -0.0149 -0.0917 -0.9957
vn 0.0011 -0.1028 -0.9947
vn -0.7728 -0.6222 0.1247
vn -0.7656 -0.5747 0.2890
vn -0.7646 -0.5718 0.2972
vn -0.7726 -0.6241 0.1165
vn 0.1580 -0.0016 0.9874
vn 0.1578 0.0016 -0.9875
vn 0.4584 0.0258 0.8884
vn 0.9524 0.0013 0.3048
vn 0.9654 0.1260 0.2282
vn 0.9520 -0.0009 0.3061
vn 0.9655 0.1282 0.2268
vn -0.9978 -0.0002 0.0659
vn -0.9984 0.0267 0.0485
vn -0.9978 0.0003 0.0656
vn -0.9984 0.0272 0.0481
vn -0.9948 -0.0271 0.0980
vn -0.9943 -0.0322 0.1018
vn 0.7728 -0.6222 -0.1247
vn -0.0001 -0.9960 0.0894
vn 0.0000 -0.9960 0.0896
vn -0.0000 -0.9965 -0.0831
vn 0.0000 -0.9922 -0.1246
vn 0.0000 -0.8872 -0.4614
vn -0.0194 0.0422 0.9989
vn -0.0204 0.0408 0.9989
vn -0.0195 0.0431 0.9989
vn -0.0193 0.0437 0.9988
vn -0.0205 0.0448 0.9988
vn 0.0194 -0.0422 0.9989
vn 0.0204 -0.0408 0.9989
vn 0.0195 -0.0431 0.9989
vn 0.0193 -0.0437 0.9988
vn 0.0205 -0.0448 0.9988
vn 0.8660 0.0000 0.5000
vn 0.5000 0.0000 -0.8660
vn -0.5000 0.0000 -0.8660
vn -0.5000 0.0000 0.8660
vn 0.6747 0.0000 -0.7381
vn 0.6747 0.0000 -0.7380
vn 0.6747 0.0000 0.7380
vn 0.7071 -0.7071 0.0000
vn -0.7071 -0.7071 0.0000
vn 0.5222 0.0000 -0.8528
vn 0.5222 0.0000 0.8528
vn -0.5222 0.0000 0.8528
vn -0.8907 0.0000 -0.4546
vn 0.8511 0.5249 0.0000
vn 0.4874 0.8732 0.0000
vn -0.4874 0.8732 0.0000
vn -0.8511 0.5249 0.0000
vn -0.8907 0.0000 0.4546
vn 0.8907 0.0000 0.4546
vn -0.5222 0.0000 -0.8528
vn 0.8907 0.0000 -0.4546
vn 0.8511 -0.5249 0.0000
vn 0.4874 -0.8732 0.0000
vn -0.4874 -0.8732 0.0000
vn -0.8511 -0.5249 0.0000
vn 0.0072 -0.7638 -0.6453
vn 0.0200 -0.7574 -0.6526
vn 0.0080 -0.7632 -0.6460
vn -0.0002 -0.7667 -0.6420
vn 0.0000 -0.7663 -0.6425
vn -0.0144 -0.0038 0.9999
vn -0.0125 -0.0072 0.9999
vn -0.0096 -0.0096 0.9999
vn -0.0072 -0.0125 0.9999
vn -0.0038 -0.0144 0.9999
vn -0.0129 0.0074 0.9999
vn -0.0149 0.0040 0.9999
vn -0.0099 0.0099 0.9999
vn -0.0074 0.0129 0.9999
vn -0.0040 0.0149 0.9999
vn -0.0074 -0.0129 0.9999
vn -0.0040 -0.0149 0.9999
vn -0.0099 -0.0099 0.9999
vn -0.0129 -0.0074 0.9999
vn -0.0149 -0.0040 0.9999
vn 0.0149 0.0040 0.9999
vn 0.0129 0.0074 0.9999
vn 0.0099 0.0099 0.9999
vn 0.0074 0.0129 0.9999
vn 0.0040 0.0149 0.9999
vn 0.0129 -0.0074 0.9999
vn 0.0149 -0.0040 0.9999
vn 0.0099 -0.0099 0.9999
vn 0.0074 -0.0129 0.9999
vn 0.0040 -0.0149 0.9999
vn 0.6437 0.3753 -0.6669
vn 0.9353 0.1738 -0.3082
vn 0.8534 0.2558 -0.4541
vn 1.0000 0.0003 0.0003
vn 0.0000 -0.9929 -0.1189
vn -0.0000 -0.9984 0.0557
vn -0.0000 -0.9929 -0.1191
vn 0.0000 -0.9935 0.1133
vn 0.0000 -0.8946 0.4469
vn -0.6434 0.3587 0.6763
vn -0.9240 0.1646 0.3450
vn -0.8484 0.2481 0.4676
vn -0.9996 -0.0034 0.0290
vn -0.9906 -0.0829 0.1082
vn 0.9517 0.1245 0.2805
vn 0.9774 0.0838 0.1939
vn 0.8739 0.2032 0.4416
vn 1.0000 -0.0052 0.0047
vn 0.6419 0.3600 -0.6770
vn 0.9324 0.1704 -0.3186
vn 0.8561 0.2431 -0.4559
vn 1.0000 0.0018 0.0010
vn 1.0000 0.0017 0.0008
vn 1.0000 0.0040 0.0036
vn -0.9323 0.1680 -0.3203
vn -0.9704 0.1115 -0.2142
vn -0.8259 0.2629 -0.4987
vn -1.0000 -0.0026 -0.0015
vn -1.0000 -0.0024 -0.0012
vn -1.0000 -0.0056 -0.0050
vn -0.6414 0.3525 0.6814
vn -0.9314 0.1672 0.3233
vn -0.8544 0.2387 0.4614
vn 0.9499 0.1438 0.2774
vn 0.9778 0.0966 0.1860
vn 0.8690 0.2276 0.4394
vn 1.0000 0.0004 -0.0002
vn 1.0000 0.0009 -0.0008
vn -0.0416 -0.4966 0.8670
vn -0.0305 -0.6394 0.7683
vn -0.0297 -0.6492 0.7600
vn -0.0343 -0.5943 0.8035
vn -0.0445 -0.4546 0.8896
vn -0.9758 -0.1709 -0.1361
vn -0.9973 -0.0319 -0.0661
vn -0.9487 -0.2599 -0.1802
vn -0.9480 -0.2618 -0.1811
vn -0.9797 -0.1544 -0.1280
vn 0.0445 0.4546 -0.8896
vn 0.0534 0.3026 -0.9516
vn 0.0555 0.2611 -0.9637
vn 0.0548 0.2760 -0.9596
vn 0.0436 0.4683 -0.8825
vn 0.9948 -0.1014 -0.0022
vn 0.9854 0.1264 0.1138
vn 0.9854 0.1264 0.1139
vn 0.9944 -0.1056 -0.0043
vn 0.9941 -0.1079 -0.0055
vn 0.9973 0.0318 0.0661
vn 0.9973 0.0319 0.0661
vn -0.0204 0.0456 0.9987
vn -0.0204 0.0469 0.9987
vn -0.0203 0.0484 0.9986
vn -0.0205 0.0448 -0.9988
vn -0.0204 0.0456 -0.9987
vn -0.0204 0.0469 -0.9987
vn -0.0203 0.0484 -0.9986
vn -0.0195 0.0431 -0.9989
vn -0.0193 0.0437 -0.9988
vn -0.0194 0.0422 -0.9989
vn -0.0204 0.0408 -0.9989
vn 0.0205 -0.0448 -0.9988
vn 0.0204 -0.0456 -0.9987
vn 0.0204 -0.0469 -0.9987
vn 0.0203 -0.0484 -0.9986
vn 0.0195 -0.0431 -0.9989
vn 0.0193 -0.0437 -0.9988
vn 0.0194 -0.0422 -0.9989
vn 0.0204 -0.0408 -0.9989
vn 0.0204 -0.0456 0.9987
vn 0.0204 -0.0469 0.9987
vn 0.0203 -0.0484 0.9986
vn 0.5000 0.0000 0.8660
vn 0.8660 0.0000 -0.5000
vn 0.6747 0.0000 0.7381
vn 0.0000 -0.3839 -0.9234
vn 0.0000 -0.3839 -0.9233
vn 0.0000 -0.9244 -0.3814
vn 0.0000 -0.9244 0.3815
vn 0.0000 -0.3840 0.9233
vn 0.0000 0.3839 0.9234
vn 0.0000 -0.3814 0.9244
vn 0.0000 -0.7071 0.7071
vn 0.0000 0.7071 0.7071
vn 0.0000 0.7071 -0.7071
vn 0.0000 -0.7071 -0.7071
vn 0.0000 -0.3815 -0.9244
vn 0.0000 0.7091 -0.7051
vn -0.0416 -0.4966 -0.8670
vn -0.0305 -0.6394 -0.7683
vn -0.0297 -0.6492 -0.7600
vn -0.0343 -0.5943 -0.8035
vn -0.0445 -0.4546 -0.8896
vn -0.9973 -0.0319 0.0661
vn -0.9758 -0.1709 0.1361
vn -0.9487 -0.2599 0.1802
vn -0.9480 -0.2618 0.1811
vn -0.9797 -0.1544 0.1280
vn 0.0534 0.3026 0.9516
vn 0.0445 0.4546 0.8896
vn 0.0555 0.2611 0.9637
vn 0.0548 0.2760 0.9596
vn 0.0436 0.4683 0.8825
vn 0.9854 0.1264 -0.1138
vn 0.9948 -0.1014 0.0022
vn 0.9854 0.1264 -0.1139
vn 0.9944 -0.1056 0.0043
vn 0.9941 -0.1079 0.0055
vn 0.9941 -0.1079 0.0054
vn 0.9973 0.0318 -0.0661
vn 0.0000 -0.9244 0.3814
vn 0.0000 -0.9244 -0.3815
vn 0.0000 -0.3840 -0.9233
vn 0.0000 0.3839 -0.9234
vn 0.0000 -0.3814 -0.9244
vn 0.0000 0.7091 0.7051
vn -0.0498 -0.9126 -0.4058
vn 0.0234 -0.9814 0.1907
vn 0.0254 -0.9780 0.2069
vn 0.1196 -0.1905 0.9744
vn 0.1197 -0.1877 0.9749
vn 0.0697 0.8200 0.5680
vn 0.0684 0.8277 0.5570
vn -0.0482 0.9183 -0.3929
vn -0.0494 0.9140 -0.4026
vn -0.1133 0.3663 -0.9236
vn -0.1135 0.3627 -0.9250
vn -0.1218 0.0000 -0.9925
vn 0.1568 -0.3182 0.9349
vn 0.1270 -0.7935 0.5951
vn 0.1270 -0.7935 0.5952
vn 0.1569 -0.3134 0.9366
vn 0.0953 0.7835 0.6139
vn 0.0945 0.7892 0.6068
vn -0.0020 0.9997 -0.0226
vn 0.0194 0.9996 0.0197
vn -0.0404 0.6337 -0.7725
vn -0.0520 0.5305 -0.8460
vn -0.0493 -0.0643 -0.9967
vn -0.0631 -0.0097 -0.9980
vn -0.0300 -0.4784 -0.8776
vn -0.0310 -0.4648 -0.8849
vn 0.0152 -0.9131 -0.4075
vn 0.0151 -0.9131 -0.4075
vn 0.9996 0.0078 0.0260
vn 1.0000 0.0044 0.0059
vn 0.9996 0.0091 0.0254
vn 1.0000 -0.0000 0.0002
vn 0.9998 -0.0147 -0.0126
vn 0.9998 -0.0149 -0.0125
vn -0.9997 -0.0122 -0.0222
vn -0.9999 -0.0090 -0.0094
vn -0.9997 -0.0113 -0.0226
vn -1.0000 -0.0041 0.0023
vn -0.9995 0.0050 0.0296
vn -0.9997 0.0132 0.0179
vn -0.9998 0.0154 0.0133
vn 0.0000 0.4704 -0.8824
vn 0.0000 0.3276 -0.9448
vn 0.0000 0.4744 -0.8803
vn 0.0000 0.6797 -0.7335
vn 0.0000 0.6558 -0.7549
vn 0.0000 0.8735 -0.4867
vn 0.0000 0.8739 -0.4861
vn 0.0000 0.7192 -0.6948
vn 0.0000 0.9695 -0.2451
vn -0.9996 0.0079 -0.0260
vn -1.0000 0.0044 -0.0059
vn -0.9996 0.0092 -0.0254
vn -1.0000 -0.0000 -0.0002
vn -0.9998 -0.0147 0.0126
vn -0.9998 -0.0149 0.0125
vn 0.9997 -0.0121 0.0222
vn 0.9999 -0.0090 0.0094
vn 0.9997 -0.0113 0.0226
vn 1.0000 -0.0041 -0.0023
vn 0.9995 0.0050 -0.0296
vn 0.9997 0.0132 -0.0179
vn 0.9998 0.0154 -0.0133
vn 0.0000 0.4704 0.8824
vn 0.0000 0.3276 0.9448
vn 0.0000 0.4744 0.8803
vn 0.0000 0.6797 0.7335
vn 0.0000 0.6558 0.7549
vn 0.0000 0.8735 0.4867
vn 0.0000 0.8739 0.4861
vn 0.0000 0.7192 0.6948
vn 0.0000 0.9695 0.2451
vn -0.0096 0.0096 0.9999
vn -0.0038 0.0144 0.9999
vn -0.0072 0.0125 0.9999
vn -0.0125 0.0072 0.9999
vn -0.0144 0.0038 0.9999
vn 0.0096 0.0096 0.9999
vn 0.0072 0.0125 0.9999
vn 0.0038 0.0144 0.9999
vn 0.0125 0.0072 0.9999
vn 0.0144 0.0038 0.9999
vn 0.0096 -0.0096 0.9999
vn 0.0125 -0.0072 0.9999
vn 0.0144 -0.0038 0.9999
vn 0.0072 -0.0125 0.9999
vn 0.0038 -0.0144 0.9999
vn -0.0129 0.0074 -0.9999
vn -0.0099 0.0099 -0.9999
vn -0.0149 0.0040 -0.9999
vn -0.0074 0.0129 -0.9999
vn -0.0040 0.0149 -0.9999
vn -0.0099 -0.0099 -0.9999
vn -0.0129 -0.0074 -0.9999
vn -0.0149 -0.0040 -0.9999
vn -0.0074 -0.0129 -0.9999
vn -0.0040 -0.0149 -0.9999
vn 0.0149 0.0040 -0.9999
vn 0.0099 0.0099 -0.9999
vn 0.0129 0.0074 -0.9999
vn 0.0074 0.0129 -0.9999
vn 0.0040 0.0149 -0.9999
vn 0.0129 -0.0074 -0.9999
vn 0.0099 -0.0099 -0.9999
vn 0.0149 -0.0040 -0.9999
vn 0.0074 -0.0129 -0.9999
vn 0.0040 -0.0149 -0.9999
vn -0.0098 0.0098 0.9999
vn -0.0039 0.0146 0.9999
vn -0.0073 0.0127 0.9999
vn -0.0127 0.0073 0.9999
vn -0.0146 0.0039 0.9999
vn 0.0098 0.0098 0.9999
vn 0.0073 0.0127 0.9999
vn 0.0039 0.0146 0.9999
vn 0.0127 0.0073 0.9999
vn 0.0146 0.0039 0.9999
vn 0.0098 -0.0098 0.9999
vn 0.0127 -0.0073 0.9999
vn 0.0146 -0.0039 0.9999
vn 0.0073 -0.0127 0.9999
vn 0.0039 -0.0146 0.9999
vn -0.0098 -0.0098 0.9999
vn -0.0073 -0.0127 0.9999
vn -0.0039 -0.0146 0.9999
vn -0.0127 -0.0073 0.9999
vn -0.0146 -0.0039 0.9999
vn -0.0096 0.0096 -0.9999
vn -0.0072 0.0125 -0.9999
vn -0.0038 0.0144 -0.9999
vn -0.0125 0.0072 -0.9999
vn -0.0144 0.0038 -0.9999
vn 0.0096 0.0096 -0.9999
vn 0.0038 0.0144 -0.9999
vn 0.0072 0.0125 -0.9999
vn 0.0125 0.0072 -0.9999
vn 0.0144 0.0038 -0.9999
vn 0.0096 -0.0096 -0.9999
vn 0.0144 -0.0038 -0.9999
vn 0.0125 -0.0072 -0.9999
vn 0.0072 -0.0125 -0.9999
vn 0.0038 -0.0144 -0.9999
vn -0.0096 -0.0096 -0.9999
vn -0.0038 -0.0144 -0.9999
vn -0.0072 -0.0125 -0.9999
vn -0.0125 -0.0072 -0.9999
vn -0.0144 -0.0038 -0.9999
vn -0.0098 0.0098 -0.9999
vn -0.0146 0.0039 -0.9999
vn -0.0127 0.0073 -0.9999
vn -0.0073 0.0127 -0.9999
vn -0.0039 0.0146 -0.9999
vn -0.0098 -0.0098 -0.9999
vn -0.0127 -0.0073 -0.9999
vn -0.0146 -0.0039 -0.9999
vn -0.0073 -0.0127 -0.9999
vn -0.0039 -0.0146 -0.9999
vn 0.0098 0.0098 -0.9999
vn 0.0127 0.0073 -0.9999
vn 0.0146 0.0039 -0.9999
vn 0.0073 0.0127 -0.9999
vn 0.0039 0.0146 -0.9999
vn 0.0098 -0.0098 -0.9999
vn 0.0146 -0.0039 -0.9999
vn 0.0127 -0.0073 -0.9999
vn 0.0073 -0.0127 -0.9999
vn 0.0039 -0.0146 -0.9999
vn 0.0000 0.3839 0.9233
vn 0.0000 0.3840 0.9233
vn 0.0000 -0.3839 0.9234
vn 0.0000 -0.3839 0.9233
vn 0.0000 0.3839 -0.9233
vn 0.0000 0.3840 -0.9233
vn 0.0000 -0.3815 0.9244
vn 0.0945 0.7891 0.6068
vn -0.0519 0.5305 -0.8460
vn 0.9996 0.0079 0.0260
vn 0.9996 0.0092 0.0254
vn 0.9997 -0.0122 0.0222
vn -0.9279 0.1892 -0.3210
vn -0.9699 0.1253 -0.2086
vn -0.8187 0.2872 -0.4972
vn -0.9998 -0.0163 -0.0149
vn -0.9968 -0.0578 -0.0544
vn -0.9983 0.0533 0.0222
vn 0.0000 -0.9924 -0.1226
vn 0.0000 -0.9960 0.0887
vn 0.0000 -0.9967 -0.0804
vn 0.0000 -0.8917 -0.4527
vn 0.0000 -0.8917 -0.4526
vn -0.0044 -0.9916 0.1293
vn -0.0015 -0.9939 -0.1105
vn -0.0078 -0.9959 -0.0895
vn 0.0000 -0.9981 0.0610
vn -0.0011 -0.8926 0.4507
vn -0.0036 -0.8938 0.4484
vn -0.0369 0.2977 0.9539
vn 0.0000 -0.0099 0.9999
vn 0.0369 0.2977 0.9539
vn 0.0000 0.6117 0.7911
vn -0.5862 0.4979 0.6391
vn 0.5862 0.4979 0.6391
vn -0.0369 0.2977 -0.9539
vn 0.0000 -0.0099 -0.9999
vn 0.0369 0.2977 -0.9539
vn 0.0000 0.6117 -0.7911
vn -0.5862 0.4979 -0.6391
vn 0.5862 0.4979 -0.6391
vn -0.4899 -0.8718 0.0000
vn -0.4800 -0.8773 0.0000
vn 0.3909 -0.9204 0.0000
vn 0.6312 -0.7756 0.0000
vn -0.0494 -0.9126 0.4058
vn 0.0233 -0.9811 -0.1920
vn 0.0250 -0.9783 -0.2057
vn 0.1186 -0.1879 -0.9750
vn 0.1186 -0.1903 -0.9745
vn 0.0679 0.8271 -0.5578
vn 0.0690 0.8206 -0.5673
vn -0.0479 0.9180 0.3936
vn -0.0489 0.9144 0.4019
vn -0.1125 0.3630 0.9250
vn -0.1124 0.3660 0.9238
vn -0.1208 0.0000 0.9927
vn -0.0536 -0.4984 0.8653
vn -0.0119 -0.9122 0.4096
vn -0.0119 -0.9122 0.4095
vn -0.0539 -0.4929 0.8684
vn -0.0667 -0.0877 0.9939
vn -0.0782 -0.0442 0.9959
vn -0.0356 0.6164 0.7866
vn -0.0558 0.4880 0.8711
vn 0.0173 0.9955 0.0925
vn 0.0424 0.9982 0.0418
vn 0.1214 0.8059 -0.5794
vn 0.1229 0.7956 -0.5932
vn 0.1582 -0.2683 -0.9502
vn 0.1586 -0.2547 -0.9539
vn 0.1240 -0.7155 -0.6875
vn 0.0000 -0.7817 0.6236
vn 0.0000 -0.9830 -0.1834
vn 0.0000 -0.7902 0.6128
vn 0.0000 -0.4863 0.8737
vn 0.0000 -0.4905 0.8714
vn 0.0021 -0.6900 0.7238
vn 0.0000 -0.6657 0.7462
vn 0.0006 -0.8836 0.4682
vn -0.0020 -0.9216 0.3881
vn 0.0092 -0.7212 0.6927
vn 0.0008 -0.9768 0.2141
vn -0.0049 -0.9728 0.2316
vn -0.0136 -0.9737 0.2273
vn -0.7994 -0.5328 -0.2775
vn -0.7919 -0.4724 -0.3869
vn -0.7919 -0.4679 -0.3923
vn -0.7989 -0.5337 -0.2774
vn -0.8188 -0.5628 -0.1133
vn -0.8186 -0.5646 -0.1053
vn 0.0000 -0.9830 0.1834
vn 0.0000 -0.7817 -0.6236
vn 0.0000 -0.7902 -0.6128
vn 0.0000 -0.4863 -0.8737
vn 0.0000 -0.4905 -0.8714
vn -0.0019 -0.9029 -0.4298
vn 0.0000 -0.6657 -0.7462
vn -0.0006 -0.8836 -0.4682
vn 0.0020 -0.9216 -0.3881
vn -0.0008 -0.9768 -0.2141
vn 0.0049 -0.9728 -0.2316
vn 0.0136 -0.9737 -0.2273
vn -0.0033 -0.9529 0.3031
vn 0.0000 -0.7663 0.6425
vn -0.0080 -0.7632 0.6460
vn -0.0065 -0.9872 0.1594
vn -0.0135 -0.9999 0.0046
vn -0.0063 -0.7429 -0.6693
vn -0.0082 -0.7424 -0.6699
vn 0.7994 -0.5328 0.2775
vn 0.7919 -0.4724 0.3869
vn 0.7919 -0.4679 0.3923
vn 0.7989 -0.5337 0.2774
vn 0.8188 -0.5628 0.1133
vn 0.8186 -0.5646 0.1053
vn -0.7919 -0.4724 -0.3870
vn 0.0274 0.1024 0.9944
vn -0.0137 -0.0238 0.9996
vn -0.0074 -0.0274 0.9996
vn 0.0512 0.0887 0.9947
vn -0.0238 -0.0137 0.9996
vn 0.1878 0.1878 0.9640
vn 0.0887 0.0512 0.9947
vn -0.0275 -0.0074 0.9996
vn 0.1024 0.0274 0.9944
vn -0.4373 -0.7574 0.4848
vn -0.2509 -0.9362 0.2459
vn -0.2281 -0.8515 0.4721
vn -0.4836 -0.8376 0.2540
vn -0.2537 -0.9467 -0.1985
vn -0.7574 -0.4373 0.4848
vn -0.4488 -0.7774 -0.4406
vn -0.2339 -0.8728 -0.4284
vn -0.4894 -0.8476 -0.2051
vn -0.7774 -0.4488 -0.4406
vn -0.8376 -0.4836 0.2540
vn -0.8476 -0.4894 -0.2051
vn -0.9787 0.0000 -0.2051
vn -0.8977 0.0000 -0.4406
vn -0.7774 0.4488 -0.4406
vn -0.9672 0.0000 0.2540
vn -0.8746 0.0000 0.4848
vn -0.7574 0.4373 0.4848
vn -0.8476 0.4894 -0.2051
vn -0.4488 0.7774 -0.4406
vn -0.8376 0.4836 0.2540
vn -0.4894 0.8476 -0.2051
vn -0.4836 0.8376 0.2540
vn -0.4373 0.7574 0.4848
vn 0.0000 0.9787 -0.2052
vn 0.0000 0.8977 -0.4406
vn 0.0000 0.9672 0.2540
vn 0.0000 0.8746 0.4848
vn 0.4488 0.7774 -0.4406
vn 0.4373 0.7574 0.4848
vn 0.4893 0.8476 -0.2052
vn 0.4836 0.8376 0.2540
vn 0.8476 0.4893 -0.2051
vn 0.7774 0.4488 -0.4406
vn 0.8376 0.4836 0.2540
vn 0.7574 0.4373 0.4849
vn 0.9787 0.0000 -0.2051
vn 0.8977 0.0000 -0.4406
vn 0.7774 -0.4488 -0.4406
vn 0.9672 0.0000 0.2540
vn 0.8746 0.0000 0.4848
vn 0.7574 -0.4373 0.4848
vn 0.8476 -0.4894 -0.2052
vn 0.8376 -0.4836 0.2540
vn 0.4488 -0.7774 -0.4406
vn 0.4373 -0.7574 0.4848
vn 0.4893 -0.8476 -0.2052
vn 0.2537 -0.9467 -0.1985
vn 0.2339 -0.8728 -0.4284
vn 0.4836 -0.8376 0.2540
vn 0.2509 -0.9362 0.2459
vn 0.2281 -0.8515 0.4721
vn 0.0074 0.0274 0.9996
vn -0.0274 -0.1024 0.9944
vn 0.0137 0.0238 0.9996
vn -0.0512 -0.0887 0.9947
vn -0.1878 -0.1878 0.9641
vn 0.0238 0.0137 0.9996
vn -0.0887 -0.0512 0.9947
vn -0.1024 -0.0274 0.9944
vn 0.0274 0.0074 0.9996
vn 0.0137 -0.0238 0.9996
vn -0.0274 0.1024 0.9944
vn 0.0074 -0.0274 0.9996
vn -0.0512 0.0887 0.9947
vn -0.1878 0.1878 0.9640
vn 0.0238 -0.0137 0.9996
vn -0.0887 0.0512 0.9947
vn -0.1024 0.0274 0.9944
vn 0.0275 -0.0074 0.9996
vn -0.0135 0.0233 -0.9996
vn -0.0072 0.0270 -0.9996
vn 0.0270 -0.1007 -0.9945
vn 0.0504 -0.0873 -0.9949
vn -0.0233 0.0135 -0.9996
vn 0.1847 -0.1847 -0.9652
vn 0.0873 -0.0504 -0.9949
vn -0.0270 0.0072 -0.9996
vn 0.1007 -0.0270 -0.9945
vn 0.0135 0.0233 -0.9996
vn -0.0270 -0.1007 -0.9945
vn 0.0072 0.0270 -0.9996
vn -0.0504 -0.0873 -0.9949
vn -0.1847 -0.1847 -0.9652
vn 0.0233 0.0135 -0.9996
vn -0.0873 -0.0504 -0.9949
vn -0.1007 -0.0270 -0.9945
vn 0.0270 0.0072 -0.9996
vn -0.0270 0.1007 -0.9945
vn 0.0135 -0.0233 -0.9996
vn 0.0072 -0.0270 -0.9996
vn -0.0504 0.0873 -0.9949
vn -0.1847 0.1847 -0.9652
vn 0.0233 -0.0135 -0.9996
vn -0.0873 0.0504 -0.9949
vn -0.1007 0.0270 -0.9945
vn 0.0270 -0.0072 -0.9996
vn -0.0135 -0.0233 -0.9996
vn 0.0270 0.1007 -0.9945
vn -0.0072 -0.0270 -0.9996
vn 0.0504 0.0873 -0.9949
vn 0.1847 0.1847 -0.9652
vn -0.0233 -0.0135 -0.9996
vn 0.0873 0.0504 -0.9949
vn 0.1007 0.0270 -0.9945
vn -0.0270 -0.0072 -0.9996
vn -0.0137 -0.0238 -0.9996
vn 0.0274 0.1024 -0.9944
vn -0.0074 -0.0274 -0.9996
vn 0.0512 0.0887 -0.9947
vn 0.1878 0.1878 -0.9641
vn -0.0238 -0.0137 -0.9996
vn 0.0887 0.0512 -0.9947
vn 0.1024 0.0274 -0.9944
vn -0.0274 -0.0074 -0.9996
vn -0.2509 -0.9362 -0.2459
vn -0.4373 -0.7574 -0.4848
vn -0.2281 -0.8515 -0.4721
vn -0.4836 -0.8376 -0.2540
vn -0.7574 -0.4373 -0.4848
vn -0.2537 -0.9467 0.1985
vn -0.2339 -0.8728 0.4284
vn -0.4488 -0.7774 0.4406
vn -0.4894 -0.8476 0.2051
vn -0.7774 -0.4488 0.4406
vn -0.8376 -0.4836 -0.2540
vn -0.8476 -0.4894 0.2052
vn -0.9787 0.0000 0.2051
vn -0.8977 0.0000 0.4406
vn -0.7774 0.4488 0.4406
vn -0.9672 0.0000 -0.2540
vn -0.8746 0.0000 -0.4848
vn -0.7574 0.4373 -0.4848
vn -0.8476 0.4894 0.2051
vn -0.4488 0.7774 0.4406
vn -0.8376 0.4836 -0.2540
vn -0.4894 0.8476 0.2051
vn -0.4836 0.8376 -0.2540
vn -0.4373 0.7574 -0.4848
vn 0.0000 0.9787 0.2051
vn 0.0000 0.8977 0.4406
vn 0.0000 0.9672 -0.2540
vn 0.0000 0.8746 -0.4848
vn 0.4488 0.7774 0.4406
vn 0.4373 0.7574 -0.4848
vn 0.4893 0.8476 0.2051
vn 0.4836 0.8376 -0.2540
vn 0.8476 0.4893 0.2052
vn 0.7774 0.4488 0.4406
vn 0.8376 0.4836 -0.2540
vn 0.7574 0.4373 -0.4848
vn 0.9787 0.0000 0.2051
vn 0.8977 0.0000 0.4406
vn 0.7774 -0.4488 0.4406
vn 0.9672 0.0000 -0.2540
vn 0.8746 0.0000 -0.4848
vn 0.7574 -0.4373 -0.4848
vn 0.8476 -0.4894 0.2052
vn 0.8376 -0.4836 -0.2540
vn 0.4488 -0.7774 0.4406
vn 0.4373 -0.7574 -0.4848
vn 0.4893 -0.8476 0.2052
vn 0.2339 -0.8728 0.4284
vn 0.2537 -0.9467 0.1985
vn 0.4836 -0.8376 -0.2540
vn 0.2509 -0.9362 -0.2459
vn 0.2281 -0.8515 -0.4721
vn 0.0074 0.0274 -0.9996
vn 0.0137 0.0238 -0.9996
vn -0.0274 -0.1024 -0.9944
vn -0.0512 -0.0887 -0.9947
vn -0.1878 -0.1878 -0.9641
vn 0.0238 0.0137 -0.9996
vn -0.0887 -0.0512 -0.9947
vn -0.1024 -0.0274 -0.9944
vn 0.0274 0.0074 -0.9996
vn -0.0274 0.1024 -0.9944
vn 0.0137 -0.0238 -0.9996
vn 0.0074 -0.0274 -0.9996
vn -0.0512 0.0887 -0.9947
vn -0.1878 0.1878 -0.9641
vn 0.0238 -0.0137 -0.9996
vn -0.0887 0.0512 -0.9947
vn -0.1024 0.0274 -0.9944
vn 0.0274 -0.0074 -0.9996
vn -0.0135 0.0233 0.9996
vn 0.0270 -0.1007 0.9945
vn -0.0072 0.0270 0.9996
vn 0.0504 -0.0873 0.9949
vn 0.1847 -0.1847 0.9652
vn -0.0233 0.0135 0.9996
vn 0.0873 -0.0504 0.9949
vn 0.1007 -0.0270 0.9945
vn -0.0270 0.0072 0.9996
vn -0.0270 -0.1007 0.9945
vn 0.0135 0.0233 0.9996
vn 0.0072 0.0270 0.9996
vn -0.0504 -0.0873 0.9949
vn -0.1847 -0.1847 0.9652
vn 0.0233 0.0135 0.9996
vn -0.0873 -0.0504 0.9949
vn -0.1007 -0.0270 0.9945
vn 0.0270 0.0072 0.9996
vn -0.0270 0.1007 0.9945
vn 0.0072 -0.0270 0.9996
vn 0.0135 -0.0233 0.9996
vn -0.0504 0.0873 0.9949
vn -0.1847 0.1847 0.9652
vn 0.0233 -0.0135 0.9996
vn -0.0873 0.0504 0.9949
vn -0.1007 0.0270 0.9945
vn 0.0270 -0.0072 0.9996
vn 0.0270 0.1007 0.9945
vn -0.0135 -0.0233 0.9996
vn -0.0072 -0.0270 0.9996
vn 0.0504 0.0873 0.9949
vn -0.0233 -0.0135 0.9996
vn 0.1847 0.1847 0.9652
vn 0.0873 0.0504 0.9949
vn -0.0270 -0.0072 0.9996
vn 0.1007 0.0270 0.9945
vn 0.9936 0.0380 -0.1062
vn 0.9900 -0.0095 0.1408
vn 0.9900 -0.0094 0.1408
vn -0.2519 -0.9401 -0.2298
vn -0.4454 -0.7714 -0.4543
vn -0.2322 -0.8665 -0.4419
vn -0.4857 -0.8412 -0.2374
vn -0.7714 -0.4454 -0.4543
vn -0.2543 -0.9492 0.1852
vn -0.2372 -0.8854 0.3998
vn -0.4557 -0.7893 0.4115
vn -0.4907 -0.8500 0.1915
vn -0.8412 -0.4857 -0.2374
vn -0.8500 -0.4907 0.1915
vn -0.7893 -0.4557 0.4115
vn -0.9714 0.0000 -0.2374
vn -0.8908 0.0000 -0.4544
vn -0.7714 0.4454 -0.4543
vn -0.9815 0.0000 0.1915
vn -0.9114 0.0000 0.4115
vn -0.7893 0.4557 0.4115
vn -0.8412 0.4857 -0.2374
vn -0.8500 0.4907 0.1915
vn -0.4557 0.7893 0.4115
vn -0.4857 0.8412 -0.2374
vn -0.4454 0.7714 -0.4544
vn -0.4907 0.8500 0.1915
vn 0.0000 0.9815 0.1915
vn 0.0000 0.9114 0.4115
vn 0.0000 0.9714 -0.2374
vn 0.0000 0.8908 -0.4544
vn 0.4557 0.7893 0.4115
vn 0.4454 0.7714 -0.4544
vn 0.4907 0.8500 0.1915
vn 0.4857 0.8412 -0.2374
vn 0.8500 0.4907 0.1915
vn 0.7893 0.4557 0.4115
vn 0.8412 0.4857 -0.2374
vn 0.7714 0.4454 -0.4544
vn 0.9815 0.0000 0.1915
vn 0.9114 0.0000 0.4115
vn 0.7893 -0.4557 0.4115
vn 0.9714 0.0000 -0.2374
vn 0.8908 0.0000 -0.4543
vn 0.7714 -0.4454 -0.4544
vn 0.8500 -0.4907 0.1915
vn 0.8412 -0.4857 -0.2374
vn 0.4557 -0.7893 0.4115
vn 0.4454 -0.7714 -0.4544
vn 0.4907 -0.8500 0.1915
vn 0.2372 -0.8854 0.3998
vn 0.2543 -0.9492 0.1852
vn 0.4857 -0.8412 -0.2374
vn 0.2519 -0.9401 -0.2298
vn 0.2322 -0.8665 -0.4419
vn -0.2521 -0.9407 -0.2271
vn -0.4467 -0.7737 -0.4493
vn -0.2328 -0.8688 -0.4369
vn -0.4860 -0.8418 -0.2347
vn -0.7737 -0.4467 -0.4493
vn -0.2544 -0.9496 0.1830
vn -0.2377 -0.8873 0.3951
vn -0.4568 -0.7911 0.4067
vn -0.4910 -0.8504 0.1892
vn -0.8418 -0.4860 -0.2347
vn -0.8504 -0.4910 0.1892
vn -0.7911 -0.4568 0.4067
vn -0.9720 0.0000 -0.2347
vn -0.8934 0.0000 -0.4493
vn -0.7737 0.4467 -0.4493
vn -0.9819 0.0000 0.1892
vn -0.9135 0.0000 0.4067
vn -0.7911 0.4568 0.4067
vn -0.8418 0.4860 -0.2347
vn -0.8504 0.4910 0.1892
vn -0.4568 0.7911 0.4067
vn -0.4860 0.8418 -0.2347
vn -0.4467 0.7737 -0.4493
vn -0.4910 0.8504 0.1892
vn 0.0000 0.9819 0.1892
vn 0.0000 0.9135 0.4067
vn 0.0000 0.9720 -0.2347
vn 0.0000 0.8934 -0.4493
vn 0.4568 0.7911 0.4067
vn 0.4467 0.7737 -0.4493
vn 0.4910 0.8504 0.1892
vn 0.4860 0.8418 -0.2347
vn 0.8504 0.4910 0.1892
vn 0.7911 0.4568 0.4067
vn 0.8418 0.4860 -0.2347
vn 0.7737 0.4467 -0.4493
vn 0.9819 0.0000 0.1892
vn 0.9135 0.0000 0.4067
vn 0.7911 -0.4568 0.4067
vn 0.9720 0.0000 -0.2347
vn 0.8934 0.0000 -0.4493
vn 0.7737 -0.4467 -0.4493
vn 0.8504 -0.4910 0.1892
vn 0.8418 -0.4860 -0.2347
vn 0.4568 -0.7911 0.4067
vn 0.4467 -0.7737 -0.4493
vn 0.4910 -0.8504 0.1892
vn 0.2377 -0.8873 0.3951
vn 0.2544 -0.9496 0.1830
vn 0.4860 -0.8418 -0.2347
vn 0.2521 -0.9407 -0.2271
vn 0.2328 -0.8688 -0.4369
vn -0.4454 -0.7714 0.4543
vn -0.2519 -0.9401 0.2298
vn -0.2322 -0.8665 0.4419
vn -0.4857 -0.8412 0.2374
vn -0.2543 -0.9492 -0.1852
vn -0.7714 -0.4454 0.4543
vn -0.4557 -0.7893 -0.4115
vn -0.2372 -0.8854 -0.3998
vn -0.4907 -0.8500 -0.1915
vn -0.8412 -0.4857 0.2374
vn -0.8500 -0.4907 -0.1915
vn -0.7893 -0.4557 -0.4115
vn -0.9714 0.0000 0.2374
vn -0.8908 0.0000 0.4544
vn -0.7714 0.4454 0.4543
vn -0.9815 0.0000 -0.1915
vn -0.9114 0.0000 -0.4115
vn -0.7893 0.4557 -0.4115
vn -0.8412 0.4857 0.2374
vn -0.8500 0.4907 -0.1915
vn -0.4557 0.7893 -0.4115
vn -0.4857 0.8412 0.2374
vn -0.4454 0.7714 0.4544
vn -0.4907 0.8500 -0.1915
vn 0.0000 0.9815 -0.1915
vn 0.0000 0.9114 -0.4115
vn 0.0000 0.9714 0.2374
vn 0.0000 0.8908 0.4544
vn 0.4557 0.7893 -0.4115
vn 0.4454 0.7714 0.4544
vn 0.4907 0.8500 -0.1915
vn 0.4857 0.8412 0.2374
vn 0.8500 0.4907 -0.1915
vn 0.7893 0.4557 -0.4115
vn 0.8412 0.4857 0.2374
vn 0.7714 0.4454 0.4544
vn 0.9815 0.0000 -0.1915
vn 0.9114 0.0000 -0.4115
vn 0.7893 -0.4557 -0.4115
vn 0.9714 0.0000 0.2374
vn 0.8908 0.0000 0.4543
vn 0.7714 -0.4454 0.4544
vn 0.8500 -0.4907 -0.1915
vn 0.8412 -0.4857 0.2374
vn 0.4557 -0.7893 -0.4115
vn 0.4454 -0.7714 0.4544
vn 0.4907 -0.8500 -0.1915
vn 0.2543 -0.9492 -0.1852
vn 0.2372 -0.8854 -0.3998
vn 0.4857 -0.8412 0.2374
vn 0.2519 -0.9401 0.2298
vn 0.2322 -0.8665 0.4419
vn -0.4467 -0.7737 0.4493
vn -0.2521 -0.9407 0.2271
vn -0.2328 -0.8688 0.4369
vn -0.4860 -0.8418 0.2347
vn -0.2544 -0.9496 -0.1830
vn -0.7737 -0.4467 0.4493
vn -0.4568 -0.7911 -0.4067
vn -0.2377 -0.8873 -0.3951
vn -0.4910 -0.8504 -0.1892
vn -0.8418 -0.4860 0.2347
vn -0.8504 -0.4910 -0.1892
vn -0.7911 -0.4568 -0.4067
vn -0.9720 0.0000 0.2347
vn -0.8934 0.0000 0.4493
vn -0.7737 0.4467 0.4493
vn -0.9819 0.0000 -0.1892
vn -0.9135 0.0000 -0.4067
vn -0.7911 0.4568 -0.4067
vn -0.8418 0.4860 0.2347
vn -0.8504 0.4910 -0.1892
vn -0.4568 0.7911 -0.4067
vn -0.4860 0.8418 0.2347
vn -0.4467 0.7737 0.4493
vn -0.4910 0.8504 -0.1892
vn 0.0000 0.9819 -0.1892
vn 0.0000 0.9135 -0.4067
vn 0.0000 0.9720 0.2347
vn 0.0000 0.8934 0.4493
vn 0.4568 0.7911 -0.4067
vn 0.4467 0.7737 0.4493
vn 0.4910 0.8504 -0.1892
vn 0.4860 0.8418 0.2347
vn 0.8504 0.4910 -0.1892
vn 0.7911 0.4568 -0.4067
vn 0.8418 0.4860 0.2347
vn 0.7737 0.4467 0.4493
vn 0.9819 0.0000 -0.1892
vn 0.9135 0.0000 -0.4067
vn 0.7911 -0.4568 -0.4067
vn 0.9720 0.0000 0.2347
vn 0.8934 0.0000 0.4493
vn 0.7737 -0.4467 0.4493
vn 0.8504 -0.4910 -0.1892
vn 0.8418 -0.4860 0.2347
vn 0.4568 -0.7911 -0.4067
vn 0.4467 -0.7737 0.4493
vn 0.4910 -0.8504 -0.1892
vn 0.2544 -0.9496 -0.1830
vn 0.2377 -0.8873 -0.3951
vn 0.4860 -0.8418 0.2347
vn 0.2521 -0.9407 0.2271
vn 0.2328 -0.8688 0.4369
vn 0.9936 0.0379 -0.1063
vn -0.0137 0.0238 0.9996
vn 0.0274 -0.1024 0.9944
vn -0.0074 0.0274 0.9996
vn 0.0512 -0.0887 0.9947
vn 0.1878 -0.1878 0.9640
vn 0.0887 -0.0512 0.9947
vn -0.0238 0.0137 0.9996
vn 0.1024 -0.0274 0.9944
vn -0.0274 0.0074 0.9996
vn 0.0274 -0.1024 -0.9944
vn -0.0137 0.0238 -0.9996
vn -0.0074 0.0274 -0.9996
vn 0.0512 -0.0887 -0.9947
vn 0.1878 -0.1878 -0.9640
vn 0.0887 -0.0512 -0.9947
vn -0.0238 0.0137 -0.9996
vn 0.1024 -0.0274 -0.9944
vn -0.0275 0.0074 -0.9996
vn -0.4670 -0.8263 -0.3147
vn -0.2565 -0.8179 -0.5150
vn -0.5768 -0.5768 -0.5784
vn -0.8263 -0.4670 -0.3147
vn -0.4718 -0.8367 0.2781
vn -0.2618 -0.8388 0.4773
vn -0.5930 -0.5930 0.5447
vn -0.8462 0.0000 -0.5329
vn -0.8367 -0.4718 0.2781
vn -0.8691 0.0000 0.4946
vn -0.8263 0.4670 -0.3147
vn -0.5768 0.5768 -0.5784
vn -0.8367 0.4718 0.2781
vn -0.5930 0.5930 0.5447
vn -0.4670 0.8263 -0.3147
vn 0.0000 0.8462 -0.5329
vn -0.4718 0.8367 0.2781
vn 0.0000 0.8691 0.4946
vn 0.4670 0.8263 -0.3147
vn 0.5768 0.5768 -0.5785
vn 0.4718 0.8367 0.2781
vn 0.5930 0.5930 0.5447
vn 0.8263 0.4670 -0.3147
vn 0.8367 0.4718 0.2781
vn 0.8691 0.0000 0.4946
vn 0.8462 0.0000 -0.5329
vn 0.8263 -0.4670 -0.3147
vn 0.5768 -0.5768 -0.5784
vn 0.8367 -0.4718 0.2781
vn 0.5930 -0.5930 0.5447
vn 0.4670 -0.8263 -0.3147
vn 0.2565 -0.8179 -0.5150
vn 0.4718 -0.8367 0.2781
vn 0.2618 -0.8388 0.4773
vn -0.4676 -0.8273 -0.3113
vn -0.2577 -0.8204 -0.5105
vn -0.5790 -0.5790 -0.5740
vn -0.8273 -0.4676 -0.3113
vn -0.4723 -0.8374 0.2751
vn -0.2629 -0.8409 0.4729
vn -0.5949 -0.5949 0.5404
vn -0.8490 0.0000 -0.5283
vn -0.8374 -0.4723 0.2751
vn -0.8716 0.0000 0.4902
vn -0.8273 0.4676 -0.3113
vn -0.5790 0.5790 -0.5740
vn -0.8374 0.4723 0.2751
vn -0.5949 0.5949 0.5404
vn -0.4676 0.8273 -0.3113
vn 0.0000 0.8490 -0.5283
vn -0.4723 0.8374 0.2751
vn 0.0000 0.8716 0.4902
vn 0.4676 0.8273 -0.3113
vn 0.5790 0.5790 -0.5740
vn 0.4723 0.8374 0.2751
vn 0.5949 0.5949 0.5404
vn 0.8273 0.4676 -0.3113
vn 0.8374 0.4723 0.2751
vn 0.8716 0.0000 0.4902
vn 0.8491 0.0000 -0.5283
vn 0.8273 -0.4676 -0.3113
vn 0.5790 -0.5790 -0.5740
vn 0.8374 -0.4723 0.2751
vn 0.5949 -0.5949 0.5404
vn 0.4676 -0.8273 -0.3113
vn 0.2577 -0.8203 -0.5105
vn 0.4723 -0.8374 0.2751
vn 0.2629 -0.8409 0.4729
vn -0.2565 -0.8179 0.5150
vn -0.4670 -0.8263 0.3147
vn -0.5768 -0.5768 0.5784
vn -0.8263 -0.4670 0.3147
vn -0.4718 -0.8367 -0.2781
vn -0.2618 -0.8388 -0.4773
vn -0.5930 -0.5930 -0.5447
vn -0.8462 0.0000 0.5329
vn -0.8367 -0.4718 -0.2781
vn -0.8691 0.0000 -0.4946
vn -0.8263 0.4670 0.3147
vn -0.5768 0.5768 0.5784
vn -0.8367 0.4718 -0.2781
vn -0.5930 0.5930 -0.5447
vn -0.4670 0.8263 0.3147
vn 0.0000 0.8462 0.5329
vn -0.4718 0.8367 -0.2781
vn 0.0000 0.8691 -0.4946
vn 0.4670 0.8263 0.3147
vn 0.5768 0.5768 0.5785
vn 0.4718 0.8367 -0.2781
vn 0.5930 0.5930 -0.5447
vn 0.8263 0.4670 0.3147
vn 0.8367 0.4718 -0.2781
vn 0.8691 0.0000 -0.4946
vn 0.8462 0.0000 0.5329
vn 0.8263 -0.4670 0.3147
vn 0.5768 -0.5768 0.5784
vn 0.8367 -0.4718 -0.2781
vn 0.5930 -0.5930 -0.5447
vn 0.4670 -0.8263 0.3147
vn 0.2565 -0.8179 0.5150
vn 0.4718 -0.8367 -0.2781
vn 0.2618 -0.8388 -0.4773
vn -0.2577 -0.8204 0.5105
vn -0.4676 -0.8273 0.3113
vn -0.5790 -0.5790 0.5740
vn -0.8273 -0.4676 0.3113
vn -0.4723 -0.8374 -0.2751
vn -0.2629 -0.8409 -0.4729
vn -0.5949 -0.5949 -0.5404
vn -0.8490 0.0000 0.5283
vn -0.8374 -0.4723 -0.2751
vn -0.8716 0.0000 -0.4902
vn -0.8273 0.4676 0.3113
vn -0.5790 0.5790 0.5740
vn -0.8374 0.4723 -0.2751
vn -0.5949 0.5949 -0.5404
vn -0.4676 0.8273 0.3113
vn 0.0000 0.8490 0.5283
vn -0.4723 0.8374 -0.2751
vn 0.0000 0.8716 -0.4902
vn 0.4676 0.8273 0.3113
vn 0.5790 0.5790 0.5740
vn 0.4723 0.8374 -0.2751
vn 0.5949 0.5949 -0.5404
vn 0.8273 0.4676 0.3113
vn 0.8374 0.4723 -0.2751
vn 0.8716 0.0000 -0.4902
vn 0.8491 0.0000 0.5283
vn 0.8273 -0.4676 0.3113
vn 0.5790 -0.5790 0.5740
vn 0.8374 -0.4723 -0.2751
vn 0.5949 -0.5949 -0.5404
vn 0.4676 -0.8273 0.3113
vn 0.2577 -0.8203 0.5105
vn 0.4723 -0.8374 -0.2751
vn 0.2629 -0.8409 -0.4729
usemtl b52h-airframe
s 1
f 2906/2906/1739 2907/2907/1739 2908/2908/1739
f 2909/2909/1740 2910/2910/1740 2911/2911/1740
f 2912/2912/1741 2913/2913/1741 2914/2914/1741
f 2915/2915/1742 2916/2916/1742 2917/2917/1742
f 2918/2918/1743 2919/2919/1743 2920/2920/1743
f 2921/2921/1744 2922/2922/1744 2923/2923/1744
f 2924/2924/1745 2925/2925/1745 2926/2926/1745
f 2927/2927/1746 2928/2928/1746 2929/2929/1746
f 2930/2930/1747 2931/2931/1747 2932/2932/1747
f 2933/2933/1748 2934/2934/1748 2935/2935/1748
f 2936/2936/1749 2937/2937/1749 2938/2938/1749
f 2939/2939/1749 2940/2940/1749 2941/2941/1749
f 2942/2942/1749 2943/2943/1749 2944/2944/1749
f 2945/2945/1750 2946/2946/1750 2947/2947/1750
f 2948/2948/1751 2949/2949/1751 2950/2950/1751
f 2951/2951/1752 2952/2952/1752 2953/2953/1752
f 2954/2954/1745 2955/2955/1745 2956/2956/1745
f 2957/2957/1753 2958/2958/1753 2959/2959/1753
f 2960/2960/1747 2961/2961/1747 2962/2962/1747
f 2963/2963/1748 2964/2964/1748 2965/2965/1748
f 2966/2966/1749 2967/2967/1749 2968/2968/1749
f 2969/2969/1754 2970/2970/1754 2971/2971/1754
f 2972/2972/1749 2973/2973/1749 2974/2974/1749
f 2975/2975/1750 2976/2976/1750 2977/2977/1750
f 2978/2978/1755 2979/2979/1756 2980/2980/1757
f 2979/2979/1756 2978/2978/1755 2981/2981/1758
f 2982/2982/1759 2983/2983/1760 2984/2984/1761
f 2984/2984/1761 2985/2985/1762 2982/2982/1759
f 2986/2986/1763 2987/2987/1764 2988/2988/1765
f 2987/2987/1764 2986/2986/1763 2989/2989/1766
f 2990/2990/1767 2991/2991/1768 2992/2992/1769
f 2992/2992/1769 2993/2993/1770 2990/2990/1767
f 2994/2994/1771 2995/2995/1771 2996/2996/1771
f 2996/2996/1771 2997/2997/1771 2994/2994/1771
f 2998/2998/1772 2999/2999/1772 3000/3000/1772
f 3000/3000/1772 2999/2999/1772 3001/3001/1772
f 3002/3002/1773 3003/3003/1773 3004/3004/1773
f 3004/3004/1773 3003/3003/1773 3005/3005/1773
f 3006/3006/1774 3007/3007/1774 3008/3008/1774
f 3008/3008/1774 3009/3009/1774 3006/3006/1774
f 3010/3010/1775 3011/3011/1775 3012/3012/1775
f 3012/3012/1775 3011/3011/1775 3013/3013/1775
f 3014/3014/1776 3015/3015/1777 3016/3016/1776
f 3015/3015/1777 3014/3014/1776 3017/3017/1777
f 3018/3018/1778 3019/3019/1778 3020/3020/1778
f 3020/3020/1778 3019/3019/1778 3021/3021/1778
f 3022/3022/1779 3023/3023/1780 3024/3024/1779
f 3025/3025/1780 3024/3024/1779 3023/3023/1780
f 3026/3026/1781 3027/3027/1781 3028/3028/1781
f 3026/3026/1781 3028/3028/1781 3029/3029/1781
f 3030/3030/1782 3031/3031/1783 3032/3032/1783
f 3031/3031/1783 3030/3030/1782 3033/3033/1782
f 3034/3034/1784 3035/3035/1784 3036/3036/1784
f 3035/3035/1784 3034/3034/1784 3037/3037/1784
f 3038/3038/1785 3039/3039/1785 3040/3040/1785
f 3039/3039/1785 3038/3038/1785 3041/3041/1785
f 3042/3042/1786 3043/3043/1786 3044/3044/1786
f 3042/3042/1786 3044/3044/1786 3045/3045/1786
f 3046/3046/1787 3047/3047/1787 3048/3048/1787
f 3047/3047/1787 3046/3046/1787 3049/3049/1787
f 3050/3050/1788 3051/3051/1788 3052/3052/1788
f 3052/3052/1788 3051/3051/1788 3053/3053/1788
f 3054/3054/1789 3055/3055/1789 3056/3056/1789
f 3054/3054/1789 3056/3056/1789 3057/3057/1789
f 3058/3058/1790 3059/3059/1791 3060/3060/1792
f 3061/3061/1793 3059/3059/1791 3058/3058/1790
f 3062/3062/1794 3063/3063/1794 3064/3064/1794
f 3064/3064/1794 3065/3065/1794 3062/3062/1794
f 3066/3066/1795 3067/3067/1796 3068/3068/1797
f 3066/3066/1795 3069/3069/1798 3067/3067/1796
f 3070/3070/1799 3071/3071/1800 3072/3072/1801
f 3073/3073/1802 3072/3072/1801 3071/3071/1800
f 3074/3074/1803 3075/3075/1803 3076/3076/1803
f 3074/3074/1803 3076/3076/1803 3077/3077/1803
f 3078/3078/1804 3079/3079/1804 3080/3080/1804
f 3079/3079/1804 3078/3078/1804 3081/3081/1804
f 3082/3082/1805 3083/3083/1805 3084/3084/1805
f 3083/3083/1805 3082/3082/1805 3085/3085/1805
f 3086/3086/1806 3087/3087/1806 3088/3088/1806
f 3089/3089/1806 3087/3087/1806 3086/3086/1806
f 3090/3090/1807 3091/3091/1775 3092/3092/1807
f 3091/3091/1775 3090/3090/1807 3093/3093/1775
f 3094/3094/1779 3095/3095/1780 3096/3096/1780
f 3095/3095/1780 3094/3094/1779 3097/3097/1779
f 3098/3098/1778 3099/3099/1808 3100/3100/1778
f 3099/3099/1808 3098/3098/1778 3101/3101/1808
f 3102/3102/1777 3103/3103/1776 3104/3104/1777
f 3103/3103/1776 3102/3102/1777 3105/3105/1776
f 3106/3106/1809 3107/3107/1809 3108/3108/1809
f 3109/3109/1809 3108/3108/1809 3107/3107/1809
f 3110/3110/1810 3111/3111/1810 3112/3112/1810
f 3111/3111/1810 3110/3110/1810 3113/3113/1810
f 3114/3114/1811 3115/3115/1811 3116/3116/1811
f 3115/3115/1811 3114/3114/1811 3117/3117/1811
f 3118/3118/1812 3119/3119/1813 3120/3120/1813
f 3121/3121/1813 3120/3120/1813 3119/3119/1813
f 3122/3122/1786 3123/3123/1786 3124/3124/1786
f 3125/3125/1786 3124/3124/1786 3123/3123/1786
f 3126/3126/1814 3127/3127/1814 3128/3128/1814
f 3128/3128/1814 3127/3127/1814 3129/3129/1814
f 3130/3130/1788 3131/3131/1788 3132/3132/1788
f 3132/3132/1788 3133/3133/1788 3130/3130/1788
f 3134/3134/1789 3135/3135/1789 3136/3136/1789
f 3136/3136/1789 3135/3135/1789 3137/3137/1789
f 3138/3138/1815 3139/3139/1816 3140/3140/1817
f 3140/3140/1817 3141/3141/1818 3138/3138/1815
f 3142/3142/1819 3143/3143/1819 3144/3144/1819
f 3143/3143/1819 3142/3142/1819 3145/3145/1819
f 3146/3146/1820 3147/3147/1821 3148/3148/1822
f 3149/3149/1823 3148/3148/1822 3147/3147/1821
f 3150/3150/1824 3151/3151/1825 3152/3152/1826
f 3152/3152/1826 3153/3153/1827 3150/3150/1824
f 3154/3154/1804 3155/3155/1804 3156/3156/1804
f 3157/3157/1804 3156/3156/1804 3155/3155/1804
f 3158/3158/1803 3159/3159/1803 3160/3160/1803
f 3159/3159/1803 3158/3158/1803 3161/3161/1803
f 3162/3162/1828 3163/3163/1828 3164/3164/1828
f 3163/3163/1828 3162/3162/1828 3165/3165/1828
f 3166/3166/1829 3167/3167/1829 3168/3168/1829
f 3166/3166/1829 3168/3168/1829 3169/3169/1829
f 3170/3170/1830 3171/3171/1830 3172/3172/1830
f 3171/3171/1830 3173/3173/1830 3172/3172/1830
f 3174/3174/1804 3175/3175/1804 3176/3176/1804
f 3177/3177/1804 3176/3176/1804 3175/3175/1804
f 3178/3178/1786 3179/3179/1786 3180/3180/1786
f 3179/3179/1786 3181/3181/1786 3180/3180/1786
f 3182/3182/1803 3183/3183/1803 3184/3184/1803
f 3183/3183/1803 3182/3182/1803 3185/3185/1803
f 3186/3186/1788 3187/3187/1788 3188/3188/1788
f 3186/3186/1788 3188/3188/1788 3189/3189/1788
f 3190/3190/1789 3191/3191/1789 3192/3192/1789
f 3190/3190/1789 3192/3192/1789 3193/3193/1789
f 3194/3194/1831 3195/3195/1832 3196/3196/1833
f 3197/3197/1834 3196/3196/1833 3195/3195/1832
f 3198/3198/1835 3199/3199/1836 3200/3200/1837
f 3199/3199/1836 3198/3198/1835 3201/3201/1836
f 3202/3202/1838 3203/3203/1839 3204/3204/1840
f 3205/3205/1839 3204/3204/1840 3203/3203/1839
f 3206/3206/1841 3207/3207/1842 3208/3208/1843
f 3207/3207/1842 3206/3206/1841 3209/3209/1844
f 3210/3210/1845 3211/3211/1846 3212/3212/1847
f 3213/3213/1848 3211/3211/1846 3210/3210/1845
f 3214/3214/1849 3215/3215/1850 3216/3216/1851
f 3215/3215/1850 3214/3214/1849 3217/3217/1850
f 3218/3218/1852 3219/3219/1853 3220/3220/1854
f 3221/3221/1853 3220/3220/1854 3219/3219/1853
f 3222/3222/1855 3223/3223/1856 3224/3224/1857
f 3223/3223/1856 3222/3222/1855 3225/3225/1858
f 3226/3226/1859 3227/3227/1860 3228/3228/1861
f 3227/3227/1860 3226/3226/1859 3229/3229/1862
f 3230/3230/1863 3231/3231/1864 3232/3232/1865
f 3232/3232/1865 3231/3231/1864 3233/3233/1866
f 3234/3234/1803 3235/3235/1803 3236/3236/1803
f 3236/3236/1803 3235/3235/1803 3237/3237/1803
f 3238/3238/1803 3239/3239/1803 3240/3240/1803
f 3241/3241/1803 3239/3239/1803 3238/3238/1803
f 3242/3242/1803 3243/3243/1803 3244/3244/1803
f 3245/3245/1803 3243/3243/1803 3242/3242/1803
f 3246/3246/1803 3247/3247/1803 3248/3248/1803
f 3249/3249/1803 3247/3247/1803 3246/3246/1803
f 3250/3250/1867 3251/3251/1868 3252/3252/1867
f 3250/3250/1867 3252/3252/1867 3253/3253/1869
f 3254/3254/1870 3255/3255/1870 3256/3256/1871
f 3254/3254/1870 3257/3257/1872 3255/3255/1870
f 3258/3258/1873 3259/3259/1873 3260/3260/1874
f 3258/3258/1873 3261/3261/1875 3259/3259/1873
f 3262/3262/1876 3263/3263/1876 3264/3264/1877
f 3265/3265/1878 3263/3263/1876 3262/3262/1876
f 3266/3266/1879 3267/3267/1879 3268/3268/1880
f 3269/3269/1881 3267/3267/1879 3266/3266/1879
f 3270/3270/1882 3271/3271/1882 3272/3272/1883
f 3271/3271/1882 3270/3270/1882 3273/3273/1884
f 3274/3274/1885 3275/3275/1886 3276/3276/1886
f 3276/3276/1886 3275/3275/1886 3277/3277/1887
f 3278/3278/1888 3279/3279/1888 3280/3280/1889
f 3281/3281/1890 3279/3279/1888 3278/3278/1888
f 3282/3282/1891 3283/3283/1892 3284/3284/1891
f 3282/3282/1891 3284/3284/1891 3285/3285/1893
f 3286/3286/1894 3287/3287/1894 3288/3288/1895
f 3286/3286/1894 3289/3289/1896 3287/3287/1894
f 3290/3290/1897 3291/3291/1897 3292/3292/1898
f 3290/3290/1897 3293/3293/1899 3291/3291/1897
f 3294/3294/1900 3295/3295/1900 3296/3296/1901
f 3294/3294/1900 3297/3297/1902 3295/3295/1900
f 3298/3298/1804 3299/3299/1804 3300/3300/1804
f 3301/3301/1804 3298/3298/1804 3300/3300/1804
f 3302/3302/1804 3303/3303/1804 3304/3304/1804
f 3303/3303/1804 3305/3305/1804 3304/3304/1804
f 3306/3306/1804 3307/3307/1804 3308/3308/1804
f 3307/3307/1804 3309/3309/1804 3308/3308/1804
f 3310/3310/1804 3311/3311/1804 3312/3312/1804
f 3313/3313/1804 3310/3310/1804 3312/3312/1804
f 3314/3314/1903 3315/3315/1903 3316/3316/1904
f 3314/3314/1903 3317/3317/1905 3315/3315/1903
f 3318/3318/1906 3319/3319/1907 3320/3320/1906
f 3318/3318/1906 3320/3320/1906 3321/3321/1908
f 3322/3322/1909 3323/3323/1910 3324/3324/1909
f 3322/3322/1909 3324/3324/1909 3325/3325/1911
f 3326/3326/1912 3327/3327/1913 3328/3328/1912
f 3329/3329/1914 3326/3326/1912 3328/3328/1912
f 3330/3330/1915 3331/3331/1916 3332/3332/1915
f 3333/3333/1917 3330/3330/1915 3332/3332/1915
f 3334/3334/1918 3335/3335/1919 3336/3336/1918
f 3334/3334/1918 3336/3336/1918 3337/3337/1920
f 3338/3338/1921 3339/3339/1922 3340/3340/1921
f 3340/3340/1921 3341/3341/1923 3338/3338/1921
f 3342/3342/1924 3343/3343/1924 3344/3344/1925
f 3342/3342/1924 3345/3345/1926 3343/3343/1924
f 3346/3346/1927 3347/3347/1928 3348/3348/1928
f 3347/3347/1928 3349/3349/1929 3348/3348/1928
f 3350/3350/1930 3351/3351/1930 3352/3352/1931
f 3350/3350/1930 3353/3353/1932 3351/3351/1930
f 3354/3354/1933 3355/3355/1934 3356/3356/1933
f 3357/3357/1935 3354/3354/1933 3356/3356/1933
f 3358/3358/1936 3359/3359/1937 3360/3360/1936
f 3358/3358/1936 3360/3360/1936 3361/3361/1938
f 3362/3362/1830 3363/3363/1830 3364/3364/1830
f 3364/3364/1830 3363/3363/1830 3365/3365/1830
f 3366/3366/1803 3367/3367/1803 3368/3368/1803
f 3368/3368/1803 3367/3367/1803 3369/3369/1803
f 3370/3370/1786 3371/3371/1786 3372/3372/1786
f 3372/3372/1786 3371/3371/1786 3373/3373/1786
f 3374/3374/1804 3375/3375/1804 3376/3376/1804
f 3374/3374/1804 3376/3376/1804 3377/3377/1804
f 3378/3378/1788 3379/3379/1788 3380/3380/1788
f 3381/3381/1788 3380/3380/1788 3379/3379/1788
f 3382/3382/1789 3383/3383/1789 3384/3384/1789
f 3383/3383/1789 3382/3382/1789 3385/3385/1789
f 3386/3386/1830 3387/3387/1830 3388/3388/1830
f 3386/3386/1830 3388/3388/1830 3389/3389/1830
f 3390/3390/1803 3391/3391/1803 3392/3392/1803
f 3390/3390/1803 3392/3392/1803 3393/3393/1803
f 3394/3394/1786 3395/3395/1786 3396/3396/1786
f 3394/3394/1786 3396/3396/1786 3397/3397/1786
f 3398/3398/1804 3399/3399/1804 3400/3400/1804
f 3398/3398/1804 3400/3400/1804 3401/3401/1804
f 3402/3402/1788 3403/3403/1788 3404/3404/1788
f 3405/3405/1788 3404/3404/1788 3403/3403/1788
f 3406/3406/1789 3407/3407/1789 3408/3408/1789
f 3407/3407/1789 3406/3406/1789 3409/3409/1789
f 3410/3410/1939 3411/3411/1940 3412/3412/1941
f 3413/3413/1747 3412/3412/1941 3411/3411/1940
f 3414/3414/1942 3415/3415/1943 3416/3416/1944
f 3417/3417/1945 3416/3416/1944 3415/3415/1943
f 3418/3418/1946 3419/3419/1947 3420/3420/1948
f 3419/3419/1947 3418/3418/1946 3421/3421/1949
f 3422/3422/1950 3423/3423/1951 3424/3424/1952
f 3423/3423/1951 3422/3422/1950 3425/3425/1953
f 3426/3426/1954 3427/3427/1955 3428/3428/1956
f 3427/3427/1955 3426/3426/1954 3429/3429/1957
f 3430/3430/1958 3431/3431/1959 3432/3432/1960
f 3432/3432/1960 3433/3433/1961 3430/3430/1958
f 3434/3434/1962 3435/3435/1963 3436/3436/1964
f 3435/3435/1963 3434/3434/1962 3437/3437/1965
f 3438/3438/1966 3439/3439/1967 3440/3440/1968
f 3439/3439/1967 3438/3438/1966 3441/3441/1969
f 3442/3442/1970 3443/3443/1971 3444/3444/1972
f 3443/3443/1971 3442/3442/1970 3445/3445/1973
f 3446/3446/1974 3447/3447/1975 3448/3448/1976
f 3447/3447/1975 3446/3446/1974 3449/3449/1977
f 3450/3450/1978 3451/3451/1979 3452/3452/1980
f 3452/3452/1980 3453/3453/1981 3450/3450/1978
f 3454/3454/1982 3455/3455/1983 3456/3456/1984
f 3455/3455/1983 3454/3454/1982 3457/3457/1985
f 3458/3458/1986 3459/3459/1987 3460/3460/1988
f 3459/3459/1987 3458/3458/1986 3461/3461/1989
f 3462/3462/1830 3463/3463/1830 3464/3464/1830
f 3463/3463/1830 3465/3465/1830 3464/3464/1830
f 3466/3466/1804 3467/3467/1804 3468/3468/1804
f 3469/3469/1804 3468/3468/1804 3467/3467/1804
f 3470/3470/1786 3471/3471/1786 3472/3472/1786
f 3471/3471/1786 3473/3473/1786 3472/3472/1786
f 3474/3474/1803 3475/3475/1803 3476/3476/1803
f 3475/3475/1803 3474/3474/1803 3477/3477/1803
f 3478/3478/1788 3479/3479/1788 3480/3480/1788
f 3478/3478/1788 3480/3480/1788 3481/3481/1788
f 3482/3482/1789 3483/3483/1789 3484/3484/1789
f 3482/3482/1789 3484/3484/1789 3485/3485/1789
f 3486/3486/1831 3487/3487/1832 3488/3488/1833
f 3489/3489/1990 3488/3488/1833 3487/3487/1832
f 3490/3490/1835 3491/3491/1836 3492/3492/1837
f 3491/3491/1836 3490/3490/1835 3493/3493/1836
f 3494/3494/1838 3495/3495/1839 3496/3496/1840
f 3497/3497/1839 3496/3496/1840 3495/3495/1839
f 3498/3498/1841 3499/3499/1842 3500/3500/1843
f 3499/3499/1842 3498/3498/1841 3501/3501/1844
f 3502/3502/1845 3503/3503/1846 3504/3504/1847
f 3505/3505/1991 3503/3503/1846 3502/3502/1845
f 3506/3506/1849 3507/3507/1850 3508/3508/1851
f 3507/3507/1850 3506/3506/1849 3509/3509/1850
f 3510/3510/1852 3511/3511/1853 3512/3512/1854
f 3513/3513/1853 3512/3512/1854 3511/3511/1853
f 3514/3514/1855 3515/3515/1856 3516/3516/1857
f 3515/3515/1856 3514/3514/1855 3517/3517/1992
f 3518/3518/1993 3519/3519/1994 3520/3520/1995
f 3519/3519/1994 3518/3518/1993 3521/3521/1996
f 3522/3522/1997 3523/3523/1998 3524/3524/1999
f 3524/3524/1999 3523/3523/1998 3525/3525/2000
f 3526/3526/1830 3527/3527/1830 3528/3528/1830
f 3528/3528/1830 3527/3527/1830 3529/3529/1830
f 3530/3530/1803 3531/3531/1803 3532/3532/1803
f 3532/3532/1803 3531/3531/1803 3533/3533/1803
f 3534/3534/1786 3535/3535/1786 3536/3536/1786
f 3536/3536/1786 3535/3535/1786 3537/3537/1786
f 3538/3538/1804 3539/3539/1804 3540/3540/1804
f 3538/3538/1804 3540/3540/1804 3541/3541/1804
f 3542/3542/1788 3543/3543/1788 3544/3544/1788
f 3545/3545/1788 3544/3544/1788 3543/3543/1788
f 3546/3546/1789 3547/3547/1789 3548/3548/1789
f 3547/3547/1789 3546/3546/1789 3549/3549/1789
f 3550/3550/1830 3551/3551/1830 3552/3552/1830
f 3550/3550/1830 3552/3552/1830 3553/3553/1830
f 3554/3554/1803 3555/3555/1803 3556/3556/1803
f 3554/3554/1803 3556/3556/1803 3557/3557/1803
f 3558/3558/1786 3559/3559/1786 3560/3560/1786
f 3558/3558/1786 3560/3560/1786 3561/3561/1786
f 3562/3562/1804 3563/3563/1804 3564/3564/1804
f 3562/3562/1804 3564/3564/1804 3565/3565/1804
f 3566/3566/1788 3567/3567/1788 3568/3568/1788
f 3569/3569/1788 3568/3568/1788 3567/3567/1788
f 3570/3570/1789 3571/3571/1789 3572/3572/1789
f 3571/3571/1789 3570/3570/1789 3573/3573/1789
f 3574/3574/2001 3575/3575/2002 3576/3576/1941
f 3577/3577/1747 3576/3576/1941 3575/3575/2002
f 3578/3578/1942 3579/3579/1943 3580/3580/1944
f 3581/3581/1945 3580/3580/1944 3579/3579/1943
f 3582/3582/1946 3583/3583/1947 3584/3584/1948
f 3583/3583/1947 3582/3582/1946 3585/3585/1949
f 3586/3586/1950 3587/3587/1951 3588/3588/1952
f 3587/3587/1951 3586/3586/1950 3589/3589/1953
f 3590/3590/1954 3591/3591/1955 3592/3592/1956
f 3591/3591/1955 3590/3590/1954 3593/3593/1957
f 3594/3594/1958 3595/3595/1959 3596/3596/1960
f 3596/3596/1960 3597/3597/1961 3594/3594/1958
f 3598/3598/1962 3599/3599/1963 3600/3600/1964
f 3599/3599/1963 3598/3598/1962 3601/3601/1965
f 3602/3602/2003 3603/3603/1967 3604/3604/1968
f 3603/3603/1967 3602/3602/2003 3605/3605/1969
f 3606/3606/1970 3607/3607/1971 3608/3608/1972
f 3607/3607/1971 3606/3606/1970 3609/3609/1973
f 3610/3610/1974 3611/3611/1975 3612/3612/1976
f 3611/3611/1975 3610/3610/1974 3613/3613/1977
f 3614/3614/1978 3615/3615/1979 3616/3616/1980
f 3616/3616/1980 3617/3617/1981 3614/3614/1978
f 3618/3618/1982 3619/3619/1983 3620/3620/1984
f 3619/3619/1983 3618/3618/1982 3621/3621/1985
f 3622/3622/1986 3623/3623/1987 3624/3624/1988
f 3623/3623/1987 3622/3622/1986 3625/3625/1989
f 3626/3626/2004 3627/3627/2005 3628/3628/2006
f 3629/3629/2007 3628/3628/2006 3627/3627/2005
f 3630/3630/2008 3628/3628/2006 3629/3629/2007
f 3630/3630/2008 3629/3629/2007 3631/3631/2008
f 3632/3632/2009 3633/3633/2010 3634/3634/2011
f 3634/3634/2011 3635/3635/2012 3632/3632/2009
f 3635/3635/2012 3634/3634/2011 3636/3636/2013
f 3637/3637/2014 3638/3638/2015 3639/3639/2016
f 3639/3639/2016 3640/3640/2017 3637/3637/2014
f 3640/3640/2017 3639/3639/2016 3641/3641/2018
f 3642/3642/2019 3643/3643/2019 3644/3644/1788
f 3644/3644/1788 3643/3643/2019 3645/3645/1788
f 3644/3644/1788 3645/3645/1788 3646/3646/2020
f 3646/3646/2020 3645/3645/1788 3647/3647/2020
f 3646/3646/2020 3647/3647/2020 3648/3648/2021
f 3648/3648/2021 3647/3647/2020 3649/3649/2021
f 3648/3648/2021 3649/3649/2021 3650/3650/1789
f 3650/3650/1789 3649/3649/2021 3651/3651/1789
f 3650/3650/1789 3651/3651/1789 3652/3652/2022
f 3652/3652/2022 3651/3651/1789 3653/3653/2022
f 3652/3652/2022 3653/3653/2022 3654/3654/1804
f 3654/3654/1804 3653/3653/2022 3655/3655/1804
f 3656/3656/2023 3657/3657/2024 3658/3658/1803
f 3658/3658/1803 3657/3657/2024 3659/3659/1803
f 3658/3658/1803 3659/3659/1803 3660/3660/1789
f 3660/3660/1789 3659/3659/1803 3661/3661/1789
f 3660/3660/1789 3661/3661/1789 3662/3662/1804
f 3662/3662/1804 3661/3661/1789 3663/3663/1804
f 3662/3662/1804 3663/3663/1804 3664/3664/2025
f 3664/3664/2025 3663/3663/1804 3665/3665/2025
f 3666/3666/2026 3667/3667/2026 3668/3668/1788
f 3668/3668/1788 3667/3667/2026 3669/3669/1788
f 3669/3669/1788 3670/3670/1830 3668/3668/1788
f 3671/3671/1830 3670/3670/1830 3669/3669/1788
f 3671/3671/1830 3672/3672/1789 3670/3670/1830
f 3672/3672/1789 3671/3671/1830 3673/3673/1789
f 3673/3673/1789 3674/3674/2027 3672/3672/1789
f 3674/3674/2027 3673/3673/1789 3675/3675/2027
f 3676/3676/2026 3677/3677/2026 3678/3678/1788
f 3678/3678/1788 3679/3679/1788 3676/3676/2026
f 3679/3679/1788 3678/3678/1788 3680/3680/1830
f 3680/3680/1830 3681/3681/1830 3679/3679/1788
f 3681/3681/1830 3680/3680/1830 3682/3682/1789
f 3681/3681/1830 3682/3682/1789 3683/3683/1789
f 3683/3683/1789 3682/3682/1789 3684/3684/2027
f 3683/3683/1789 3684/3684/2027 3685/3685/2027
f 3686/3686/1803 3687/3687/1803 3688/3688/2028
f 3688/3688/2028 3689/3689/2028 3686/3686/1803
f 3689/3689/2028 3688/3688/2028 3690/3690/1788
f 3690/3690/1788 3691/3691/1788 3689/3689/2028
f 3690/3690/1788 3692/3692/2029 3691/3691/1788
f 3693/3693/2029 3692/3692/2029 3690/3690/1788
f 3693/3693/2029 3694/3694/2030 3692/3692/2029
f 3695/3695/2030 3694/3694/2030 3693/3693/2029
f 3696/3696/1789 3694/3694/2030 3695/3695/2030
f 3694/3694/2030 3696/3696/1789 3697/3697/1789
f 3696/3696/1789 3698/3698/2031 3697/3697/1789
f 3698/3698/2031 3696/3696/1789 3699/3699/2031
f 3700/3700/2032 3701/3701/2032 3702/3702/2033
f 3703/3703/2033 3702/3702/2033 3701/3701/2032
f 3703/3703/2033 3704/3704/2034 3702/3702/2033
f 3705/3705/2034 3704/3704/2034 3703/3703/2033
f 3705/3705/2034 3706/3706/2035 3704/3704/2034
f 3706/3706/2035 3705/3705/2034 3707/3707/2035
f 3708/3708/2036 3709/3709/2036 3710/3710/2030
f 3710/3710/2030 3711/3711/2030 3708/3708/2036
f 3711/3711/2030 3710/3710/2030 3712/3712/2029
f 3712/3712/2029 3713/3713/2029 3711/3711/2030
f 3713/3713/2029 3712/3712/2029 3714/3714/2037
f 3714/3714/2037 3715/3715/2037 3713/3713/2029
f 3716/3716/1804 3717/3717/1804 3718/3718/2029
f 3718/3718/2029 3717/3717/1804 3719/3719/2029
f 3718/3718/2029 3719/3719/2029 3720/3720/1788
f 3720/3720/1788 3719/3719/2029 3721/3721/1788
f 3720/3720/1788 3721/3721/1788 3722/3722/2028
f 3722/3722/2028 3723/3723/2028 3720/3720/1788
f 3723/3723/2028 3722/3722/2028 3724/3724/2038
f 3724/3724/2038 3725/3725/2038 3723/3723/2028
f 3724/3724/2038 3726/3726/1789 3725/3725/2038
f 3726/3726/1789 3724/3724/2038 3727/3727/1789
f 3728/3728/2036 3726/3726/1789 3727/3727/1789
f 3726/3726/1789 3728/3728/2036 3729/3729/2036
f 3730/3730/2039 3731/3731/2039 3732/3732/2028
f 3732/3732/2028 3731/3731/2039 3733/3733/2028
f 3732/3732/2028 3733/3733/2028 3734/3734/2038
f 3734/3734/2038 3733/3733/2028 3735/3735/2038
f 3735/3735/2038 3736/3736/2031 3734/3734/2038
f 3736/3736/2031 3735/3735/2038 3737/3737/2031
f 3738/3738/2036 3739/3739/2036 3740/3740/2030
f 3740/3740/2030 3741/3741/2030 3738/3738/2036
f 3741/3741/2030 3740/3740/2030 3742/3742/2029
f 3742/3742/2029 3743/3743/2029 3741/3741/2030
f 3743/3743/2029 3742/3742/2029 3744/3744/2037
f 3744/3744/2037 3745/3745/2037 3743/3743/2029
f 3746/3746/2040 3747/3747/2040 3748/3748/2041
f 3746/3746/2040 3748/3748/2041 3749/3749/2041
f 3749/3749/2041 3748/3748/2041 3750/3750/2042
f 3750/3750/2042 3751/3751/2042 3749/3749/2041
f 3752/3752/2043 3751/3751/2042 3750/3750/2042
f 3751/3751/2042 3752/3752/2043 3753/3753/2043
f 3754/3754/2032 3755/3755/2032 3756/3756/2033
f 3757/3757/2033 3756/3756/2033 3755/3755/2032
f 3757/3757/2033 3758/3758/2034 3756/3756/2033
f 3759/3759/2034 3758/3758/2034 3757/3757/2033
f 3759/3759/2034 3760/3760/2035 3758/3758/2034
f 3760/3760/2035 3759/3759/2034 3761/3761/2035
f 3762/3762/2044 3763/3763/2045 3764/3764/2046
f 3764/3764/2046 3765/3765/2047 3762/3762/2044
f 3764/3764/2046 3766/3766/2048 3765/3765/2047
f 3765/3765/2047 3766/3766/2048 3767/3767/2048
f 3768/3768/2049 3769/3769/2050 3770/3770/2051
f 3770/3770/2051 3769/3769/2050 3771/3771/2052
f 3770/3770/2051 3771/3771/2052 3772/3772/2053
f 3773/3773/1804 3774/3774/1804 3775/3775/1804
f 3776/3776/1804 3773/3773/1804 3775/3775/1804
f 3777/3777/1804 3776/3776/1804 3775/3775/1804
f 3778/3778/1804 3779/3779/1804 3780/3780/1804
f 3779/3779/1804 3781/3781/1804 3780/3780/1804
f 3781/3781/1804 3782/3782/1804 3780/3780/1804
f 3783/3783/1804 3784/3784/1804 3785/3785/1804
f 3784/3784/1804 3786/3786/1804 3785/3785/1804
f 3786/3786/1804 3787/3787/1804 3785/3785/1804
f 3788/3788/1804 3789/3789/1804 3790/3790/1804
f 3791/3791/1804 3788/3788/1804 3790/3790/1804
f 3792/3792/1804 3791/3791/1804 3790/3790/1804
f 3793/3793/2054 3794/3794/2055 3795/3795/2056
f 3796/3796/2057 3793/3793/2054 3795/3795/2056
f 3797/3797/2058 3796/3796/2057 3795/3795/2056
f 3798/3798/2059 3799/3799/2060 3800/3800/2061
f 3801/3801/2062 3798/3798/2059 3800/3800/2061
f 3800/3800/2061 3802/3802/2063 3801/3801/2062
f 3803/3803/2064 3804/3804/2065 3805/3805/2066
f 3804/3804/2065 3806/3806/2067 3805/3805/2066
f 3806/3806/2067 3807/3807/2068 3805/3805/2066
f 3808/3808/2069 3809/3809/2070 3810/3810/2071
f 3811/3811/2072 3808/3808/2069 3810/3810/2071
f 3812/3812/2073 3811/3811/2072 3810/3810/2071
f 3813/3813/1803 3814/3814/1803 3815/3815/2028
f 3815/3815/2028 3816/3816/2028 3813/3813/1803
f 3816/3816/2028 3815/3815/2028 3817/3817/1788
f 3817/3817/1788 3818/3818/1788 3816/3816/2028
f 3817/3817/1788 3819/3819/2029 3818/3818/1788
f 3819/3819/2029 3817/3817/1788 3820/3820/2029
f 3820/3820/2029 3821/3821/2030 3819/3819/2029
f 3822/3822/2030 3821/3821/2030 3820/3820/2029
f 3823/3823/1789 3821/3821/2030 3822/3822/2030
f 3821/3821/2030 3823/3823/1789 3824/3824/1789
f 3823/3823/1789 3825/3825/2031 3824/3824/1789
f 3825/3825/2031 3823/3823/1789 3826/3826/2031
f 3827/3827/2043 3828/3828/2043 3829/3829/2042
f 3827/3827/2043 3829/3829/2042 3830/3830/2042
f 3830/3830/2042 3829/3829/2042 3831/3831/2041
f 3831/3831/2041 3832/3832/2041 3830/3830/2042
f 3833/3833/2040 3832/3832/2041 3831/3831/2041
f 3833/3833/2040 3834/3834/2040 3832/3832/2041
f 3835/3835/2032 3836/3836/2032 3837/3837/2033
f 3838/3838/2033 3837/3837/2033 3836/3836/2032
f 3838/3838/2033 3839/3839/2034 3837/3837/2033
f 3840/3840/2034 3839/3839/2034 3838/3838/2033
f 3840/3840/2034 3841/3841/2035 3839/3839/2034
f 3841/3841/2035 3840/3840/2034 3842/3842/2035
f 3843/3843/2036 3844/3844/2036 3845/3845/2030
f 3845/3845/2030 3846/3846/2030 3843/3843/2036
f 3846/3846/2030 3845/3845/2030 3847/3847/2029
f 3847/3847/2029 3848/3848/2029 3846/3846/2030
f 3848/3848/2029 3847/3847/2029 3849/3849/2037
f 3849/3849/2037 3850/3850/2037 3848/3848/2029
f 3851/3851/1804 3852/3852/1804 3853/3853/2029
f 3853/3853/2029 3852/3852/1804 3854/3854/2029
f 3854/3854/2029 3855/3855/1788 3853/3853/2029
f 3855/3855/1788 3854/3854/2029 3856/3856/1788
f 3855/3855/1788 3856/3856/1788 3857/3857/2028
f 3857/3857/2028 3858/3858/2028 3855/3855/1788
f 3858/3858/2028 3857/3857/2028 3859/3859/2038
f 3859/3859/2038 3860/3860/2038 3858/3858/2028
f 3859/3859/2038 3861/3861/1789 3860/3860/2038
f 3861/3861/1789 3859/3859/2038 3862/3862/1789
f 3863/3863/2036 3861/3861/1789 3862/3862/1789
f 3861/3861/1789 3863/3863/2036 3864/3864/2036
f 3865/3865/2039 3866/3866/2039 3867/3867/2028
f 3867/3867/2028 3866/3866/2039 3868/3868/2028
f 3867/3867/2028 3868/3868/2028 3869/3869/2038
f 3869/3869/2038 3868/3868/2028 3870/3870/2038
f 3870/3870/2038 3871/3871/2031 3869/3869/2038
f 3871/3871/2031 3870/3870/2038 3872/3872/2031
f 3873/3873/2036 3874/3874/2036 3875/3875/2030
f 3875/3875/2030 3876/3876/2030 3873/3873/2036
f 3876/3876/2030 3875/3875/2030 3877/3877/2029
f 3877/3877/2029 3878/3878/2029 3876/3876/2030
f 3878/3878/2029 3877/3877/2029 3879/3879/2037
f 3879/3879/2037 3880/3880/2037 3878/3878/2029
f 3881/3881/2040 3882/3882/2040 3883/3883/2041
f 3881/3881/2040 3883/3883/2041 3884/3884/2041
f 3884/3884/2041 3883/3883/2041 3885/3885/2042
f 3885/3885/2042 3886/3886/2042 3884/3884/2041
f 3887/3887/2043 3886/3886/2042 3885/3885/2042
f 3886/3886/2042 3887/3887/2043 3888/3888/2043
f 3889/3889/2032 3890/3890/2032 3891/3891/2033
f 3892/3892/2033 3891/3891/2033 3890/3890/2032
f 3892/3892/2033 3893/3893/2034 3891/3891/2033
f 3894/3894/2034 3893/3893/2034 3892/3892/2033
f 3894/3894/2034 3895/3895/2035 3893/3893/2034
f 3895/3895/2035 3894/3894/2034 3896/3896/2035
f 3897/3897/2044 3898/3898/2045 3899/3899/2046
f 3899/3899/2046 3900/3900/2047 3897/3897/2044
f 3899/3899/2046 3901/3901/2048 3900/3900/2047
f 3900/3900/2047 3901/3901/2048 3902/3902/2048
f 3903/3903/2074 3904/3904/2075 3905/3905/2076
f 3904/3904/2075 3906/3906/2077 3905/3905/2076
f 3907/3907/1788 3906/3906/2077 3904/3904/2075
f 3906/3906/2077 3907/3907/1788 3908/3908/1788
f 3909/3909/2078 3910/3910/2079 3911/3911/2080
f 3910/3910/2079 3909/3909/2078 3912/3912/2081
f 3910/3910/2079 3912/3912/2081 3913/3913/2082
f 3913/3913/2082 3912/3912/2081 3914/3914/2082
f 3915/3915/2083 3916/3916/2084 3917/3917/2085
f 3916/3916/2084 3918/3918/2086 3917/3917/2085
f 3919/3919/2087 3918/3918/2086 3916/3916/2084
f 3918/3918/2086 3919/3919/2087 3920/3920/1789
f 3921/3921/2088 3922/3922/2089 3923/3923/2090
f 3921/3921/2088 3924/3924/2091 3922/3922/2089
f 3922/3922/2089 3924/3924/2091 3925/3925/1788
f 3925/3925/1788 3924/3924/2091 3926/3926/1788
f 3927/3927/2092 3928/3928/2093 3929/3929/2094
f 3928/3928/2093 3930/3930/2095 3929/3929/2094
f 3931/3931/2096 3930/3930/2095 3928/3928/2093
f 3930/3930/2095 3931/3931/2096 3932/3932/2097
f 3933/3933/2098 3934/3934/2099 3935/3935/2100
f 3933/3933/2098 3936/3936/2101 3934/3934/2099
f 3934/3934/2099 3936/3936/2101 3937/3937/2102
f 3937/3937/2102 3936/3936/2101 3938/3938/2103
f 3939/3939/2104 3940/3940/2105 3941/3941/2106
f 3940/3940/2105 3942/3942/1789 3941/3941/2106
f 3943/3943/1789 3942/3942/1789 3940/3940/2105
f 3942/3942/1789 3943/3943/1789 3944/3944/1789
f 3945/3945/2107 3946/3946/2108 3947/3947/2109
f 3945/3945/2107 3948/3948/2110 3946/3946/2108
f 3946/3946/2108 3948/3948/2110 3949/3949/2110
f 3949/3949/2110 3948/3948/2110 3950/3950/2111
f 3951/3951/2112 3952/3952/2113 3953/3953/2112
f 3954/3954/2114 3953/3953/2112 3952/3952/2113
f 3955/3955/2115 3954/3954/2114 3952/3952/2113
f 3955/3955/2115 3956/3956/2115 3954/3954/2114
f 3957/3957/2116 3956/3956/2115 3955/3955/2115
f 3958/3958/2116 3956/3956/2115 3957/3957/2116
f 3959/3959/2117 3960/3960/2118 3961/3961/2118
f 3960/3960/2118 3959/3959/2117 3962/3962/2117
f 3962/3962/2117 3959/3959/2117 3963/3963/2119
f 3962/3962/2117 3963/3963/2119 3964/3964/2120
f 3963/3963/2119 3965/3965/2121 3964/3964/2120
f 3965/3965/2121 3963/3963/2119 3966/3966/2121
f 3967/3967/2122 3968/3968/2123 3969/3969/2122
f 3968/3968/2123 3967/3967/2122 3970/3970/2123
f 3970/3970/2123 3971/3971/2124 3968/3968/2123
f 3971/3971/2124 3970/3970/2123 3972/3972/2125
f 3972/3972/2125 3973/3973/2126 3971/3971/2124
f 3973/3973/2126 3972/3972/2125 3974/3974/2126
f 3975/3975/2127 3976/3976/2128 3977/3977/2129
f 3976/3976/2128 3975/3975/2127 3978/3978/2130
f 3979/3979/2131 3978/3978/2130 3975/3975/2127
f 3978/3978/2130 3979/3979/2131 3980/3980/2131
f 3981/3981/2132 3980/3980/2131 3979/3979/2131
f 3981/3981/2132 3979/3979/2131 3982/3982/2133
f 3983/3983/2112 3984/3984/2113 3985/3985/2112
f 3986/3986/2114 3985/3985/2112 3984/3984/2113
f 3987/3987/2115 3986/3986/2114 3984/3984/2113
f 3987/3987/2115 3988/3988/2115 3986/3986/2114
f 3989/3989/2116 3988/3988/2115 3987/3987/2115
f 3990/3990/2116 3988/3988/2115 3989/3989/2116
f 3991/3991/2117 3992/3992/2118 3993/3993/2118
f 3992/3992/2118 3991/3991/2117 3994/3994/2117
f 3994/3994/2117 3991/3991/2117 3995/3995/2119
f 3994/3994/2117 3995/3995/2119 3996/3996/2120
f 3995/3995/2119 3997/3997/2121 3996/3996/2120
f 3997/3997/2121 3995/3995/2119 3998/3998/2121
f 3999/3999/2122 4000/4000/2123 4001/4001/2122
f 4000/4000/2123 3999/3999/2122 4002/4002/2123
f 4002/4002/2123 4003/4003/2124 4000/4000/2123
f 4003/4003/2124 4002/4002/2123 4004/4004/2125
f 4004/4004/2125 4005/4005/2126 4003/4003/2124
f 4005/4005/2126 4004/4004/2125 4006/4006/2126
f 4007/4007/2127 4008/4008/2128 4009/4009/2129
f 4008/4008/2128 4007/4007/2127 4010/4010/2130
f 4011/4011/2131 4010/4010/2130 4007/4007/2127
f 4010/4010/2130 4011/4011/2131 4012/4012/2131
f 4013/4013/2132 4012/4012/2131 4011/4011/2131
f 4013/4013/2132 4011/4011/2131 4014/4014/2132
f 4015/4015/2134 4016/4016/2135 4017/4017/2136
f 4016/4016/2135 4015/4015/2134 4018/4018/2013
f 4018/4018/2013 4015/4015/2134 4019/4019/2013
f 4020/4020/2137 4021/4021/2138 4022/4022/2137
f 4021/4021/2138 4023/4023/2139 4022/4022/2137
f 4023/4023/2139 4021/4021/2138 4024/4024/2140
f 4025/4025/2141 4026/4026/2142 4027/4027/2137
f 4026/4026/2142 4025/4025/2141 4028/4028/2143
f 4028/4028/2143 4025/4025/2141 4029/4029/2144
f 4030/4030/2145 4031/4031/2146 4032/4032/2145
f 4031/4031/2146 4033/4033/2147 4032/4032/2145
f 4033/4033/2147 4031/4031/2146 4034/4034/2148
f 4035/4035/2149 4036/4036/2150 4037/4037/2145
f 4036/4036/2150 4035/4035/2149 4038/4038/2151
f 4038/4038/2151 4035/4035/2149 4039/4039/2152
f 4040/4040/2153 4041/4041/2154 4042/4042/2155
f 4041/4041/2154 4040/4040/2153 4043/4043/2018
f 4043/4043/2018 4040/4040/2153 4044/4044/2018
f 4045/4045/2021 4046/4046/1803 4047/4047/1803
f 4046/4046/1803 4045/4045/2021 4048/4048/2021
f 4049/4049/1789 4048/4048/2021 4045/4045/2021
f 4048/4048/2021 4049/4049/1789 4050/4050/1789
f 4051/4051/2022 4050/4050/1789 4049/4049/1789
f 4050/4050/1789 4051/4051/2022 4052/4052/2022
f 4053/4053/2156 4052/4052/2022 4051/4051/2022
f 4052/4052/2022 4053/4053/2156 4054/4054/2156
f 4055/4055/1788 4054/4054/2156 4053/4053/2156
f 4054/4054/2156 4055/4055/1788 4056/4056/1788
f 4057/4057/2157 4056/4056/1788 4055/4055/1788
f 4056/4056/1788 4057/4057/2157 4058/4058/2157
f 4059/4059/1803 4060/4060/2024 4061/4061/2024
f 4060/4060/2024 4059/4059/1803 4062/4062/1803
f 4063/4063/1789 4062/4062/1803 4059/4059/1803
f 4062/4062/1803 4063/4063/1789 4064/4064/1789
f 4065/4065/1804 4064/4064/1789 4063/4063/1789
f 4064/4064/1789 4065/4065/1804 4066/4066/1804
f 4067/4067/2025 4066/4066/1804 4065/4065/1804
f 4066/4066/1804 4067/4067/2025 4068/4068/2158
f 4069/4069/1803 4070/4070/2159 4071/4071/1803
f 4070/4070/2159 4069/4069/1803 4072/4072/2160
f 4072/4072/2160 4073/4073/2161 4070/4070/2159
f 4073/4073/2161 4072/4072/2160 4074/4074/2161
f 4075/4075/2162 4073/4073/2161 4074/4074/2161
f 4074/4074/2161 4076/4076/2162 4075/4075/2162
f 4077/4077/2163 4075/4075/2162 4076/4076/2162
f 4076/4076/2162 4078/4078/2163 4077/4077/2163
f 4079/4079/2164 4077/4077/2163 4078/4078/2163
f 4078/4078/2163 4080/4080/2164 4079/4079/2164
f 4080/4080/2164 4081/4081/2165 4079/4079/2164
f 4081/4081/2165 4080/4080/2164 4082/4082/2165
f 4082/4082/2165 4083/4083/2166 4081/4081/2165
f 4083/4083/2166 4082/4082/2165 4084/4084/2166
f 4084/4084/2166 4085/4085/2167 4083/4083/2166
f 4085/4085/2167 4084/4084/2166 4086/4086/2167
f 4087/4087/1830 4085/4085/2167 4086/4086/2167
f 4086/4086/2167 4088/4088/1830 4087/4087/1830
f 4089/4089/1830 4087/4087/1830 4088/4088/1830
f 4088/4088/1830 4090/4090/1830 4089/4089/1830
f 4090/4090/1830 4091/4091/2168 4089/4089/1830
f 4091/4091/2168 4090/4090/1830 4092/4092/2168
f 4092/4092/2168 4093/4093/2169 4091/4091/2168
f 4093/4093/2169 4092/4092/2168 4094/4094/2169
f 4095/4095/2170 4093/4093/2169 4094/4094/2169
f 4094/4094/2169 4096/4096/2170 4095/4095/2170
f 4097/4097/2171 4095/4095/2170 4096/4096/2170
f 4096/4096/2170 4098/4098/2171 4097/4097/2171
f 4099/4099/2031 4100/4100/2038 4101/4101/2031
f 4102/4102/2038 4100/4100/2038 4099/4099/2031
f 4102/4102/2038 4103/4103/2028 4100/4100/2038
f 4104/4104/2028 4103/4103/2028 4102/4102/2038
f 4104/4104/2028 4105/4105/2039 4103/4103/2028
f 4105/4105/2039 4104/4104/2028 4106/4106/2039
f 4107/4107/2172 4108/4108/2173 4109/4109/2172
f 4108/4108/2173 4107/4107/2172 4110/4110/2174
f 4110/4110/2174 4111/4111/2175 4108/4108/2173
f 4110/4110/2174 4112/4112/2175 4111/4111/2175
f 4112/4112/2175 4113/4113/2176 4111/4111/2175
f 4113/4113/2176 4112/4112/2175 4114/4114/2176
f 4115/4115/2177 4116/4116/2178 4117/4117/2177
f 4115/4115/2177 4118/4118/2178 4116/4116/2178
f 4118/4118/2178 4119/4119/2179 4116/4116/2178
f 4118/4118/2178 4120/4120/2180 4119/4119/2179
f 4121/4121/2181 4119/4119/2179 4120/4120/2180
f 4119/4119/2179 4121/4121/2181 4122/4122/2181
f 4123/4123/2182 4124/4124/2183 4125/4125/2183
f 4124/4124/2183 4123/4123/2182 4126/4126/2182
f 4127/4127/2184 4126/4126/2182 4123/4123/2182
f 4126/4126/2182 4127/4127/2184 4128/4128/2185
f 4129/4129/2186 4128/4128/2185 4127/4127/2184
f 4128/4128/2185 4129/4129/2186 4130/4130/2186
f 4131/4131/2187 4132/4132/2188 4133/4133/2189
f 4132/4132/2188 4131/4131/2187 4134/4134/2190
f 4134/4134/2190 4135/4135/2191 4132/4132/2188
f 4134/4134/2190 4136/4136/2192 4135/4135/2191
f 4136/4136/2192 4137/4137/2193 4135/4135/2191
f 4138/4138/2193 4135/4135/2191 4137/4137/2193
f 4139/4139/1804 4140/4140/2163 4141/4141/1804
f 4141/4141/1804 4140/4140/2163 4142/4142/2163
f 4140/4140/2163 4143/4143/2194 4142/4142/2163
f 4142/4142/2163 4143/4143/2194 4144/4144/2194
f 4143/4143/2194 4145/4145/2195 4144/4144/2194
f 4144/4144/2194 4145/4145/2195 4146/4146/2195
f 4145/4145/2195 4147/4147/2196 4146/4146/2195
f 4146/4146/2195 4147/4147/2196 4148/4148/2196
f 4149/4149/2197 4148/4148/2196 4147/4147/2196
f 4150/4150/2197 4148/4148/2196 4149/4149/2197
f 4151/4151/2198 4150/4150/2197 4149/4149/2197
f 4150/4150/2197 4151/4151/2198 4152/4152/2198
f 4151/4151/2198 4153/4153/2169 4152/4152/2198
f 4152/4152/2198 4153/4153/2169 4154/4154/2169
f 4155/4155/2168 4154/4154/2169 4153/4153/2169
f 4156/4156/2168 4154/4154/2169 4155/4155/2168
f 4155/4155/2168 4157/4157/1830 4156/4156/2168
f 4156/4156/2168 4157/4157/1830 4158/4158/1830
f 4157/4157/1830 4159/4159/1830 4158/4158/1830
f 4158/4158/1830 4159/4159/1830 4160/4160/1830
f 4159/4159/1830 4161/4161/2167 4160/4160/1830
f 4160/4160/1830 4161/4161/2167 4162/4162/2167
f 4161/4161/2167 4163/4163/2166 4162/4162/2167
f 4162/4162/2167 4163/4163/2166 4164/4164/2166
f 4163/4163/2166 4165/4165/2165 4164/4164/2166
f 4164/4164/2166 4165/4165/2165 4166/4166/2165
f 4165/4165/2165 4167/4167/2199 4166/4166/2165
f 4166/4166/2165 4167/4167/2199 4168/4168/2199
f 4169/4169/1789 4170/4170/1789 4171/4171/1789
f 4170/4170/1789 4169/4169/1789 4172/4172/1789
f 4172/4172/1789 4173/4173/1789 4170/4170/1789
f 4173/4173/1789 4172/4172/1789 4174/4174/1789
f 4173/4173/1789 4174/4174/1789 4175/4175/1789
f 4173/4173/1789 4175/4175/1789 4176/4176/1789
f 4176/4176/1789 4177/4177/1789 4178/4178/1789
f 4177/4177/1789 4176/4176/1789 4179/4179/1789
f 4180/4180/1789 4179/4179/1789 4176/4176/1789
f 4180/4180/1789 4176/4176/1789 4175/4175/1789
f 4180/4180/1789 4175/4175/1789 4181/4181/1789
f 4182/4182/1789 4180/4180/1789 4181/4181/1789
f 4183/4183/2200 4184/4184/2201 4185/4185/2200
f 4184/4184/2201 4183/4183/2200 4186/4186/2202
f 4186/4186/2202 4187/4187/2203 4184/4184/2201
f 4187/4187/2203 4186/4186/2202 4188/4188/2204
f 4189/4189/2205 4187/4187/2203 4188/4188/2204
f 4189/4189/2205 4190/4190/2206 4187/4187/2203
f 4191/4191/2207 4190/4190/2206 4189/4189/2205
f 4190/4190/2206 4191/4191/2207 4192/4192/2208
f 4193/4193/2209 4192/4192/2208 4191/4191/2207
f 4192/4192/2208 4193/4193/2209 4194/4194/2210
f 4194/4194/2210 4193/4193/2209 4195/4195/2211
f 4196/4196/2211 4195/4195/2211 4193/4193/2209
f 4197/4197/2212 4198/4198/2213 4199/4199/2214
f 4198/4198/2213 4197/4197/2212 4200/4200/2215
f 4201/4201/2216 4200/4200/2215 4197/4197/2212
f 4202/4202/2217 4200/4200/2215 4201/4201/2216
f 4202/4202/2217 4201/4201/2216 4203/4203/2218
f 4204/4204/2219 4203/4203/2218 4201/4201/2216
f 4205/4205/2220 4203/4203/2218 4204/4204/2219
f 4203/4203/2218 4205/4205/2220 4206/4206/2221
f 4206/4206/2221 4205/4205/2220 4207/4207/2222
f 4208/4208/2223 4207/4207/2222 4205/4205/2220
f 4209/4209/2224 4207/4207/2222 4208/4208/2223
f 4207/4207/2222 4209/4209/2224 4210/4210/2225
f 4209/4209/2224 4211/4211/2226 4210/4210/2225
f 4211/4211/2226 4209/4209/2224 4212/4212/2227
f 4213/4213/2228 4214/4214/2229 4215/4215/2230
f 4216/4216/2231 4215/4215/2230 4214/4214/2229
f 4217/4217/2232 4216/4216/2231 4214/4214/2229
f 4218/4218/2233 4216/4216/2231 4217/4217/2232
f 4219/4219/2234 4220/4220/2235 4221/4221/2236
f 4220/4220/2235 4219/4219/2234 4222/4222/2237
f 4222/4222/2237 4223/4223/2238 4220/4220/2235
f 4222/4222/2237 4224/4224/2239 4223/4223/2238
f 4225/4225/2240 4224/4224/2239 4222/4222/2237
f 4226/4226/2241 4227/4227/2242 4228/4228/2242
f 4226/4226/2241 4229/4229/2243 4227/4227/2242
f 4230/4230/2244 4229/4229/2243 4226/4226/2241
f 4230/4230/2244 4231/4231/2245 4229/4229/2243
f 4230/4230/2244 4232/4232/2246 4231/4231/2245
f 4233/4233/2247 4232/4232/2246 4230/4230/2244
f 4234/4234/2248 4233/4233/2247 4230/4230/2244
f 4233/4233/2247 4235/4235/2249 4232/4232/2246
f 4235/4235/2249 4233/4233/2247 4236/4236/2249
f 4237/4237/2250 4238/4238/2251 4239/4239/2252
f 4240/4240/2253 4239/4239/2252 4238/4238/2251
f 4241/4241/2254 4240/4240/2253 4238/4238/2251
f 4242/4242/2255 4240/4240/2253 4241/4241/2254
f 4243/4243/2256 4244/4244/2257 4245/4245/2258
f 4244/4244/2257 4243/4243/2256 4246/4246/2259
f 4246/4246/2259 4247/4247/2260 4244/4244/2257
f 4246/4246/2259 4248/4248/2261 4247/4247/2260
f 4249/4249/2262 4248/4248/2261 4246/4246/2259
f 4250/4250/2263 4251/4251/2264 4252/4252/2264
f 4250/4250/2263 4253/4253/2265 4251/4251/2264
f 4254/4254/2266 4253/4253/2265 4250/4250/2263
f 4254/4254/2266 4255/4255/2267 4253/4253/2265
f 4255/4255/2267 4254/4254/2266 4256/4256/2268
f 4257/4257/2269 4256/4256/2268 4254/4254/2266
f 4258/4258/2270 4257/4257/2269 4254/4254/2266
f 4256/4256/2268 4257/4257/2269 4259/4259/2271
f 4260/4260/2271 4259/4259/2271 4257/4257/2269
f 4261/4261/1803 4262/4262/1803 4263/4263/1803
f 4263/4263/1803 4262/4262/1803 4264/4264/1803
f 4264/4264/1803 4262/4262/1803 4265/4265/1803
f 4266/4266/1803 4267/4267/1803 4268/4268/1803
f 4269/4269/1803 4267/4267/1803 4266/4266/1803
f 4270/4270/1803 4267/4267/1803 4269/4269/1803
f 4271/4271/1803 4272/4272/1803 4273/4273/1803
f 4274/4274/1803 4272/4272/1803 4271/4271/1803
f 4275/4275/1803 4272/4272/1803 4274/4274/1803
f 4276/4276/1803 4277/4277/1803 4278/4278/1803
f 4279/4279/1803 4277/4277/1803 4276/4276/1803
f 4280/4280/1803 4277/4277/1803 4279/4279/1803
f 4281/4281/2272 4282/4282/2273 4283/4283/2274
f 4281/4281/2272 4283/4283/2274 4284/4284/2275
f 4281/4281/2272 4284/4284/2275 4285/4285/2276
f 4286/4286/2277 4287/4287/2278 4288/4288/2279
f 4286/4286/2277 4289/4289/2280 4287/4287/2278
f 4286/4286/2277 4290/4290/2281 4289/4289/2280
f 4291/4291/2282 4292/4292/2283 4293/4293/2284
f 4291/4291/2282 4294/4294/2285 4292/4292/2283
f 4291/4291/2282 4295/4295/2286 4294/4294/2285
f 4296/4296/2287 4297/4297/2288 4298/4298/2289
f 4299/4299/2290 4297/4297/2288 4296/4296/2287
f 4300/4300/2291 4297/4297/2288 4299/4299/2290
f 4301/4301/2292 4302/4302/2293 4303/4303/2294
f 4302/4302/2293 4301/4301/2292 4304/4304/2295
f 4304/4304/2295 4301/4301/2292 4305/4305/2296
f 4306/4306/2297 4307/4307/2298 4308/4308/2299
f 4308/4308/2299 4307/4307/2298 4309/4309/2300
f 4309/4309/2300 4307/4307/2298 4310/4310/2301
f 4311/4311/2302 4312/4312/2303 4313/4313/2304
f 4314/4314/2305 4312/4312/2303 4311/4311/2302
f 4315/4315/2306 4312/4312/2303 4314/4314/2305
f 4316/4316/2307 4317/4317/2308 4318/4318/2309
f 4316/4316/2307 4318/4318/2309 4319/4319/2310
f 4316/4316/2307 4319/4319/2310 4320/4320/2311
f 4321/4321/2312 4322/4322/2313 4323/4323/2314
f 4321/4321/2312 4324/4324/2315 4322/4322/2313
f 4321/4321/2312 4325/4325/2316 4324/4324/2315
f 4326/4326/2317 4327/4327/2318 4328/4328/2319
f 4326/4326/2317 4329/4329/2320 4327/4327/2318
f 4326/4326/2317 4330/4330/2321 4329/4329/2320
f 4331/4331/2322 4332/4332/2323 4333/4333/2324
f 4331/4331/2322 4334/4334/2325 4332/4332/2323
f 4331/4331/2322 4335/4335/2326 4334/4334/2325
f 4336/4336/2327 4337/4337/2328 4338/4338/2329
f 4336/4336/2327 4339/4339/2330 4337/4337/2328
f 4336/4336/2327 4340/4340/2331 4339/4339/2330
f 4341/4341/2332 4342/4342/2333 4343/4343/2334
f 4341/4341/2332 4343/4343/2334 4344/4344/2335
f 4341/4341/2332 4344/4344/2335 4345/4345/2336
f 4346/4346/2337 4347/4347/2338 4348/4348/2339
f 4346/4346/2337 4348/4348/2339 4349/4349/2340
f 4346/4346/2337 4349/4349/2340 4350/4350/2341
f 4351/4351/2342 4352/4352/2343 4353/4353/2344
f 4351/4351/2342 4353/4353/2344 4354/4354/2345
f 4355/4355/2346 4351/4351/2342 4354/4354/2345
f 4356/4356/2347 4357/4357/2348 4358/4358/2349
f 4356/4356/2347 4358/4358/2349 4359/4359/2350
f 4356/4356/2347 4359/4359/2350 4360/4360/2351
f 4361/4361/2352 4362/4362/2353 4363/4363/2354
f 4361/4361/2352 4364/4364/2355 4362/4362/2353
f 4361/4361/2352 4365/4365/2356 4364/4364/2355
f 4366/4366/2357 4367/4367/2358 4368/4368/2359
f 4366/4366/2357 4369/4369/2360 4367/4367/2358
f 4366/4366/2357 4370/4370/2361 4369/4369/2360
f 4371/4371/2362 4372/4372/2363 4373/4373/2364
f 4371/4371/2362 4373/4373/2364 4374/4374/2365
f 4371/4371/2362 4374/4374/2365 4375/4375/2366
f 4376/4376/1803 4377/4377/2196 4378/4378/1803
f 4377/4377/2196 4376/4376/1803 4379/4379/2196
f 4379/4379/2196 4380/4380/2161 4377/4377/2196
f 4380/4380/2161 4379/4379/2196 4381/4381/2161
f 4382/4382/2194 4380/4380/2161 4381/4381/2161
f 4381/4381/2161 4383/4383/2194 4382/4382/2194
f 4384/4384/2163 4382/4382/2194 4383/4383/2194
f 4383/4383/2194 4385/4385/2163 4384/4384/2163
f 4386/4386/2367 4384/4384/2163 4385/4385/2163
f 4385/4385/2163 4387/4387/2368 4386/4386/2367
f 4387/4387/2368 4388/4388/2165 4386/4386/2367
f 4388/4388/2165 4387/4387/2368 4389/4389/2165
f 4389/4389/2165 4390/4390/2166 4388/4388/2165
f 4390/4390/2166 4389/4389/2165 4391/4391/2166
f 4391/4391/2166 4392/4392/2167 4390/4390/2166
f 4392/4392/2167 4391/4391/2166 4393/4393/2167
f 4394/4394/1830 4392/4392/2167 4393/4393/2167
f 4393/4393/2167 4395/4395/1830 4394/4394/1830
f 4396/4396/1830 4394/4394/1830 4395/4395/1830
f 4395/4395/1830 4397/4397/1830 4396/4396/1830
f 4397/4397/1830 4398/4398/2168 4396/4396/1830
f 4398/4398/2168 4397/4397/1830 4399/4399/2168
f 4399/4399/2168 4400/4400/2169 4398/4398/2168
f 4400/4400/2169 4399/4399/2168 4401/4401/2169
f 4402/4402/2198 4400/4400/2169 4401/4401/2169
f 4401/4401/2169 4403/4403/2198 4402/4402/2198
f 4404/4404/2171 4402/4402/2198 4403/4403/2198
f 4403/4403/2198 4405/4405/2171 4404/4404/2171
f 4406/4406/2031 4407/4407/2038 4408/4408/2031
f 4409/4409/2038 4407/4407/2038 4406/4406/2031
f 4409/4409/2038 4410/4410/2028 4407/4407/2038
f 4411/4411/2028 4410/4410/2028 4409/4409/2038
f 4411/4411/2028 4412/4412/2039 4410/4410/2028
f 4412/4412/2039 4411/4411/2028 4413/4413/2039
f 4414/4414/2172 4415/4415/2173 4416/4416/2172
f 4415/4415/2173 4414/4414/2172 4417/4417/2174
f 4417/4417/2174 4418/4418/2175 4415/4415/2173
f 4417/4417/2174 4419/4419/2175 4418/4418/2175
f 4419/4419/2175 4420/4420/2176 4418/4418/2175
f 4420/4420/2176 4419/4419/2175 4421/4421/2176
f 4422/4422/2177 4423/4423/2178 4424/4424/2177
f 4422/4422/2177 4425/4425/2178 4423/4423/2178
f 4425/4425/2178 4426/4426/2179 4423/4423/2178
f 4425/4425/2178 4427/4427/2180 4426/4426/2179
f 4428/4428/2181 4426/4426/2179 4427/4427/2180
f 4426/4426/2179 4428/4428/2181 4429/4429/2181
f 4430/4430/2182 4431/4431/2183 4432/4432/2183
f 4431/4431/2183 4430/4430/2182 4433/4433/2182
f 4434/4434/2184 4433/4433/2182 4430/4430/2182
f 4433/4433/2182 4434/4434/2184 4435/4435/2185
f 4436/4436/2186 4435/4435/2185 4434/4434/2184
f 4435/4435/2185 4436/4436/2186 4437/4437/2186
f 4438/4438/2187 4439/4439/2188 4440/4440/2189
f 4439/4439/2188 4438/4438/2187 4441/4441/2190
f 4441/4441/2190 4442/4442/2191 4439/4439/2188
f 4441/4441/2190 4443/4443/2191 4442/4442/2191
f 4443/4443/2191 4444/4444/2193 4442/4442/2191
f 4445/4445/2193 4442/4442/2191 4444/4444/2193
f 4446/4446/1804 4447/4447/2369 4448/4448/1804
f 4448/4448/1804 4447/4447/2369 4449/4449/2370
f 4447/4447/2369 4450/4450/2194 4449/4449/2370
f 4449/4449/2370 4450/4450/2194 4451/4451/2194
f 4450/4450/2194 4452/4452/2161 4451/4451/2194
f 4451/4451/2194 4452/4452/2161 4453/4453/2161
f 4452/4452/2161 4454/4454/2196 4453/4453/2161
f 4453/4453/2161 4454/4454/2196 4455/4455/2196
f 4456/4456/2371 4455/4455/2196 4454/4454/2196
f 4457/4457/2372 4455/4455/2196 4456/4456/2371
f 4458/4458/2198 4457/4457/2372 4456/4456/2371
f 4457/4457/2372 4458/4458/2198 4459/4459/2198
f 4458/4458/2198 4460/4460/2169 4459/4459/2198
f 4459/4459/2198 4460/4460/2169 4461/4461/2169
f 4462/4462/2168 4461/4461/2169 4460/4460/2169
f 4463/4463/2168 4461/4461/2169 4462/4462/2168
f 4462/4462/2168 4464/4464/1830 4463/4463/2168
f 4463/4463/2168 4464/4464/1830 4465/4465/1830
f 4464/4464/1830 4466/4466/1830 4465/4465/1830
f 4465/4465/1830 4466/4466/1830 4467/4467/1830
f 4466/4466/1830 4468/4468/2167 4467/4467/1830
f 4467/4467/1830 4468/4468/2167 4469/4469/2167
f 4468/4468/2167 4470/4470/2166 4469/4469/2167
f 4469/4469/2167 4470/4470/2166 4471/4471/2166
f 4470/4470/2166 4472/4472/2373 4471/4471/2166
f 4471/4471/2166 4472/4472/2373 4473/4473/2373
f 4472/4472/2373 4474/4474/2199 4473/4473/2373
f 4473/4473/2373 4474/4474/2199 4475/4475/2199
f 4476/4476/1789 4477/4477/1789 4478/4478/1789
f 4477/4477/1789 4476/4476/1789 4479/4479/1789
f 4479/4479/1789 4480/4480/1789 4477/4477/1789
f 4480/4480/1789 4479/4479/1789 4481/4481/1789
f 4480/4480/1789 4481/4481/1789 4482/4482/1789
f 4480/4480/1789 4482/4482/1789 4483/4483/1789
f 4483/4483/1789 4484/4484/1789 4485/4485/1789
f 4484/4484/1789 4483/4483/1789 4486/4486/1789
f 4487/4487/1789 4486/4486/1789 4483/4483/1789
f 4487/4487/1789 4483/4483/1789 4482/4482/1789
f 4487/4487/1789 4482/4482/1789 4488/4488/1789
f 4489/4489/1789 4487/4487/1789 4488/4488/1789
f 4490/4490/2200 4491/4491/2201 4492/4492/2200
f 4491/4491/2201 4490/4490/2200 4493/4493/2202
f 4493/4493/2202 4494/4494/2203 4491/4491/2201
f 4494/4494/2203 4493/4493/2202 4495/4495/2204
f 4496/4496/2205 4494/4494/2203 4495/4495/2204
f 4496/4496/2205 4497/4497/2206 4494/4494/2203
f 4498/4498/2207 4497/4497/2206 4496/4496/2205
f 4497/4497/2206 4498/4498/2207 4499/4499/2208
f 4500/4500/2209 4499/4499/2208 4498/4498/2207
f 4499/4499/2208 4500/4500/2209 4501/4501/2210
f 4501/4501/2210 4500/4500/2209 4502/4502/2211
f 4503/4503/2211 4502/4502/2211 4500/4500/2209
f 4504/4504/2212 4505/4505/2213 4506/4506/2214
f 4505/4505/2213 4504/4504/2212 4507/4507/2215
f 4508/4508/2216 4507/4507/2215 4504/4504/2212
f 4509/4509/2374 4507/4507/2215 4508/4508/2216
f 4509/4509/2374 4508/4508/2216 4510/4510/2218
f 4511/4511/2219 4510/4510/2218 4508/4508/2216
f 4512/4512/2220 4510/4510/2218 4511/4511/2219
f 4510/4510/2218 4512/4512/2220 4513/4513/2375
f 4513/4513/2375 4512/4512/2220 4514/4514/2222
f 4515/4515/2223 4514/4514/2222 4512/4512/2220
f 4516/4516/2224 4514/4514/2222 4515/4515/2223
f 4514/4514/2222 4516/4516/2224 4517/4517/2225
f 4516/4516/2224 4518/4518/2226 4517/4517/2225
f 4518/4518/2226 4516/4516/2224 4519/4519/2227
f 4520/4520/2376 4521/4521/2229 4522/4522/2377
f 4523/4523/2231 4522/4522/2377 4521/4521/2229
f 4524/4524/2232 4523/4523/2231 4521/4521/2229
f 4525/4525/2233 4523/4523/2231 4524/4524/2232
f 4526/4526/2234 4527/4527/2235 4528/4528/2236
f 4527/4527/2235 4526/4526/2234 4529/4529/2237
f 4529/4529/2237 4530/4530/2238 4527/4527/2235
f 4529/4529/2237 4531/4531/2239 4530/4530/2238
f 4532/4532/2240 4531/4531/2239 4529/4529/2237
f 4533/4533/2241 4534/4534/2242 4535/4535/2242
f 4533/4533/2241 4536/4536/2243 4534/4534/2242
f 4537/4537/2244 4536/4536/2243 4533/4533/2241
f 4537/4537/2244 4538/4538/2245 4536/4536/2243
f 4537/4537/2244 4539/4539/2246 4538/4538/2245
f 4540/4540/2247 4539/4539/2246 4537/4537/2244
f 4541/4541/2248 4540/4540/2247 4537/4537/2244
f 4540/4540/2247 4542/4542/2249 4539/4539/2246
f 4542/4542/2249 4540/4540/2247 4543/4543/2249
f 4544/4544/2250 4545/4545/2251 4546/4546/2252
f 4547/4547/2253 4546/4546/2252 4545/4545/2251
f 4548/4548/2254 4547/4547/2253 4545/4545/2251
f 4549/4549/2255 4547/4547/2253 4548/4548/2254
f 4550/4550/2378 4551/4551/2257 4552/4552/2258
f 4551/4551/2257 4550/4550/2378 4553/4553/2259
f 4553/4553/2259 4554/4554/2260 4551/4551/2257
f 4553/4553/2259 4555/4555/2261 4554/4554/2260
f 4556/4556/2262 4555/4555/2261 4553/4553/2259
f 4557/4557/2263 4558/4558/2264 4559/4559/2264
f 4557/4557/2263 4560/4560/2265 4558/4558/2264
f 4561/4561/2266 4560/4560/2265 4557/4557/2263
f 4561/4561/2266 4562/4562/2267 4560/4560/2265
f 4562/4562/2267 4561/4561/2266 4563/4563/2268
f 4564/4564/2269 4563/4563/2268 4561/4561/2266
f 4565/4565/2270 4564/4564/2269 4561/4561/2266
f 4563/4563/2268 4564/4564/2269 4566/4566/2271
f 4567/4567/2271 4566/4566/2271 4564/4564/2269
f 4568/4568/2379 4569/4569/2380 4570/4570/2381
f 4568/4568/2379 4571/4571/2382 4569/4569/2380
f 4572/4572/2383 4569/4569/2380 4571/4571/2382
f 4569/4569/2380 4572/4572/2383 4573/4573/2384
f 4574/4574/2385 4575/4575/2386 4576/4576/2386
f 4575/4575/2386 4574/4574/2385 4577/4577/2387
f 4578/4578/2388 4577/4577/2387 4574/4574/2385
f 4578/4578/2388 4574/4574/2385 4579/4579/2389
f 4580/4580/2390 4581/4581/2391 4582/4582/2392
f 4581/4581/2391 4580/4580/2390 4583/4583/2393
f 4583/4583/2393 4580/4580/2390 4584/4584/2394
f 4584/4584/2394 4580/4580/2390 4585/4585/2395
f 4586/4586/2396 4587/4587/2397 4588/4588/2397
f 4588/4588/2397 4589/4589/2398 4586/4586/2396
f 4590/4590/2399 4586/4586/2396 4589/4589/2398
f 4586/4586/2396 4590/4590/2399 4591/4591/2400
f 4590/4590/2399 4589/4589/2398 4592/4592/2401
f 4593/4593/2402 4594/4594/2403 4595/4595/2403
f 4596/4596/2404 4594/4594/2403 4593/4593/2402
f 4597/4597/2405 4596/4596/2404 4593/4593/2402
f 4593/4593/2402 4598/4598/2406 4597/4597/2405
f 4597/4597/2405 4599/4599/2407 4596/4596/2404
f 4600/4600/1788 4601/4601/1788 4602/4602/1788
f 4603/4603/1788 4601/4601/1788 4600/4600/1788
f 4604/4604/1788 4601/4601/1788 4603/4603/1788
f 4605/4605/1788 4601/4601/1788 4604/4604/1788
f 4604/4604/1788 4606/4606/1788 4605/4605/1788
f 4606/4606/1788 4604/4604/1788 4607/4607/1788
f 4608/4608/1788 4607/4607/1788 4609/4609/1788
f 4608/4608/1788 4610/4610/1788 4607/4607/1788
f 4611/4611/1788 4607/4607/1788 4610/4610/1788
f 4607/4607/1788 4611/4611/1788 4606/4606/1788
f 4611/4611/1788 4612/4612/1788 4606/4606/1788
f 4612/4612/1788 4611/4611/1788 4613/4613/1788
f 4614/4614/1789 4615/4615/1789 4616/4616/1789
f 4617/4617/1789 4615/4615/1789 4614/4614/1789
f 4618/4618/1789 4615/4615/1789 4617/4617/1789
f 4618/4618/1789 4619/4619/1789 4615/4615/1789
f 4618/4618/1789 4620/4620/1789 4619/4619/1789
f 4620/4620/1789 4618/4618/1789 4621/4621/1789
f 4622/4622/1789 4621/4621/1789 4623/4623/1789
f 4622/4622/1789 4624/4624/1789 4621/4621/1789
f 4625/4625/1789 4621/4621/1789 4624/4624/1789
f 4621/4621/1789 4625/4625/1789 4620/4620/1789
f 4625/4625/1789 4626/4626/1789 4620/4620/1789
f 4626/4626/1789 4625/4625/1789 4627/4627/1789
f 4628/4628/2043 4629/4629/2043 4630/4630/2408
f 4628/4628/2043 4630/4630/2408 4631/4631/2409
f 4630/4630/2408 4632/4632/2410 4631/4631/2409
f 4632/4632/2410 4630/4630/2408 4633/4633/2411
f 4634/4634/2040 4632/4632/2410 4633/4633/2411
f 4634/4634/2040 4635/4635/2040 4632/4632/2410
f 4636/4636/1788 4637/4637/1788 4638/4638/1788
f 4637/4637/1788 4636/4636/1788 4639/4639/1788
f 4640/4640/1788 4639/4639/1788 4636/4636/1788
f 4641/4641/1788 4640/4640/1788 4636/4636/1788
f 4641/4641/1788 4642/4642/1788 4640/4640/1788
f 4642/4642/1788 4641/4641/1788 4643/4643/1788
f 4642/4642/1788 4644/4644/1788 4645/4645/1788
f 4644/4644/1788 4642/4642/1788 4646/4646/1788
f 4647/4647/1788 4646/4646/1788 4642/4642/1788
f 4647/4647/1788 4642/4642/1788 4643/4643/1788
f 4647/4647/1788 4643/4643/1788 4648/4648/1788
f 4649/4649/1788 4647/4647/1788 4648/4648/1788
f 4650/4650/2412 4651/4651/2413 4652/4652/2412
f 4651/4651/2413 4650/4650/2412 4653/4653/2414
f 4654/4654/2415 4651/4651/2413 4653/4653/2414
f 4654/4654/2415 4655/4655/2416 4651/4651/2413
f 4655/4655/2416 4654/4654/2415 4656/4656/2417
f 4657/4657/2418 4656/4656/2417 4654/4654/2415
f 4656/4656/2417 4657/4657/2418 4658/4658/2419
f 4656/4656/2417 4658/4658/2419 4659/4659/2420
f 4658/4658/2419 4660/4660/2421 4659/4659/2420
f 4660/4660/2421 4658/4658/2419 4661/4661/2422
f 4660/4660/2421 4661/4661/2422 4662/4662/2423
f 4660/4660/2421 4662/4662/2423 4663/4663/2423
f 4664/4664/2424 4665/4665/2425 4666/4666/2426
f 4665/4665/2425 4664/4664/2424 4667/4667/2427
f 4664/4664/2424 4668/4668/2428 4667/4667/2427
f 4668/4668/2428 4664/4664/2424 4669/4669/2429
f 4670/4670/2430 4668/4668/2428 4669/4669/2429
f 4668/4668/2428 4670/4670/2430 4671/4671/2431
f 4670/4670/2430 4672/4672/2432 4671/4671/2431
f 4672/4672/2432 4670/4670/2430 4673/4673/2433
f 4673/4673/2433 4674/4674/2434 4672/4672/2432
f 4674/4674/2434 4673/4673/2433 4675/4675/2435
f 4674/4674/2434 4675/4675/2435 4676/4676/2436
f 4675/4675/2435 4677/4677/2437 4676/4676/2436
f 4678/4678/2438 4676/4676/2436 4677/4677/2437
f 4676/4676/2436 4678/4678/2438 4679/4679/2438
f 4680/4680/2439 4681/4681/2440 4682/4682/2440
f 4680/4680/2439 4683/4683/2441 4681/4681/2440
f 4680/4680/2439 4684/4684/2442 4683/4683/2441
f 4684/4684/2442 4680/4680/2439 4685/4685/2443
f 4685/4685/2443 4686/4686/2444 4684/4684/2442
f 4686/4686/2444 4685/4685/2443 4687/4687/2445
f 4688/4688/2446 4686/4686/2444 4687/4687/2445
f 4688/4688/2446 4689/4689/2447 4686/4686/2444
f 4686/4686/2444 4689/4689/2447 4690/4690/2448
f 4691/4691/2449 4689/4689/2447 4688/4688/2446
f 4691/4691/2449 4692/4692/2450 4689/4689/2447
f 4692/4692/2450 4693/4693/2451 4689/4689/2447
f 4694/4694/2452 4695/4695/2453 4696/4696/2454
f 4695/4695/2453 4694/4694/2452 4697/4697/2455
f 4694/4694/2452 4698/4698/2456 4697/4697/2455
f 4698/4698/2456 4694/4694/2452 4699/4699/2457
f 4700/4700/2458 4701/4701/2458 4702/4702/2459
f 4700/4700/2458 4702/4702/2459 4703/4703/2460
f 4702/4702/2459 4704/4704/2461 4703/4703/2460
f 4704/4704/2461 4702/4702/2459 4705/4705/2462
f 4705/4705/2462 4706/4706/2463 4704/4704/2461
f 4706/4706/2463 4705/4705/2462 4707/4707/2464
f 4706/4706/2463 4707/4707/2464 4708/4708/2465
f 4708/4708/2465 4709/4709/2466 4706/4706/2463
f 4709/4709/2466 4708/4708/2465 4710/4710/2467
f 4710/4710/2467 4711/4711/2468 4709/4709/2466
f 4711/4711/2468 4712/4712/2469 4709/4709/2466
f 4706/4706/2463 4709/4709/2466 4713/4713/2470
f 4706/4706/2463 4713/4713/2470 4714/4714/2471
f 4715/4715/2472 4714/4714/2471 4713/4713/2470
f 4716/4716/2473 4715/4715/2472 4713/4713/2470
f 4715/4715/2472 4716/4716/2473 4717/4717/2474
f 4718/4718/2475 4717/4717/2474 4716/4716/2473
f 4716/4716/2473 4719/4719/2476 4718/4718/2475
f 4720/4720/2477 4721/4721/2478 4722/4722/2479
f 4721/4721/2478 4720/4720/2477 4723/4723/2480
f 4720/4720/2477 4724/4724/2481 4723/4723/2480
f 4724/4724/2481 4720/4720/2477 4725/4725/2482
f 4726/4726/1788 4727/4727/1788 4728/4728/1788
f 4729/4729/1788 4727/4727/1788 4726/4726/1788
f 4730/4730/1788 4727/4727/1788 4729/4729/1788
f 4731/4731/1788 4727/4727/1788 4730/4730/1788
f 4730/4730/1788 4732/4732/1788 4731/4731/1788
f 4732/4732/1788 4730/4730/1788 4733/4733/1788
f 4734/4734/1788 4733/4733/1788 4735/4735/1788
f 4734/4734/1788 4736/4736/1788 4733/4733/1788
f 4737/4737/1788 4733/4733/1788 4736/4736/1788
f 4733/4733/1788 4737/4737/1788 4732/4732/1788
f 4737/4737/1788 4738/4738/1788 4732/4732/1788
f 4738/4738/1788 4737/4737/1788 4739/4739/1788
f 4740/4740/1789 4741/4741/1789 4742/4742/1789
f 4743/4743/1789 4741/4741/1789 4740/4740/1789
f 4744/4744/1789 4741/4741/1789 4743/4743/1789
f 4744/4744/1789 4745/4745/1789 4741/4741/1789
f 4744/4744/1789 4746/4746/1789 4745/4745/1789
f 4746/4746/1789 4744/4744/1789 4747/4747/1789
f 4748/4748/1789 4747/4747/1789 4749/4749/1789
f 4748/4748/1789 4750/4750/1789 4747/4747/1789
f 4751/4751/1789 4747/4747/1789 4750/4750/1789
f 4747/4747/1789 4751/4751/1789 4746/4746/1789
f 4751/4751/1789 4752/4752/1789 4746/4746/1789
f 4752/4752/1789 4751/4751/1789 4753/4753/1789
f 4754/4754/1788 4755/4755/1788 4756/4756/1788
f 4755/4755/1788 4754/4754/1788 4757/4757/1788
f 4758/4758/1788 4757/4757/1788 4754/4754/1788
f 4759/4759/1788 4758/4758/1788 4754/4754/1788
f 4759/4759/1788 4760/4760/1788 4758/4758/1788
f 4760/4760/1788 4759/4759/1788 4761/4761/1788
f 4760/4760/1788 4762/4762/1788 4763/4763/1788
f 4762/4762/1788 4760/4760/1788 4764/4764/1788
f 4765/4765/1788 4764/4764/1788 4760/4760/1788
f 4765/4765/1788 4760/4760/1788 4761/4761/1788
f 4765/4765/1788 4761/4761/1788 4766/4766/1788
f 4767/4767/1788 4765/4765/1788 4766/4766/1788
f 4768/4768/2412 4769/4769/2413 4770/4770/2412
f 4769/4769/2413 4768/4768/2412 4771/4771/2414
f 4772/4772/2415 4769/4769/2413 4771/4771/2414
f 4772/4772/2415 4773/4773/2416 4769/4769/2413
f 4773/4773/2416 4772/4772/2415 4774/4774/2417
f 4775/4775/2418 4774/4774/2417 4772/4772/2415
f 4774/4774/2417 4775/4775/2418 4776/4776/2419
f 4774/4774/2417 4776/4776/2419 4777/4777/2420
f 4776/4776/2419 4778/4778/2421 4777/4777/2420
f 4778/4778/2421 4776/4776/2419 4779/4779/2422
f 4778/4778/2421 4779/4779/2422 4780/4780/2423
f 4778/4778/2421 4780/4780/2423 4781/4781/2423
f 4782/4782/2424 4783/4783/2426 4784/4784/2426
f 4783/4783/2426 4782/4782/2424 4785/4785/2427
f 4782/4782/2424 4786/4786/2428 4785/4785/2427
f 4786/4786/2428 4782/4782/2424 4787/4787/2429
f 4788/4788/2430 4786/4786/2428 4787/4787/2429
f 4786/4786/2428 4788/4788/2430 4789/4789/2431
f 4788/4788/2430 4790/4790/2432 4789/4789/2431
f 4790/4790/2432 4788/4788/2430 4791/4791/2433
f 4791/4791/2433 4792/4792/2434 4790/4790/2432
f 4792/4792/2434 4791/4791/2433 4793/4793/2435
f 4792/4792/2434 4793/4793/2435 4794/4794/2436
f 4793/4793/2435 4795/4795/2437 4794/4794/2436
f 4796/4796/2438 4794/4794/2436 4795/4795/2437
f 4794/4794/2436 4796/4796/2438 4797/4797/2438
f 4798/4798/2439 4799/4799/2440 4800/4800/2440
f 4798/4798/2439 4801/4801/2441 4799/4799/2440
f 4798/4798/2439 4802/4802/2442 4801/4801/2441
f 4802/4802/2442 4798/4798/2439 4803/4803/2443
f 4803/4803/2443 4804/4804/2444 4802/4802/2442
f 4804/4804/2444 4803/4803/2443 4805/4805/2445
f 4806/4806/2446 4804/4804/2444 4805/4805/2445
f 4806/4806/2446 4807/4807/2447 4804/4804/2444
f 4804/4804/2444 4807/4807/2447 4808/4808/2448
f 4809/4809/2449 4807/4807/2447 4806/4806/2446
f 4809/4809/2449 4810/4810/2450 4807/4807/2447
f 4810/4810/2450 4811/4811/2451 4807/4807/2447
f 4812/4812/2452 4813/4813/2483 4814/4814/2454
f 4813/4813/2483 4812/4812/2452 4815/4815/2455
f 4812/4812/2452 4816/4816/2456 4815/4815/2455
f 4816/4816/2456 4812/4812/2452 4817/4817/2457
f 4818/4818/2458 4819/4819/2458 4820/4820/2459
f 4818/4818/2458 4820/4820/2459 4821/4821/2460
f 4820/4820/2459 4822/4822/2461 4821/4821/2460
f 4822/4822/2461 4820/4820/2459 4823/4823/2462
f 4823/4823/2462 4824/4824/2463 4822/4822/2461
f 4824/4824/2463 4823/4823/2462 4825/4825/2464
f 4824/4824/2463 4825/4825/2464 4826/4826/2465
f 4826/4826/2465 4827/4827/2466 4824/4824/2463
f 4827/4827/2466 4826/4826/2465 4828/4828/2467
f 4828/4828/2467 4829/4829/2468 4827/4827/2466
f 4829/4829/2468 4830/4830/2469 4827/4827/2466
f 4824/4824/2463 4827/4827/2466 4831/4831/2470
f 4824/4824/2463 4831/4831/2470 4832/4832/2471
f 4833/4833/2472 4832/4832/2471 4831/4831/2470
f 4834/4834/2473 4833/4833/2472 4831/4831/2470
f 4833/4833/2472 4834/4834/2473 4835/4835/2474
f 4836/4836/2475 4835/4835/2474 4834/4834/2473
f 4834/4834/2473 4837/4837/2476 4836/4836/2475
f 4838/4838/2477 4839/4839/2478 4840/4840/2479
f 4839/4839/2478 4838/4838/2477 4841/4841/2480
f 4838/4838/2477 4842/4842/2481 4841/4841/2480
f 4842/4842/2481 4838/4838/2477 4843/4843/2482
f 4844/4844/2484 4845/4845/2485 4846/4846/2486
f 4845/4845/2485 4844/4844/2484 4847/4847/2487
f 4847/4847/2487 4848/4848/2488 4845/4845/2485
f 4847/4847/2487 4844/4844/2484 4849/4849/2489
f 4848/4848/2488 4847/4847/2487 4850/4850/2490
f 4850/4850/2490 4847/4847/2487 4849/4849/2489
f 4850/4850/2490 4851/4851/2491 4848/4848/2488
f 4849/4849/2489 4852/4852/2492 4850/4850/2490
f 4851/4851/2491 4850/4850/2490 4852/4852/2492
f 4853/4853/2493 4854/4854/2494 4855/4855/2495
f 4854/4854/2494 4853/4853/2493 4856/4856/2496
f 4856/4856/2496 4857/4857/2497 4854/4854/2494
f 4858/4858/2498 4856/4856/2496 4853/4853/2493
f 4857/4857/2497 4859/4859/2499 4860/4860/2500
f 4857/4857/2497 4861/4861/2501 4859/4859/2499
f 4857/4857/2497 4856/4856/2496 4861/4861/2501
f 4862/4862/2502 4859/4859/2499 4861/4861/2501
f 4856/4856/2496 4858/4858/2498 4863/4863/2503
f 4863/4863/2503 4861/4861/2501 4856/4856/2496
f 4861/4861/2501 4864/4864/2504 4862/4862/2502
f 4861/4861/2501 4863/4863/2503 4864/4864/2504
f 4865/4865/2505 4862/4862/2502 4864/4864/2504
f 4863/4863/2503 4865/4865/2505 4864/4864/2504
f 4862/4862/2502 4865/4865/2505 4866/4866/2506
f 4865/4865/2505 4867/4867/2507 4866/4866/2506
f 4868/4868/2508 4863/4863/2503 4858/4858/2498
f 4865/4865/2505 4863/4863/2503 4868/4868/2508
f 4858/4858/2498 4869/4869/2509 4868/4868/2508
f 4870/4870/2510 4868/4868/2508 4869/4869/2509
f 4867/4867/2507 4865/4865/2505 4871/4871/2511
f 4871/4871/2511 4872/4872/2512 4867/4867/2507
f 4873/4873/2513 4865/4865/2505 4868/4868/2508
f 4871/4871/2511 4865/4865/2505 4873/4873/2513
f 4868/4868/2508 4870/4870/2510 4873/4873/2513
f 4872/4872/2512 4871/4871/2511 4874/4874/2514
f 4873/4873/2513 4874/4874/2514 4871/4871/2511
f 4873/4873/2513 4870/4870/2510 4875/4875/2515
f 4874/4874/2514 4873/4873/2513 4875/4875/2515
f 4875/4875/2515 4870/4870/2510 4876/4876/2516
f 4874/4874/2514 4877/4877/2517 4872/4872/2512
f 4875/4875/2515 4877/4877/2517 4874/4874/2514
f 4878/4878/2518 4872/4872/2512 4877/4877/2517
f 4879/4879/2519 4875/4875/2515 4876/4876/2516
f 4877/4877/2517 4875/4875/2515 4879/4879/2519
f 4879/4879/2519 4876/4876/2516 4880/4880/2520
f 4881/4881/2521 4878/4878/2518 4877/4877/2517
f 4882/4882/2522 4879/4879/2519 4880/4880/2520
f 4881/4881/2521 4877/4877/2517 4883/4883/2523
f 4879/4879/2519 4884/4884/2524 4877/4877/2517
f 4883/4883/2523 4877/4877/2517 4884/4884/2524
f 4879/4879/2519 4882/4882/2522 4884/4884/2524
f 4885/4885/2525 4881/4881/2521 4883/4883/2523
f 4884/4884/2524 4885/4885/2525 4883/4883/2523
f 4881/4881/2521 4885/4885/2525 4886/4886/2526
f 4882/4882/2522 4887/4887/2527 4884/4884/2524
f 4885/4885/2525 4884/4884/2524 4887/4887/2527
f 4887/4887/2527 4882/4882/2522 4888/4888/2528
f 4889/4889/2529 4886/4886/2526 4885/4885/2525
f 4887/4887/2527 4889/4889/2529 4885/4885/2525
f 4886/4886/2526 4889/4889/2529 4890/4890/2530
f 4889/4889/2529 4891/4891/2531 4890/4890/2530
f 4888/4888/2528 4892/4892/2532 4887/4887/2527
f 4889/4889/2529 4887/4887/2527 4892/4892/2532
f 4892/4892/2532 4888/4888/2528 4893/4893/2533
f 4894/4894/2534 4892/4892/2532 4893/4893/2533
f 4891/4891/2531 4889/4889/2529 4895/4895/2535
f 4892/4892/2532 4894/4894/2534 4896/4896/2536
f 4892/4892/2532 4896/4896/2536 4889/4889/2529
f 4889/4889/2529 4896/4896/2536 4895/4895/2535
f 4895/4895/2535 4897/4897/2537 4891/4891/2531
f 4898/4898/2538 4896/4896/2536 4894/4894/2534
f 4897/4897/2537 4895/4895/2535 4899/4899/2539
f 4896/4896/2536 4899/4899/2539 4895/4895/2535
f 4897/4897/2537 4900/4900/2540 4901/4901/2541
f 4900/4900/2540 4897/4897/2537 4899/4899/2539
f 4899/4899/2539 4896/4896/2536 4902/4902/2542
f 4902/4902/2542 4900/4900/2540 4899/4899/2539
f 4896/4896/2536 4898/4898/2538 4902/4902/2542
f 4900/4900/2540 4902/4902/2542 4903/4903/2543
f 4898/4898/2538 4903/4903/2543 4902/4902/2542
f 4903/4903/2543 4898/4898/2538 4904/4904/2544
f 4905/4905/2545 4906/4906/2546 4907/4907/2547
f 4907/4907/2547 4906/4906/2546 4908/4908/2548
f 4908/4908/2548 4906/4906/2546 4909/4909/2549
f 4910/4910/2550 4907/4907/2547 4908/4908/2548
f 4911/4911/2551 4908/4908/2548 4909/4909/2549
f 4911/4911/2551 4910/4910/2550 4908/4908/2548
f 4912/4912/2552 4911/4911/2551 4909/4909/2549
f 4912/4912/2552 4910/4910/2550 4911/4911/2551
f 4910/4910/2550 4912/4912/2552 4913/4913/2553
f 4914/4914/2554 4915/4915/2555 4916/4916/2556
f 4915/4915/2555 4914/4914/2554 4917/4917/2557
f 4915/4915/2555 4917/4917/2557 4918/4918/2558
f 4919/4919/2559 4917/4917/2557 4914/4914/2554
f 4917/4917/2557 4920/4920/2560 4918/4918/2558
f 4917/4917/2557 4919/4919/2559 4920/4920/2560
f 4920/4920/2560 4921/4921/2561 4918/4918/2558
f 4919/4919/2559 4921/4921/2561 4920/4920/2560
f 4921/4921/2561 4919/4919/2559 4922/4922/2562
f 4923/4923/2563 4924/4924/2564 4925/4925/2565
f 4923/4923/2563 4925/4925/2565 4926/4926/2566
f 4926/4926/2566 4927/4927/2567 4923/4923/2563
f 4928/4928/2568 4926/4926/2566 4925/4925/2565
f 4927/4927/2567 4926/4926/2566 4929/4929/2569
f 4928/4928/2568 4929/4929/2569 4926/4926/2566
f 4929/4929/2569 4930/4930/2570 4927/4927/2567
f 4928/4928/2568 4931/4931/2571 4929/4929/2569
f 4931/4931/2571 4930/4930/2570 4929/4929/2569
f 4932/4932/2572 4933/4933/2573 4934/4934/2574
f 4933/4933/2573 4932/4932/2572 4935/4935/2575
f 4936/4936/2576 4933/4933/2573 4935/4935/2575
f 4937/4937/2577 4935/4935/2575 4932/4932/2572
f 4936/4936/2576 4935/4935/2575 4938/4938/2578
f 4935/4935/2575 4937/4937/2577 4938/4938/2578
f 4936/4936/2576 4938/4938/2578 4939/4939/2579
f 4937/4937/2577 4939/4939/2579 4938/4938/2578
f 4939/4939/2579 4937/4937/2577 4940/4940/2580
f 4941/4941/2581 4942/4942/2582 4943/4943/2583
f 4944/4944/2584 4942/4942/2582 4941/4941/2581
f 4945/4945/2585 4944/4944/2584 4941/4941/2581
f 4942/4942/2582 4944/4944/2584 4946/4946/2586
f 4945/4945/2585 4947/4947/2587 4944/4944/2584
f 4946/4946/2586 4944/4944/2584 4947/4947/2587
f 4945/4945/2585 4948/4948/2588 4947/4947/2587
f 4948/4948/2588 4946/4946/2586 4947/4947/2587
f 4946/4946/2586 4948/4948/2588 4949/4949/2589
f 4950/4950/2590 4951/4951/2591 4952/4952/2592
f 4951/4951/2591 4950/4950/2590 4953/4953/2593
f 4954/4954/2594 4951/4951/2591 4953/4953/2593
f 4955/4955/2595 4953/4953/2593 4950/4950/2590
f 4954/4954/2594 4953/4953/2593 4956/4956/2596
f 4953/4953/2593 4955/4955/2595 4956/4956/2596
f 4957/4957/2597 4954/4954/2594 4956/4956/2596
f 4955/4955/2595 4958/4958/2598 4956/4956/2596
f 4956/4956/2596 4958/4958/2598 4957/4957/2597
f 4959/4959/2599 4960/4960/2600 4961/4961/2601
f 4960/4960/2600 4959/4959/2599 4962/4962/2602
f 4962/4962/2602 4963/4963/2603 4960/4960/2600
f 4962/4962/2602 4959/4959/2599 4964/4964/2604
f 4965/4965/2605 4963/4963/2603 4962/4962/2602
f 4964/4964/2604 4965/4965/2605 4962/4962/2602
f 4963/4963/2603 4965/4965/2605 4966/4966/2606
f 4967/4967/2607 4965/4965/2605 4964/4964/2604
f 4965/4965/2605 4967/4967/2607 4966/4966/2606
f 4968/4968/2608 4969/4969/2609 4970/4970/2610
f 4969/4969/2609 4968/4968/2608 4971/4971/2611
f 4971/4971/2611 4972/4972/2612 4969/4969/2609
f 4973/4973/2613 4971/4971/2611 4968/4968/2608
f 4974/4974/2614 4975/4975/2615 4973/4973/2613
f 4976/4976/2616 4973/4973/2613 4975/4975/2615
f 4973/4973/2613 4976/4976/2616 4971/4971/2611
f 4975/4975/2615 4977/4977/2617 4976/4976/2616
f 4972/4972/2612 4971/4971/2611 4978/4978/2618
f 4976/4976/2616 4978/4978/2618 4971/4971/2611
f 4977/4977/2617 4979/4979/2619 4976/4976/2616
f 4976/4976/2616 4979/4979/2619 4978/4978/2618
f 4977/4977/2617 4980/4980/2620 4979/4979/2619
f 4980/4980/2620 4978/4978/2618 4979/4979/2619
f 4980/4980/2620 4977/4977/2617 4981/4981/2621
f 4982/4982/2622 4980/4980/2620 4981/4981/2621
f 4983/4983/2623 4972/4972/2612 4978/4978/2618
f 4978/4978/2618 4980/4980/2620 4983/4983/2623
f 4972/4972/2612 4983/4983/2623 4984/4984/2624
f 4983/4983/2623 4985/4985/2625 4984/4984/2624
f 4980/4980/2620 4982/4982/2622 4986/4986/2626
f 4987/4987/2627 4986/4986/2626 4982/4982/2622
f 4980/4980/2620 4988/4988/2628 4983/4983/2623
f 4988/4988/2628 4980/4980/2620 4986/4986/2626
f 4985/4985/2625 4983/4983/2623 4988/4988/2628
f 4986/4986/2626 4987/4987/2627 4989/4989/2629
f 4989/4989/2629 4988/4988/2628 4986/4986/2626
f 4990/4990/2630 4985/4985/2625 4988/4988/2628
f 4988/4988/2628 4989/4989/2629 4990/4990/2630
f 4985/4985/2625 4990/4990/2630 4991/4991/2631
f 4992/4992/2632 4989/4989/2629 4987/4987/2627
f 4992/4992/2632 4990/4990/2630 4989/4989/2629
f 4992/4992/2632 4987/4987/2627 4993/4993/2633
f 4994/4994/2634 4991/4991/2631 4990/4990/2630
f 4990/4990/2630 4992/4992/2632 4994/4994/2634
f 4991/4991/2631 4994/4994/2634 4995/4995/2635
f 4996/4996/2636 4992/4992/2632 4993/4993/2633
f 4994/4994/2634 4997/4997/2637 4995/4995/2635
f 4992/4992/2632 4996/4996/2636 4998/4998/2638
f 4999/4999/2639 4994/4994/2634 4992/4992/2632
f 4999/4999/2639 4992/4992/2632 4998/4998/2638
f 4997/4997/2637 4994/4994/2634 4999/4999/2639
f 4996/4996/2636 5000/5000/2640 4998/4998/2638
f 5000/5000/2640 4999/4999/2639 4998/4998/2638
f 5000/5000/2640 4996/4996/2636 5001/5001/2641
f 4997/4997/2637 4999/4999/2639 5002/5002/2642
f 4999/4999/2639 5000/5000/2640 5002/5002/2642
f 4997/4997/2637 5002/5002/2642 5003/5003/2643
f 5001/5001/2641 5004/5004/2644 5000/5000/2640
f 5004/5004/2644 5002/5002/2642 5000/5000/2640
f 5004/5004/2644 5001/5001/2641 5005/5005/2645
f 5006/5006/2646 5004/5004/2644 5005/5005/2645
f 5002/5002/2642 5007/5007/2647 5003/5003/2643
f 5002/5002/2642 5004/5004/2644 5007/5007/2647
f 5003/5003/2643 5007/5007/2647 5008/5008/2648
f 5007/5007/2647 5009/5009/2649 5008/5008/2648
f 5004/5004/2644 5006/5006/2646 5010/5010/2650
f 5009/5009/2649 5007/5007/2647 5011/5011/2651
f 5011/5011/2651 5007/5007/2647 5004/5004/2644
f 5004/5004/2644 5010/5010/2650 5011/5011/2651
f 5012/5012/2652 5010/5010/2650 5006/5006/2646
f 5011/5011/2651 5013/5013/2653 5009/5009/2649
f 5010/5010/2650 5012/5012/2652 5014/5014/2654
f 5014/5014/2654 5011/5011/2651 5010/5010/2650
f 5012/5012/2652 5015/5015/2655 5016/5016/2656
f 5012/5012/2652 5016/5016/2656 5014/5014/2654
f 5011/5011/2651 5014/5014/2654 5017/5017/2657
f 5016/5016/2656 5017/5017/2657 5014/5014/2654
f 5013/5013/2653 5011/5011/2651 5017/5017/2657
f 5017/5017/2657 5016/5016/2656 5018/5018/2658
f 5018/5018/2658 5013/5013/2653 5017/5017/2657
f 5013/5013/2653 5018/5018/2658 5019/5019/2659
f 5020/5020/2660 5021/5021/2661 5022/5022/2662
f 5022/5022/2662 5021/5021/2661 5023/5023/2663
f 5023/5023/2663 5024/5024/2664 5022/5022/2662
f 5025/5025/2665 5023/5023/2663 5021/5021/2661
f 5026/5026/2666 5024/5024/2664 5023/5023/2663
f 5023/5023/2663 5025/5025/2665 5026/5026/2666
f 5027/5027/2667 5024/5024/2664 5026/5026/2666
f 5025/5025/2665 5027/5027/2667 5026/5026/2666
f 5027/5027/2667 5025/5025/2665 5028/5028/2668
f 5029/5029/2669 5030/5030/2670 5031/5031/2671
f 5030/5030/2670 5029/5029/2669 5032/5032/2672
f 5029/5029/2669 5033/5033/2673 5032/5032/2672
f 5032/5032/2672 5034/5034/2674 5030/5030/2670
f 5032/5032/2672 5033/5033/2673 5035/5035/2675
f 5034/5034/2674 5032/5032/2672 5035/5035/2675
f 5035/5035/2675 5033/5033/2673 5036/5036/2676
f 5034/5034/2674 5035/5035/2675 5036/5036/2676
f 5036/5036/2676 5037/5037/2677 5034/5034/2674
f 5038/5038/2678 5039/5039/2679 5040/5040/2680
f 5039/5039/2679 5038/5038/2678 5041/5041/2681
f 5042/5042/2682 5039/5039/2679 5041/5041/2681
f 5043/5043/2683 5041/5041/2681 5038/5038/2678
f 5042/5042/2682 5041/5041/2681 5044/5044/2684
f 5041/5041/2681 5043/5043/2683 5044/5044/2684
f 5042/5042/2682 5044/5044/2684 5045/5045/2685
f 5044/5044/2684 5043/5043/2683 5046/5046/2686
f 5044/5044/2684 5046/5046/2686 5045/5045/2685
f 5047/5047/2687 5048/5048/2688 5049/5049/2689
f 5048/5048/2688 5047/5047/2687 5050/5050/2690
f 5051/5051/2691 5050/5050/2690 5047/5047/2687
f 5050/5050/2690 5052/5052/2692 5048/5048/2688
f 5051/5051/2691 5053/5053/2693 5050/5050/2690
f 5052/5052/2692 5050/5050/2690 5053/5053/2693
f 5051/5051/2691 5054/5054/2694 5053/5053/2693
f 5052/5052/2692 5053/5053/2693 5054/5054/2694
f 5054/5054/2694 5055/5055/2695 5052/5052/2692
f 5056/5056/2696 5057/5057/2697 5058/5058/2698
f 5056/5056/2696 5058/5058/2698 5059/5059/2699
f 5060/5060/2700 5056/5056/2696 5059/5059/2699
f 5061/5061/2701 5059/5059/2699 5058/5058/2698
f 5060/5060/2700 5059/5059/2699 5062/5062/2702
f 5059/5059/2699 5061/5061/2701 5062/5062/2702
f 5060/5060/2700 5062/5062/2702 5063/5063/2703
f 5061/5061/2701 5063/5063/2703 5062/5062/2702
f 5063/5063/2703 5061/5061/2701 5064/5064/2704
f 5065/5065/2705 5066/5066/2706 5067/5067/2707
f 5066/5066/2706 5065/5065/2705 5068/5068/2708
f 5068/5068/2708 5069/5069/2709 5066/5066/2706
f 5070/5070/2710 5068/5068/2708 5065/5065/2705
f 5069/5069/2709 5068/5068/2708 5071/5071/2711
f 5070/5070/2710 5071/5071/2711 5068/5068/2708
f 5069/5069/2709 5071/5071/2711 5072/5072/2712
f 5073/5073/2713 5071/5071/2711 5070/5070/2710
f 5072/5072/2712 5071/5071/2711 5073/5073/2713
f 5074/5074/1748 5075/5075/2714 5076/5076/1748
f 5074/5074/1748 5076/5076/1748 5077/5077/1748
f 5078/5078/1748 5074/5074/1748 5077/5077/1748
f 5076/5076/1748 5079/5079/1748 5077/5077/1748
f 5080/5080/2715 5081/5081/2715 5082/5082/2716
f 5080/5080/2715 5083/5083/2715 5081/5081/2715
f 5084/5084/2715 5083/5083/2715 5080/5080/2715
f 5081/5081/2715 5083/5083/2715 5085/5085/1750
f 5086/5086/2717 5087/5087/2718 5088/5088/2719
f 5087/5087/2718 5086/5086/2717 5089/5089/2720
f 5089/5089/2720 5090/5090/2721 5087/5087/2718
f 5091/5091/2722 5089/5089/2720 5086/5086/2717
f 5092/5092/2723 5093/5093/2724 5091/5091/2722
f 5089/5089/2720 5091/5091/2722 5094/5094/2725
f 5094/5094/2725 5091/5091/2722 5093/5093/2724
f 5090/5090/2721 5089/5089/2720 5095/5095/2726
f 5094/5094/2725 5095/5095/2726 5089/5089/2720
f 5093/5093/2724 5096/5096/2727 5094/5094/2725
f 5094/5094/2725 5096/5096/2727 5095/5095/2726
f 5096/5096/2727 5093/5093/2724 5097/5097/2728
f 5098/5098/2729 5090/5090/2721 5095/5095/2726
f 5099/5099/2730 5090/5090/2721 5098/5098/2729
f 5098/5098/2729 5100/5100/2731 5099/5099/2730
f 5101/5101/2732 5095/5095/2726 5096/5096/2727
f 5097/5097/2728 5101/5101/2732 5096/5096/2727
f 5095/5095/2726 5101/5101/2732 5098/5098/2729
f 5101/5101/2732 5097/5097/2728 5102/5102/2733
f 5103/5103/2734 5101/5101/2732 5102/5102/2733
f 5100/5100/2731 5098/5098/2729 5104/5104/2735
f 5101/5101/2732 5104/5104/2735 5098/5098/2729
f 5101/5101/2732 5103/5103/2734 5105/5105/2736
f 5104/5104/2735 5101/5101/2732 5105/5105/2736
f 5106/5106/2737 5105/5105/2736 5103/5103/2734
f 5107/5107/2738 5100/5100/2731 5104/5104/2735
f 5105/5105/2736 5107/5107/2738 5104/5104/2735
f 5100/5100/2731 5107/5107/2738 5108/5108/2739
f 5105/5105/2736 5106/5106/2737 5109/5109/2740
f 5107/5107/2738 5105/5105/2736 5109/5109/2740
f 5110/5110/2741 5109/5109/2740 5106/5106/2737
f 5110/5110/2741 5107/5107/2738 5109/5109/2740
f 5110/5110/2741 5106/5106/2737 5111/5111/2742
f 5112/5112/2743 5108/5108/2739 5107/5107/2738
f 5107/5107/2738 5110/5110/2741 5112/5112/2743
f 5108/5108/2739 5112/5112/2743 5113/5113/2744
f 5114/5114/2745 5110/5110/2741 5111/5111/2742
f 5112/5112/2743 5115/5115/2746 5113/5113/2744
f 5110/5110/2741 5114/5114/2745 5116/5116/2747
f 5117/5117/2748 5112/5112/2743 5110/5110/2741
f 5117/5117/2748 5110/5110/2741 5116/5116/2747
f 5115/5115/2746 5112/5112/2743 5117/5117/2748
f 5114/5114/2745 5118/5118/2749 5116/5116/2747
f 5118/5118/2749 5117/5117/2748 5116/5116/2747
f 5118/5118/2749 5114/5114/2745 5119/5119/2750
f 5115/5115/2746 5117/5117/2748 5120/5120/2751
f 5117/5117/2748 5118/5118/2749 5120/5120/2751
f 5115/5115/2746 5120/5120/2751 5121/5121/2752
f 5119/5119/2750 5122/5122/2753 5118/5118/2749
f 5122/5122/2753 5120/5120/2751 5118/5118/2749
f 5122/5122/2753 5119/5119/2750 5123/5123/2754
f 5124/5124/2755 5122/5122/2753 5123/5123/2754
f 5120/5120/2751 5125/5125/2756 5121/5121/2752
f 5120/5120/2751 5122/5122/2753 5125/5125/2756
f 5121/5121/2752 5125/5125/2756 5126/5126/2757
f 5125/5125/2756 5127/5127/2758 5126/5126/2757
f 5122/5122/2753 5124/5124/2755 5128/5128/2759
f 5127/5127/2758 5125/5125/2756 5129/5129/2760
f 5129/5129/2760 5125/5125/2756 5122/5122/2753
f 5122/5122/2753 5128/5128/2759 5129/5129/2760
f 5130/5130/2761 5128/5128/2759 5124/5124/2755
f 5129/5129/2760 5131/5131/2762 5127/5127/2758
f 5128/5128/2759 5130/5130/2761 5132/5132/2763
f 5132/5132/2763 5129/5129/2760 5128/5128/2759
f 5130/5130/2761 5133/5133/2764 5134/5134/2765
f 5130/5130/2761 5134/5134/2765 5132/5132/2763
f 5129/5129/2760 5132/5132/2763 5135/5135/2766
f 5134/5134/2765 5135/5135/2766 5132/5132/2763
f 5131/5131/2762 5129/5129/2760 5135/5135/2766
f 5135/5135/2766 5134/5134/2765 5136/5136/2767
f 5136/5136/2767 5131/5131/2762 5135/5135/2766
f 5131/5131/2762 5136/5136/2767 5137/5137/2768
f 5138/5138/2769 5139/5139/2770 5140/5140/2771
f 5139/5139/2770 5138/5138/2769 5141/5141/2772
f 5141/5141/2772 5142/5142/2773 5139/5139/2770
f 5143/5143/2774 5141/5141/2772 5138/5138/2769
f 5144/5144/2775 5145/5145/2776 5143/5143/2774
f 5141/5141/2772 5143/5143/2774 5146/5146/2777
f 5146/5146/2777 5143/5143/2774 5145/5145/2776
f 5142/5142/2773 5141/5141/2772 5147/5147/2778
f 5146/5146/2777 5147/5147/2778 5141/5141/2772
f 5145/5145/2776 5148/5148/2779 5146/5146/2777
f 5146/5146/2777 5148/5148/2779 5147/5147/2778
f 5148/5148/2779 5145/5145/2776 5149/5149/2780
f 5150/5150/2781 5142/5142/2773 5147/5147/2778
f 5142/5142/2773 5150/5150/2781 5151/5151/2782
f 5150/5150/2781 5152/5152/2783 5151/5151/2782
f 5153/5153/2784 5147/5147/2778 5148/5148/2779
f 5149/5149/2780 5153/5153/2784 5148/5148/2779
f 5147/5147/2778 5153/5153/2784 5150/5150/2781
f 5153/5153/2784 5149/5149/2780 5154/5154/2785
f 5155/5155/2786 5153/5153/2784 5154/5154/2785
f 5152/5152/2783 5150/5150/2781 5156/5156/2787
f 5153/5153/2784 5156/5156/2787 5150/5150/2781
f 5153/5153/2784 5155/5155/2786 5157/5157/2788
f 5156/5156/2787 5153/5153/2784 5157/5157/2788
f 5158/5158/2789 5157/5157/2788 5155/5155/2786
f 5159/5159/2790 5152/5152/2783 5156/5156/2787
f 5157/5157/2788 5159/5159/2790 5156/5156/2787
f 5152/5152/2783 5159/5159/2790 5160/5160/2791
f 5157/5157/2788 5158/5158/2789 5161/5161/2792
f 5159/5159/2790 5157/5157/2788 5161/5161/2792
f 5162/5162/2793 5161/5161/2792 5158/5158/2789
f 5162/5162/2793 5159/5159/2790 5161/5161/2792
f 5162/5162/2793 5158/5158/2789 5163/5163/2794
f 5164/5164/2795 5160/5160/2791 5159/5159/2790
f 5159/5159/2790 5162/5162/2793 5164/5164/2795
f 5160/5160/2791 5164/5164/2795 5165/5165/2796
f 5166/5166/2797 5162/5162/2793 5163/5163/2794
f 5164/5164/2795 5167/5167/2798 5165/5165/2796
f 5162/5162/2793 5166/5166/2797 5168/5168/2799
f 5169/5169/2800 5164/5164/2795 5162/5162/2793
f 5169/5169/2800 5162/5162/2793 5168/5168/2799
f 5167/5167/2798 5164/5164/2795 5169/5169/2800
f 5166/5166/2797 5170/5170/2801 5168/5168/2799
f 5170/5170/2801 5169/5169/2800 5168/5168/2799
f 5170/5170/2801 5166/5166/2797 5171/5171/2802
f 5167/5167/2798 5169/5169/2800 5172/5172/2803
f 5169/5169/2800 5170/5170/2801 5172/5172/2803
f 5167/5167/2798 5172/5172/2803 5173/5173/2804
f 5171/5171/2802 5174/5174/2805 5170/5170/2801
f 5174/5174/2805 5172/5172/2803 5170/5170/2801
f 5174/5174/2805 5171/5171/2802 5175/5175/2806
f 5176/5176/2807 5174/5174/2805 5175/5175/2806
f 5172/5172/2803 5177/5177/2808 5173/5173/2804
f 5172/5172/2803 5174/5174/2805 5177/5177/2808
f 5173/5173/2804 5177/5177/2808 5178/5178/2809
f 5177/5177/2808 5179/5179/2810 5178/5178/2809
f 5174/5174/2805 5176/5176/2807 5180/5180/2811
f 5179/5179/2810 5177/5177/2808 5181/5181/2812
f 5181/5181/2812 5177/5177/2808 5174/5174/2805
f 5174/5174/2805 5180/5180/2811 5181/5181/2812
f 5182/5182/2813 5180/5180/2811 5176/5176/2807
f 5181/5181/2812 5183/5183/2814 5179/5179/2810
f 5180/5180/2811 5182/5182/2813 5184/5184/2815
f 5184/5184/2815 5181/5181/2812 5180/5180/2811
f 5182/5182/2813 5185/5185/2816 5186/5186/2817
f 5182/5182/2813 5186/5186/2817 5184/5184/2815
f 5181/5181/2812 5184/5184/2815 5187/5187/2818
f 5186/5186/2817 5187/5187/2818 5184/5184/2815
f 5183/5183/2814 5181/5181/2812 5187/5187/2818
f 5187/5187/2818 5186/5186/2817 5188/5188/2819
f 5188/5188/2819 5183/5183/2814 5187/5187/2818
f 5183/5183/2814 5188/5188/2819 5189/5189/2820
f 5190/5190/2821 5191/5191/2822 5192/5192/2823
f 5191/5191/2822 5190/5190/2821 5193/5193/2824
f 5193/5193/2824 5194/5194/2825 5191/5191/2822
f 5195/5195/2826 5193/5193/2824 5190/5190/2821
f 5194/5194/2825 5196/5196/2827 5197/5197/2828
f 5194/5194/2825 5193/5193/2824 5198/5198/2829
f 5194/5194/2825 5198/5198/2829 5196/5196/2827
f 5193/5193/2824 5195/5195/2826 5199/5199/2830
f 5199/5199/2830 5198/5198/2829 5193/5193/2824
f 5200/5200/2831 5196/5196/2827 5198/5198/2829
f 5198/5198/2829 5199/5199/2830 5200/5200/2831
f 5196/5196/2827 5200/5200/2831 5201/5201/2832
f 5202/5202/2833 5199/5199/2830 5195/5195/2826
f 5195/5195/2826 5203/5203/2834 5202/5202/2833
f 5204/5204/2835 5202/5202/2833 5203/5203/2834
f 5199/5199/2830 5205/5205/2836 5200/5200/2831
f 5205/5205/2836 5201/5201/2832 5200/5200/2831
f 5205/5205/2836 5199/5199/2830 5202/5202/2833
f 5201/5201/2832 5205/5205/2836 5206/5206/2837
f 5205/5205/2836 5207/5207/2838 5206/5206/2837
f 5202/5202/2833 5204/5204/2835 5208/5208/2839
f 5208/5208/2839 5205/5205/2836 5202/5202/2833
f 5207/5207/2838 5205/5205/2836 5209/5209/2840
f 5209/5209/2840 5205/5205/2836 5208/5208/2839
f 5209/5209/2840 5210/5210/2841 5207/5207/2838
f 5208/5208/2839 5204/5204/2835 5211/5211/2842
f 5211/5211/2842 5209/5209/2840 5208/5208/2839
f 5211/5211/2842 5204/5204/2835 5212/5212/2843
f 5210/5210/2841 5209/5209/2840 5213/5213/2844
f 5213/5213/2844 5209/5209/2840 5211/5211/2842
f 5213/5213/2844 5214/5214/2845 5210/5210/2841
f 5211/5211/2842 5214/5214/2845 5213/5213/2844
f 5215/5215/2846 5210/5210/2841 5214/5214/2845
f 5212/5212/2843 5216/5216/2847 5211/5211/2842
f 5214/5214/2845 5211/5211/2842 5216/5216/2847
f 5216/5216/2847 5212/5212/2843 5217/5217/2848
f 5218/5218/2849 5215/5215/2846 5214/5214/2845
f 5219/5219/2850 5216/5216/2847 5217/5217/2848
f 5218/5218/2849 5214/5214/2845 5220/5220/2851
f 5216/5216/2847 5221/5221/2852 5214/5214/2845
f 5220/5220/2851 5214/5214/2845 5221/5221/2852
f 5216/5216/2847 5219/5219/2850 5221/5221/2852
f 5222/5222/2853 5218/5218/2849 5220/5220/2851
f 5221/5221/2852 5222/5222/2853 5220/5220/2851
f 5218/5218/2849 5222/5222/2853 5223/5223/2854
f 5219/5219/2850 5224/5224/2855 5221/5221/2852
f 5222/5222/2853 5221/5221/2852 5224/5224/2855
f 5224/5224/2855 5219/5219/2850 5225/5225/2856
f 5226/5226/2857 5223/5223/2854 5222/5222/2853
f 5224/5224/2855 5226/5226/2857 5222/5222/2853
f 5223/5223/2854 5226/5226/2857 5227/5227/2858
f 5226/5226/2857 5228/5228/2859 5227/5227/2858
f 5225/5225/2856 5229/5229/2860 5224/5224/2855
f 5226/5226/2857 5224/5224/2855 5229/5229/2860
f 5229/5229/2860 5225/5225/2856 5230/5230/2861
f 5231/5231/2862 5229/5229/2860 5230/5230/2861
f 5228/5228/2859 5226/5226/2857 5232/5232/2863
f 5229/5229/2860 5231/5231/2862 5233/5233/2864
f 5229/5229/2860 5233/5233/2864 5226/5226/2857
f 5226/5226/2857 5233/5233/2864 5232/5232/2863
f 5232/5232/2863 5234/5234/2865 5228/5228/2859
f 5235/5235/2866 5233/5233/2864 5231/5231/2862
f 5234/5234/2865 5232/5232/2863 5236/5236/2867
f 5233/5233/2864 5236/5236/2867 5232/5232/2863
f 5234/5234/2865 5237/5237/2868 5238/5238/2869
f 5237/5237/2868 5234/5234/2865 5236/5236/2867
f 5236/5236/2867 5233/5233/2864 5239/5239/2870
f 5239/5239/2870 5237/5237/2868 5236/5236/2867
f 5233/5233/2864 5235/5235/2866 5239/5239/2870
f 5237/5237/2868 5239/5239/2870 5240/5240/2871
f 5235/5235/2866 5240/5240/2871 5239/5239/2870
f 5240/5240/2871 5235/5235/2866 5241/5241/2872
f 5242/5242/2873 5243/5243/2874 5244/5244/2875
f 5243/5243/2874 5242/5242/2873 5245/5245/2876
f 5245/5245/2876 5246/5246/2877 5243/5243/2874
f 5247/5247/2878 5245/5245/2876 5242/5242/2873
f 5246/5246/2877 5248/5248/2879 5249/5249/2880
f 5246/5246/2877 5245/5245/2876 5250/5250/2881
f 5246/5246/2877 5250/5250/2881 5248/5248/2879
f 5245/5245/2876 5247/5247/2878 5251/5251/2882
f 5251/5251/2882 5250/5250/2881 5245/5245/2876
f 5252/5252/2883 5248/5248/2879 5250/5250/2881
f 5250/5250/2881 5251/5251/2882 5252/5252/2883
f 5248/5248/2879 5252/5252/2883 5253/5253/2884
f 5254/5254/2885 5251/5251/2882 5247/5247/2878
f 5247/5247/2878 5255/5255/2886 5254/5254/2885
f 5256/5256/2887 5254/5254/2885 5255/5255/2886
f 5251/5251/2882 5257/5257/2888 5252/5252/2883
f 5257/5257/2888 5253/5253/2884 5252/5252/2883
f 5257/5257/2888 5251/5251/2882 5254/5254/2885
f 5253/5253/2884 5257/5257/2888 5258/5258/2889
f 5257/5257/2888 5259/5259/2890 5258/5258/2889
f 5254/5254/2885 5256/5256/2887 5260/5260/2891
f 5260/5260/2891 5257/5257/2888 5254/5254/2885
f 5259/5259/2890 5257/5257/2888 5261/5261/2892
f 5261/5261/2892 5257/5257/2888 5260/5260/2891
f 5261/5261/2892 5262/5262/2893 5259/5259/2890
f 5260/5260/2891 5256/5256/2887 5263/5263/2894
f 5263/5263/2894 5261/5261/2892 5260/5260/2891
f 5263/5263/2894 5256/5256/2887 5264/5264/2895
f 5262/5262/2893 5261/5261/2892 5265/5265/2896
f 5265/5265/2896 5261/5261/2892 5263/5263/2894
f 5265/5265/2896 5266/5266/2897 5262/5262/2893
f 5263/5263/2894 5266/5266/2897 5265/5265/2896
f 5267/5267/2898 5262/5262/2893 5266/5266/2897
f 5264/5264/2895 5268/5268/2899 5263/5263/2894
f 5266/5266/2897 5263/5263/2894 5268/5268/2899
f 5268/5268/2899 5264/5264/2895 5269/5269/2900
f 5270/5270/2901 5267/5267/2898 5266/5266/2897
f 5271/5271/2902 5268/5268/2899 5269/5269/2900
f 5270/5270/2901 5266/5266/2897 5272/5272/2903
f 5268/5268/2899 5273/5273/2904 5266/5266/2897
f 5272/5272/2903 5266/5266/2897 5273/5273/2904
f 5268/5268/2899 5271/5271/2902 5273/5273/2904
f 5274/5274/2905 5270/5270/2901 5272/5272/2903
f 5273/5273/2904 5274/5274/2905 5272/5272/2903
f 5270/5270/2901 5274/5274/2905 5275/5275/2906
f 5271/5271/2902 5276/5276/2907 5273/5273/2904
f 5274/5274/2905 5273/5273/2904 5276/5276/2907
f 5276/5276/2907 5271/5271/2902 5277/5277/2908
f 5278/5278/2909 5275/5275/2906 5274/5274/2905
f 5276/5276/2907 5278/5278/2909 5274/5274/2905
f 5275/5275/2906 5278/5278/2909 5279/5279/2910
f 5278/5278/2909 5280/5280/2911 5279/5279/2910
f 5277/5277/2908 5281/5281/2912 5276/5276/2907
f 5278/5278/2909 5276/5276/2907 5281/5281/2912
f 5281/5281/2912 5277/5277/2908 5282/5282/2913
f 5283/5283/2914 5281/5281/2912 5282/5282/2913
f 5280/5280/2911 5278/5278/2909 5284/5284/2915
f 5281/5281/2912 5283/5283/2914 5285/5285/2916
f 5281/5281/2912 5285/5285/2916 5278/5278/2909
f 5278/5278/2909 5285/5285/2916 5284/5284/2915
f 5284/5284/2915 5286/5286/2917 5280/5280/2911
f 5287/5287/2918 5285/5285/2916 5283/5283/2914
f 5286/5286/2917 5284/5284/2915 5288/5288/2919
f 5285/5285/2916 5288/5288/2919 5284/5284/2915
f 5286/5286/2917 5289/5289/2920 5290/5290/2921
f 5289/5289/2920 5286/5286/2917 5288/5288/2919
f 5288/5288/2919 5285/5285/2916 5291/5291/2922
f 5291/5291/2922 5289/5289/2920 5288/5288/2919
f 5285/5285/2916 5287/5287/2918 5291/5291/2922
f 5289/5289/2920 5291/5291/2922 5292/5292/2923
f 5287/5287/2918 5292/5292/2923 5291/5291/2922
f 5292/5292/2923 5287/5287/2918 5293/5293/2924
f 5294/5294/1748 5295/5295/2714 5296/5296/1748
f 5294/5294/1748 5296/5296/1748 5297/5297/1748
f 5298/5298/2925 5294/5294/1748 5297/5297/1748
f 5296/5296/1748 5299/5299/1748 5297/5297/1748
f 5300/5300/2715 5301/5301/2715 5302/5302/2715
f 5300/5300/2715 5303/5303/2715 5301/5301/2715
f 5304/5304/2715 5303/5303/2715 5300/5300/2715
f 5301/5301/2715 5303/5303/2715 5305/5305/1750
f 5306/5306/2926 5307/5307/2927 5308/5308/2928
f 5307/5307/2927 5306/5306/2926 5309/5309/2929
f 5307/5307/2927 5309/5309/2929 5310/5310/2930
f 5306/5306/2926 5311/5311/2931 5309/5309/2929
f 5309/5309/2929 5311/5311/2931 5310/5310/2930
f 5311/5311/2931 5306/5306/2926 5312/5312/2932
f 5311/5311/2931 5313/5313/2933 5310/5310/2930
f 5314/5314/2934 5311/5311/2931 5312/5312/2932
f 5311/5311/2931 5314/5314/2934 5313/5313/2933
f 5315/5315/2935 5316/5316/2936 5317/5317/2937
f 5316/5316/2936 5315/5315/2935 5318/5318/2938
f 5315/5315/2935 5319/5319/2939 5318/5318/2938
f 5320/5320/2940 5316/5316/2936 5318/5318/2938
f 5318/5318/2938 5319/5319/2939 5320/5320/2940
f 5316/5316/2936 5320/5320/2940 5321/5321/2941
f 5320/5320/2940 5319/5319/2939 5322/5322/2942
f 5320/5320/2940 5323/5323/2943 5321/5321/2941
f 5323/5323/2943 5320/5320/2940 5322/5322/2942
f 5324/5324/1786 5325/5325/1786 5326/5326/1786
f 5327/5327/1786 5325/5325/1786 5324/5324/1786
f 5326/5326/1786 5325/5325/1786 5328/5328/1786
f 5328/5328/1786 5325/5325/1786 5327/5327/1786
f 5329/5329/1786 5330/5330/1786 5331/5331/1786
f 5332/5332/1786 5329/5329/1786 5331/5331/1786
f 5330/5330/1786 5333/5333/1786 5331/5331/1786
f 5333/5333/1786 5332/5332/1786 5331/5331/1786
f 5334/5334/1786 5335/5335/1786 5336/5336/1786
f 5337/5337/1786 5334/5334/1786 5336/5336/1786
f 5335/5335/1786 5338/5338/1786 5336/5336/1786
f 5339/5339/1786 5337/5337/1786 5336/5336/1786
f 5338/5338/1786 5340/5340/1786 5336/5336/1786
f 5340/5340/1786 5339/5339/1786 5336/5336/1786
f 5341/5341/1786 5342/5342/1786 5343/5343/1786
f 5343/5343/1786 5342/5342/1786 5344/5344/1786
f 5345/5345/1786 5342/5342/1786 5341/5341/1786
f 5344/5344/1786 5342/5342/1786 5346/5346/1786
f 5347/5347/1786 5342/5342/1786 5345/5345/1786
f 5346/5346/1786 5342/5342/1786 5347/5347/1786
f 5348/5348/2944 5349/5349/2945 5350/5350/2717
f 5349/5349/2945 5348/5348/2944 5351/5351/2946
f 5352/5352/2722 5348/5348/2944 5350/5350/2717
f 5353/5353/2947 5351/5351/2946 5348/5348/2944
f 5348/5348/2944 5352/5352/2722 5354/5354/2948
f 5354/5354/2948 5353/5353/2947 5348/5348/2944
f 5355/5355/2949 5354/5354/2948 5352/5352/2722
f 5354/5354/2948 5355/5355/2949 5356/5356/2950
f 5353/5353/2947 5357/5357/2951 5351/5351/2946
f 5356/5356/2950 5358/5358/2952 5354/5354/2948
f 5354/5354/2948 5358/5358/2952 5353/5353/2947
f 5356/5356/2950 5359/5359/2953 5358/5358/2952
f 5357/5357/2951 5353/5353/2947 5360/5360/2729
f 5361/5361/2732 5353/5353/2947 5358/5358/2952
f 5353/5353/2947 5361/5361/2732 5360/5360/2729
f 5361/5361/2732 5358/5358/2952 5359/5359/2953
f 5362/5362/2954 5357/5357/2951 5360/5360/2729
f 5361/5361/2732 5362/5362/2954 5360/5360/2729
f 5363/5363/2955 5357/5357/2951 5362/5362/2954
f 5359/5359/2953 5364/5364/2956 5361/5361/2732
f 5362/5362/2954 5361/5361/2732 5364/5364/2956
f 5364/5364/2956 5359/5359/2953 5365/5365/2957
f 5366/5366/2958 5363/5363/2955 5362/5362/2954
f 5364/5364/2956 5366/5366/2958 5362/5362/2954
f 5366/5366/2958 5367/5367/2959 5363/5363/2955
f 5365/5365/2957 5368/5368/2960 5364/5364/2956
f 5366/5366/2958 5364/5364/2956 5368/5368/2960
f 5369/5369/2961 5368/5368/2960 5365/5365/2957
f 5367/5367/2959 5366/5366/2958 5370/5370/2743
f 5371/5371/2741 5366/5366/2958 5368/5368/2960
f 5366/5366/2958 5371/5371/2741 5370/5370/2743
f 5368/5368/2960 5369/5369/2961 5371/5371/2741
f 5372/5372/2962 5367/5367/2959 5370/5370/2743
f 5372/5372/2962 5370/5370/2743 5371/5371/2741
f 5373/5373/2963 5367/5367/2959 5372/5372/2962
f 5369/5369/2961 5374/5374/2964 5371/5371/2741
f 5372/5372/2962 5371/5371/2741 5374/5374/2964
f 5374/5374/2964 5369/5369/2961 5375/5375/2965
f 5376/5376/2966 5373/5373/2963 5372/5372/2962
f 5375/5375/2965 5377/5377/2967 5374/5374/2964
f 5377/5377/2967 5372/5372/2962 5374/5374/2964
f 5372/5372/2962 5377/5377/2967 5376/5376/2966
f 5375/5375/2965 5378/5378/2968 5377/5377/2967
f 5376/5376/2966 5379/5379/2969 5373/5373/2963
f 5377/5377/2967 5378/5378/2968 5380/5380/2753
f 5380/5380/2753 5376/5376/2966 5377/5377/2967
f 5379/5379/2969 5376/5376/2966 5381/5381/2756
f 5376/5376/2966 5380/5380/2753 5381/5381/2756
f 5381/5381/2756 5382/5382/2970 5379/5379/2969
f 5382/5382/2970 5381/5381/2756 5380/5380/2753
f 5379/5379/2969 5382/5382/2970 5383/5383/2971
f 5384/5384/2972 5380/5380/2753 5378/5378/2968
f 5380/5380/2753 5384/5384/2972 5382/5382/2970
f 5378/5378/2968 5385/5385/2973 5384/5384/2972
f 5386/5386/2974 5383/5383/2971 5382/5382/2970
f 5387/5387/2975 5383/5383/2971 5386/5386/2974
f 5386/5386/2974 5388/5388/2767 5387/5387/2975
f 5386/5386/2974 5389/5389/2765 5388/5388/2767
f 5390/5390/2976 5382/5382/2970 5384/5384/2972
f 5382/5382/2970 5390/5390/2976 5386/5386/2974
f 5385/5385/2973 5390/5390/2976 5384/5384/2972
f 5389/5389/2765 5386/5386/2974 5390/5390/2976
f 5391/5391/2977 5390/5390/2976 5385/5385/2973
f 5390/5390/2976 5391/5391/2977 5389/5389/2765
f 5392/5392/2978 5393/5393/2979 5394/5394/2769
f 5393/5393/2979 5392/5392/2978 5395/5395/2980
f 5396/5396/2774 5392/5392/2978 5394/5394/2769
f 5397/5397/2981 5395/5395/2980 5392/5392/2978
f 5392/5392/2978 5396/5396/2774 5398/5398/2982
f 5398/5398/2982 5397/5397/2981 5392/5392/2978
f 5399/5399/2983 5398/5398/2982 5396/5396/2774
f 5398/5398/2982 5399/5399/2983 5400/5400/2984
f 5397/5397/2981 5401/5401/2985 5395/5395/2980
f 5400/5400/2984 5402/5402/2986 5398/5398/2982
f 5398/5398/2982 5402/5402/2986 5397/5397/2981
f 5400/5400/2984 5403/5403/2987 5402/5402/2986
f 5401/5401/2985 5397/5397/2981 5404/5404/2781
f 5405/5405/2784 5397/5397/2981 5402/5402/2986
f 5397/5397/2981 5405/5405/2784 5404/5404/2781
f 5405/5405/2784 5402/5402/2986 5403/5403/2987
f 5406/5406/2988 5401/5401/2985 5404/5404/2781
f 5405/5405/2784 5406/5406/2988 5404/5404/2781
f 5407/5407/2989 5401/5401/2985 5406/5406/2988
f 5403/5403/2987 5408/5408/2990 5405/5405/2784
f 5406/5406/2988 5405/5405/2784 5408/5408/2990
f 5408/5408/2990 5403/5403/2987 5409/5409/2991
f 5410/5410/2992 5407/5407/2989 5406/5406/2988
f 5408/5408/2990 5410/5410/2992 5406/5406/2988
f 5410/5410/2992 5411/5411/2993 5407/5407/2989
f 5409/5409/2991 5412/5412/2994 5408/5408/2990
f 5410/5410/2992 5408/5408/2990 5412/5412/2994
f 5413/5413/2995 5412/5412/2994 5409/5409/2991
f 5411/5411/2993 5410/5410/2992 5414/5414/2795
f 5415/5415/2793 5410/5410/2992 5412/5412/2994
f 5410/5410/2992 5415/5415/2793 5414/5414/2795
f 5412/5412/2994 5413/5413/2995 5415/5415/2793
f 5416/5416/2996 5411/5411/2993 5414/5414/2795
f 5416/5416/2996 5414/5414/2795 5415/5415/2793
f 5417/5417/2997 5411/5411/2993 5416/5416/2996
f 5413/5413/2995 5418/5418/2998 5415/5415/2793
f 5416/5416/2996 5415/5415/2793 5418/5418/2998
f 5418/5418/2998 5413/5413/2995 5419/5419/2999
f 5420/5420/3000 5417/5417/2997 5416/5416/2996
f 5419/5419/2999 5421/5421/3001 5418/5418/2998
f 5421/5421/3001 5416/5416/2996 5418/5418/2998
f 5416/5416/2996 5421/5421/3001 5420/5420/3000
f 5419/5419/2999 5422/5422/3002 5421/5421/3001
f 5420/5420/3000 5423/5423/3003 5417/5417/2997
f 5421/5421/3001 5422/5422/3002 5424/5424/2805
f 5424/5424/2805 5420/5420/3000 5421/5421/3001
f 5423/5423/3003 5420/5420/3000 5425/5425/2808
f 5420/5420/3000 5424/5424/2805 5425/5425/2808
f 5425/5425/2808 5426/5426/3004 5423/5423/3003
f 5426/5426/3004 5425/5425/2808 5424/5424/2805
f 5423/5423/3003 5426/5426/3004 5427/5427/3005
f 5428/5428/3006 5424/5424/2805 5422/5422/3002
f 5424/5424/2805 5428/5428/3006 5426/5426/3004
f 5422/5422/3002 5429/5429/3007 5428/5428/3006
f 5430/5430/3008 5427/5427/3005 5426/5426/3004
f 5431/5431/3009 5427/5427/3005 5430/5430/3008
f 5430/5430/3008 5432/5432/2819 5431/5431/3009
f 5430/5430/3008 5433/5433/2817 5432/5432/2819
f 5434/5434/3010 5426/5426/3004 5428/5428/3006
f 5426/5426/3004 5434/5434/3010 5430/5430/3008
f 5429/5429/3007 5434/5434/3010 5428/5428/3006
f 5433/5433/2817 5430/5430/3008 5434/5434/3010
f 5435/5435/3011 5434/5434/3010 5429/5429/3007
f 5434/5434/3010 5435/5435/3011 5433/5433/2817
f 5436/5436/3012 5437/5437/3013 5438/5438/2822
f 5436/5436/3012 5439/5439/3014 5437/5437/3013
f 5437/5437/3013 5440/5440/2825 5438/5438/2822
f 5441/5441/3015 5437/5437/3013 5439/5439/3014
f 5440/5440/2825 5437/5437/3013 5442/5442/3016
f 5441/5441/3015 5442/5442/3016 5437/5437/3013
f 5442/5442/3016 5443/5443/3017 5440/5440/2825
f 5443/5443/3017 5442/5442/3016 5444/5444/3018
f 5445/5445/3019 5441/5441/3015 5439/5439/3014
f 5444/5444/3018 5442/5442/3016 5446/5446/3020
f 5442/5442/3016 5441/5441/3015 5446/5446/3020
f 5447/5447/3021 5444/5444/3018 5446/5446/3020
f 5441/5441/3015 5445/5445/3019 5448/5448/2833
f 5441/5441/3015 5449/5449/2836 5446/5446/3020
f 5449/5449/2836 5441/5441/3015 5448/5448/2833
f 5446/5446/3020 5449/5449/2836 5447/5447/3021
f 5450/5450/3022 5448/5448/2833 5445/5445/3019
f 5450/5450/3022 5449/5449/2836 5448/5448/2833
f 5445/5445/3019 5451/5451/3023 5450/5450/3022
f 5452/5452/3024 5447/5447/3021 5449/5449/2836
f 5452/5452/3024 5449/5449/2836 5450/5450/3022
f 5453/5453/3025 5447/5447/3021 5452/5452/3024
f 5454/5454/3026 5450/5450/3022 5451/5451/3023
f 5454/5454/3026 5452/5452/3024 5450/5450/3022
f 5455/5455/3027 5454/5454/3026 5451/5451/3023
f 5453/5453/3025 5452/5452/3024 5456/5456/3028
f 5456/5456/3028 5452/5452/3024 5454/5454/3026
f 5456/5456/3028 5457/5457/3029 5453/5453/3025
f 5454/5454/3026 5455/5455/3027 5458/5458/2847
f 5454/5454/3026 5459/5459/2845 5456/5456/3028
f 5459/5459/2845 5454/5454/3026 5458/5458/2847
f 5457/5457/3029 5456/5456/3028 5459/5459/2845
f 5460/5460/3030 5458/5458/2847 5455/5455/3027
f 5458/5458/2847 5460/5460/3030 5459/5459/2845
f 5460/5460/3030 5455/5455/3027 5461/5461/3031
f 5462/5462/3032 5457/5457/3029 5459/5459/2845
f 5462/5462/3032 5459/5459/2845 5460/5460/3030
f 5457/5457/3029 5462/5462/3032 5463/5463/3033
f 5464/5464/3034 5460/5460/3030 5461/5461/3031
f 5463/5463/3033 5462/5462/3032 5465/5465/3035
f 5460/5460/3030 5465/5465/3035 5462/5462/3032
f 5465/5465/3035 5460/5460/3030 5464/5464/3034
f 5465/5465/3035 5466/5466/3036 5463/5463/3033
f 5467/5467/3037 5464/5464/3034 5461/5461/3031
f 5466/5466/3036 5465/5465/3035 5468/5468/2857
f 5464/5464/3034 5468/5468/2857 5465/5465/3035
f 5464/5464/3034 5467/5467/3037 5469/5469/2860
f 5468/5468/2857 5464/5464/3034 5469/5469/2860
f 5467/5467/3037 5470/5470/3038 5469/5469/2860
f 5469/5469/2860 5470/5470/3038 5468/5468/2857
f 5467/5467/3037 5471/5471/3039 5470/5470/3038
f 5468/5468/2857 5472/5472/3040 5466/5466/3036
f 5468/5468/2857 5470/5470/3038 5472/5472/3040
f 5473/5473/3041 5466/5466/3036 5472/5472/3040
f 5474/5474/3042 5470/5470/3038 5471/5471/3039
f 5471/5471/3039 5475/5475/3043 5474/5474/3042
f 5476/5476/2871 5474/5474/3042 5475/5475/3043
f 5477/5477/2868 5474/5474/3042 5476/5476/2871
f 5470/5470/3038 5478/5478/3044 5472/5472/3040
f 5478/5478/3044 5470/5470/3038 5474/5474/3042
f 5473/5473/3041 5472/5472/3040 5478/5478/3044
f 5474/5474/3042 5477/5477/2868 5478/5478/3044
f 5478/5478/3044 5479/5479/3045 5473/5473/3041
f 5479/5479/3045 5478/5478/3044 5477/5477/2868
f 5480/5480/3046 5481/5481/3047 5482/5482/2874
f 5480/5480/3046 5483/5483/3048 5481/5481/3047
f 5481/5481/3047 5484/5484/2877 5482/5482/2874
f 5485/5485/3049 5481/5481/3047 5483/5483/3048
f 5484/5484/2877 5481/5481/3047 5486/5486/3050
f 5485/5485/3049 5486/5486/3050 5481/5481/3047
f 5486/5486/3050 5487/5487/3051 5484/5484/2877
f 5487/5487/3051 5486/5486/3050 5488/5488/3052
f 5489/5489/3053 5485/5485/3049 5483/5483/3048
f 5488/5488/3052 5486/5486/3050 5490/5490/3054
f 5486/5486/3050 5485/5485/3049 5490/5490/3054
f 5491/5491/3055 5488/5488/3052 5490/5490/3054
f 5485/5485/3049 5489/5489/3053 5492/5492/2885
f 5485/5485/3049 5493/5493/2888 5490/5490/3054
f 5493/5493/2888 5485/5485/3049 5492/5492/2885
f 5490/5490/3054 5493/5493/2888 5491/5491/3055
f 5494/5494/3056 5492/5492/2885 5489/5489/3053
f 5494/5494/3056 5493/5493/2888 5492/5492/2885
f 5489/5489/3053 5495/5495/3057 5494/5494/3056
f 5496/5496/3058 5491/5491/3055 5493/5493/2888
f 5496/5496/3058 5493/5493/2888 5494/5494/3056
f 5497/5497/3059 5491/5491/3055 5496/5496/3058
f 5498/5498/3060 5494/5494/3056 5495/5495/3057
f 5498/5498/3060 5496/5496/3058 5494/5494/3056
f 5499/5499/3061 5498/5498/3060 5495/5495/3057
f 5497/5497/3059 5496/5496/3058 5500/5500/3062
f 5500/5500/3062 5496/5496/3058 5498/5498/3060
f 5500/5500/3062 5501/5501/3063 5497/5497/3059
f 5498/5498/3060 5499/5499/3061 5502/5502/2899
f 5498/5498/3060 5503/5503/2897 5500/5500/3062
f 5503/5503/2897 5498/5498/3060 5502/5502/2899
f 5501/5501/3063 5500/5500/3062 5503/5503/2897
f 5504/5504/3064 5502/5502/2899 5499/5499/3061
f 5502/5502/2899 5504/5504/3064 5503/5503/2897
f 5504/5504/3064 5499/5499/3061 5505/5505/3065
f 5506/5506/3066 5501/5501/3063 5503/5503/2897
f 5506/5506/3066 5503/5503/2897 5504/5504/3064
f 5501/5501/3063 5506/5506/3066 5507/5507/3067
f 5508/5508/3068 5504/5504/3064 5505/5505/3065
f 5507/5507/3067 5506/5506/3066 5509/5509/3069
f 5504/5504/3064 5509/5509/3069 5506/5506/3066
f 5509/5509/3069 5504/5504/3064 5508/5508/3068
f 5509/5509/3069 5510/5510/3070 5507/5507/3067
f 5511/5511/3071 5508/5508/3068 5505/5505/3065
f 5510/5510/3070 5509/5509/3069 5512/5512/2909
f 5508/5508/3068 5512/5512/2909 5509/5509/3069
f 5508/5508/3068 5511/5511/3071 5513/5513/2912
f 5512/5512/2909 5508/5508/3068 5513/5513/2912
f 5511/5511/3071 5514/5514/3072 5513/5513/2912
f 5513/5513/2912 5514/5514/3072 5512/5512/2909
f 5511/5511/3071 5515/5515/3073 5514/5514/3072
f 5512/5512/2909 5516/5516/3074 5510/5510/3070
f 5512/5512/2909 5514/5514/3072 5516/5516/3074
f 5517/5517/3075 5510/5510/3070 5516/5516/3074
f 5518/5518/3076 5514/5514/3072 5515/5515/3073
f 5515/5515/3073 5519/5519/3077 5518/5518/3076
f 5520/5520/2923 5518/5518/3076 5519/5519/3077
f 5521/5521/2920 5518/5518/3076 5520/5520/2923
f 5514/5514/3072 5522/5522/3078 5516/5516/3074
f 5522/5522/3078 5514/5514/3072 5518/5518/3076
f 5517/5517/3075 5516/5516/3074 5522/5522/3078
f 5518/5518/3076 5521/5521/2920 5522/5522/3078
f 5522/5522/3078 5523/5523/3079 5517/5517/3075
f 5523/5523/3079 5522/5522/3078 5521/5521/2920
f 5524/5524/1786 5525/5525/1786 5526/5526/1786
f 5526/5526/1786 5525/5525/1786 5527/5527/1786
f 5528/5528/1786 5525/5525/1786 5524/5524/1786
f 5529/5529/1786 5527/5527/1786 5525/5525/1786
f 5528/5528/1786 5530/5530/1786 5525/5525/1786
f 5530/5530/1786 5529/5529/1786 5525/5525/1786
f 5531/5531/1786 5532/5532/1786 5533/5533/1786
f 5533/5533/1786 5532/5532/1786 5534/5534/1786
f 5535/5535/1786 5532/5532/1786 5531/5531/1786
f 5536/5536/1786 5534/5534/1786 5532/5532/1786
f 5535/5535/1786 5537/5537/1786 5532/5532/1786
f 5537/5537/1786 5536/5536/1786 5532/5532/1786
f 5538/5538/1786 5539/5539/1786 5540/5540/1786
f 5540/5540/1786 5539/5539/1786 5541/5541/1786
f 5542/5542/1786 5539/5539/1786 5538/5538/1786
f 5543/5543/1786 5541/5541/1786 5539/5539/1786
f 5542/5542/1786 5544/5544/1786 5539/5539/1786
f 5544/5544/1786 5543/5543/1786 5539/5539/1786
f 5545/5545/1786 5546/5546/1786 5547/5547/1786
f 5547/5547/1786 5546/5546/1786 5548/5548/1786
f 5549/5549/1786 5546/5546/1786 5545/5545/1786
f 5550/5550/1786 5548/5548/1786 5546/5546/1786
f 5549/5549/1786 5551/5551/1786 5546/5546/1786
f 5551/5551/1786 5550/5550/1786 5546/5546/1786
